cooling_capacity,evap_temp,cond_temp,refrigerant,application,cop,pressure_ratio,safety_factor,mass_flow,displacement_required,heat_rejection,compressor_model,compressor_type,compressor_displacement,compressor_capacity,compressor_power,condenser_model,condenser_type,condenser_capacity,evaporator_count,evaporator_capacity_each
799.4266463310125,-34.534567784766274,47.4139198679073,R410A,hvac,1.328988438831212,12.96280675852316,1.1110775454028803,5.806980288583143,2446.0071250372744,1401.6079375147078,COPELAND-ZP91K5E,screw,91,80.0,27.0,GUNTNER-GACV-240,air_cooled,250.0,4,199.9495482323971
282.9027243447022,-16.402499414709833,46.857544832898384,R717,cold_storage,2.3411602652862937,8.418903988032742,1.1709294729599755,0.2699605595167648,535.3336638364347,402.54126149617036,BITZER-CSH8561-90,screw,856,300.0,82.5,BAC-VXC-438,evaporative,425.0,3,94.0205928206501
626.208176058931,-25.721557330656662,31.074730694872233,R717,blast_freezing,2.5759056300060172,8.22521766819049,1.1100543854641787,0.5491776433327854,1611.3346735166588,845.4120512753902,BITZER-CSH9563-160,screw,1417,500.0,135.0,BAC-VXC-584,evaporative,565.0,4,152.24826155098708
305.75631640656803,6.27240424413224,49.08604578147835,R717,blast_freezing,4.10073082573808,3.679371145525053,1.105571519762728,0.2877058196714506,247.12848551696524,379.7818141816948,BITZER-CSH8561-90,screw,856,300.0,82.5,BAC-VXC-438,evaporative,425.0,3,101.77515377542346
259.75811844460804,-22.718448044213133,29.784355740743436,R717,hvac,2.876402294798978,6.892330376750282,1.1625593070912281,0.23505750563661768,605.7429305974096,354.6281004337289,BITZER-CSH8561-90,screw,856,300.0,82.5,BAC-VXC-438,evaporative,425.0,2,131.57213884332896
546.5840743543043,7.19127237656857,47.62991812719348,R410A,hvac,3.8797568063768852,2.9067140988920817,1.1632275013372388,3.4645545054835365,337.08588982728344,672.885784741005,COPELAND-ZP91K5E,screw,91,80.0,27.0,GUNTNER-GACV-240,air_cooled,250.0,4,133.74812039052745
525.2729324290667,8.026201179043476,48.19309148500875,R410A,ice_making,3.9094776287117816,2.871963982528268,1.1560631045194187,3.4753149262687564,329.56100543566237,670.2809284271025,COPELAND-ZP91K5E,screw,91,80.0,27.0,GUNTNER-GACV-240,air_cooled,250.0,4,133.43824398510958
620.3427243572374,-19.33478947960331,37.07069750926998,R717,cold_storage,2.6729182221953924,7.317420645272358,1.1066672623599736,0.5439532836844012,1216.0222295856827,813.9891676082568,BITZER-CSH9563-160,screw,1417,500.0,135.0,BAC-VXC-584,evaporative,565.0,2,296.18498795070974
148.01031692166825,-18.888894077606675,45.70151289751018,R717,ice_making,2.2564577229042513,9.095980535936828,1.1470790294232223,0.14079415153616853,309.003930216389,212.77144955022786,BITZER-N320VLD,screw,320,150.0,42.5,BAC-VXC-292,evaporative,250.0,3,49.14437930252641
133.3522841939887,-6.159628026681716,48.40358996878134,R717,hvac,2.932373256468519,5.753824435436449,1.1298329526997326,0.12390327845236267,165.2899013721919,174.53393930646274,BITZER-N320VLD,screw,320,150.0,42.5,BAC-VXC-292,evaporative,250.0,3,43.383356783039595
524.8648169521431,4.46319734313515,49.09373640068118,R717,hvac,3.8806875283165363,3.926389600032009,1.1288083468999366,0.5039694208412876,460.3786477873479,671.4043609313003,BITZER-CSH9563-160,screw,1417,500.0,135.0,BAC-VXC-584,evaporative,565.0,4,133.46022024596468
354.646822290745,-16.565883183235545,46.845655546154774,R717,ice_making,2.332460404499889,8.475631046748699,1.1336673798954982,0.34178610907982726,682.2522136109717,510.1302107376528,BITZER-CSH9563-160,screw,1417,500.0,135.0,BAC-VXC-584,evaporative,565.0,4,89.26276483871115
288.3849976848966,-39.05130174459548,32.370211257914356,R717,process_cooling,1.7998232492955137,16.601844918912455,1.174439387873911,0.2757718874486873,1506.1713669326784,464.2560880227003,BITZER-CSH8561-90,screw,856,300.0,82.5,BAC-VXC-584,evaporative,565.0,4,74.60996877753688
790.6361561485543,-20.66424061060754,31.668394772138896,R410A,blast_freezing,2.744603447897806,5.047944781540788,1.1136810096040948,4.47749184968468,1103.9178704896851,1054.7830445292602,COPELAND-ZP91K5E,screw,91,80.0,27.0,GUNTNER-GACV-240,air_cooled,250.0,2,386.55110228352265
191.35098549750953,-9.204925169679289,49.47083800065967,R717,blast_freezing,2.6481712537705775,6.680450731022925,1.1016900620466148,0.1744296910258014,260.9015685155002,250.2106899615311,BITZER-S6H-25.2,screw,418,190.0,55.0,BAC-VXC-292,evaporative,250.0,4,45.4063632468868
457.16984773060665,-21.76837559186101,43.44954920572926,R717,hvac,2.2016590814913237,9.732684006221978,1.1112626225740174,0.42382330697463777,1049.0108549233612,649.767038580664,BITZER-CSH9563-160,screw,1417,500.0,135.0,BAC-VXC-584,evaporative,565.0,2,223.41002975846024
529.2417372472086,-12.852253117501377,44.69583350785289,R410A,hvac,2.3797113146214657,5.2219847795809375,1.1398553812526278,3.457886015484443,645.9034373832068,750.2581911143074,COPELAND-ZP91K5E,screw,91,80.0,27.0,GUNTNER-GACV-240,air_cooled,250.0,2,264.13467602367086
169.5684439335375,-34.93083708285873,43.278849222774895,R410A,ice_making,1.453074931923656,11.961555999534907,1.1710776246745493,1.1841347312795907,506.93775688355055,290.46222467057294,COPELAND-ZP91K5E,screw,91,80.0,27.0,GUNTNER-GACV-240,air_cooled,250.0,3,57.351608226742606
562.6917911095106,-30.883370451536486,49.21126518324603,R410A,process_cooling,1.3791260951795419,11.582555244873527,1.1714786565696451,4.091896104739339,1488.069254251902,960.4208747349222,COPELAND-ZP91K5E,screw,91,80.0,27.0,GUNTNER-GACV-240,air_cooled,250.0,3,185.57815457053866
801.5760642144634,-2.3267792909825005,25.79315907414006,R410A,hvac,6.16796241890514,2.2785727789798247,1.1556276855310512,4.1414365627736665,544.1291966981906,914.4130009898186,COPELAND-ZP91K5E,screw,91,80.0,27.0,GUNTNER-GACV-240,air_cooled,250.0,4,196.71088852907772
299.2968046063196,-11.063723127206284,49.40677586583442,R717,process_cooling,2.531562758668901,7.19363244484421,1.1256003492893296,0.28034296363331557,450.27852427547333,406.4065681868707,BITZER-CSH8561-90,screw,856,300.0,82.5,BAC-VXC-438,evaporative,425.0,3,97.10939162129854
243.52717718642495,-13.745424217769045,31.0514674980105,R717,cold_storage,3.616826131988338,4.833924401279624,1.1027553544288449,0.22304202738622922,397.7836726473755,320.52894853700406,BITZER-CSH8561-90,screw,856,300.0,82.5,BAC-VXC-438,evaporative,425.0,2,125.5513467460929
389.68663785003235,-27.439074319763204,34.49712215631852,R717,process_cooling,2.2925313535776595,9.854718734891538,1.1348859802784241,0.3448215052280696,1091.414887657498,539.7215169932095,BITZER-CSH9563-160,screw,1417,500.0,135.0,BAC-VXC-584,evaporative,565.0,3,125.26618246302105
785.3965428618876,-31.454809837904715,30.40612105093755,R717,hvac,2.2520550134766433,10.621443428630485,1.1578899427773275,0.7188040849675895,2729.180765883497,1145.463930411386,BITZER-CSH9563-160,screw,1417,500.0,135.0,BAC-VXC-584,evaporative,565.0,3,264.4120693478904
501.60362596621724,-4.654246795208962,47.194268373475936,R717,cold_storage,3.1396799195378855,5.254785353855,1.1253005480063822,0.45640148164068,575.950318227712,636.8493351852596,BITZER-CSH9563-160,screw,1417,500.0,135.0,BAC-VXC-584,evaporative,565.0,2,241.50454966520908
142.31516776888955,4.464982810587472,40.38023077405913,R717,ice_making,5.0040077802006735,3.1063946209022246,1.1721582522854275,0.12816922805432923,117.07608663282872,169.5431545753309,BITZER-N320VLD,screw,320,150.0,42.5,BAC-VXC-292,evaporative,250.0,2,70.65241215813057
117.24157611975414,-23.678675354642934,29.984575632418277,R410A,hvac,2.6424880544153924,5.4273026231758665,1.1118272945969094,0.6710608798362411,184.94994762693926,161.11039020175156,COPELAND-ZP91K5E,screw,91,80.0,27.0,GUNTNER-GACV-180,air_cooled,185.0,2,58.439763588827994
149.31596757652338,-18.790796573512615,32.36703777042452,R410A,process_cooling,2.837037403428733,4.78951211164996,1.1879630707868032,0.8836636044939192,203.54545106575765,205.91529122622183,COPELAND-ZP91K5E,screw,91,80.0,27.0,GUNTNER-GACV-240,air_cooled,250.0,4,38.06252856857004
399.61524057343416,-15.14882742647152,45.459492546918284,R410A,blast_freezing,2.1978303436177105,5.771733136643693,1.1629811063945232,2.6562285904247096,537.4928015446459,581.1966588057778,COPELAND-ZP91K5E,screw,91,80.0,27.0,GUNTNER-GACV-240,air_cooled,250.0,2,199.72473756807798
406.43175436705974,-24.523886913214646,35.57156105900735,R410A,hvac,2.2397474834893343,6.462631572358151,1.140042291290021,2.4113028578021156,685.9842691572566,572.5400695381494,COPELAND-ZP91K5E,screw,91,80.0,27.0,GUNTNER-GACV-240,air_cooled,250.0,4,98.95409954634357
54.23688242321628,-0.33125357760471275,49.92445042390203,R717,ice_making,3.3104427207858365,4.785841372231042,1.1132768335403511,0.05253527059205342,56.72194674622763,71.8079181757988,BITZER-4NES-20Y,screw,134,50.0,15.0,BAC-VXC-116,evaporative,105.0,3,18.382953168866155
434.82948135909663,-12.01204839997974,43.63213406354893,R717,cold_storage,2.800454895748085,6.416699457108759,1.104365829475668,0.4016767824364031,669.3180649583699,581.4713343922474,BITZER-CSH9563-160,screw,1417,500.0,135.0,BAC-VXC-584,evaporative,565.0,2,214.23543888887653
524.2024379128869,-10.905194054766561,36.628005579907125,R717,cold_storage,3.408509241597721,5.049012715771448,1.1754438382714203,0.47878687628760414,764.323451489628,682.7423532600715,BITZER-CSH9563-160,screw,1417,500.0,135.0,BAC-VXC-584,evaporative,565.0,4,131.96828526289625
475.6000987481085,2.6124288853830606,48.7839104809519,R410A,hvac,3.2365753101473578,3.4363784956884023,1.1356774851968987,3.0601944157384824,343.3983400594021,603.9155090154245,COPELAND-ZP91K5E,screw,91,80.0,27.0,GUNTNER-GACV-240,air_cooled,250.0,4,115.34186712158382
381.5812946184814,-15.26806360184629,29.018787207225294,R717,cold_storage,3.6432774460490807,4.853165316649917,1.1702682677629148,0.33388527710450994,632.5990635042108,482.35687468579863,BITZER-CSH9563-160,screw,1417,500.0,135.0,BAC-VXC-584,evaporative,565.0,2,189.23701446968383
660.667232415547,-2.46718125453706,25.534274711232953,R717,blast_freezing,6.466600651991807,2.6066020831528176,1.1288997017911415,0.5569322912171802,649.0678030373467,750.097077253902,BITZER-CSH9563-160,screw,1417,500.0,135.0,BAC-VXC-584,evaporative,565.0,2,324.81837953482085
106.02215838776479,8.348108873215985,44.063611149485794,R717,process_cooling,5.099827966828356,2.992831822657756,1.1466037825301847,0.09594985685796945,76.87159010718133,124.9102652179573,BITZER-6FE-35Y,screw,232,100.0,30.0,BAC-VXC-116,evaporative,105.0,4,26.108148761189938
94.70114503300161,-14.940657983205224,26.332924940606663,R410A,ice_making,3.7925338563558415,3.5578621907518113,1.1020433622210895,0.5211629418724447,104.69071034395168,121.28404042679404,COPELAND-ZP91K5E,screw,91,80.0,27.0,GUNTNER-GACV-120,air_cooled,125.0,2,47.98858425843265
268.75909995545675,-9.424035070446479,35.49487862646062,R410A,cold_storage,3.4067237792565916,3.7060169330220996,1.1864014156706355,1.6117319971994866,267.7705951053821,356.049656344734,COPELAND-ZP91K5E,screw,91,80.0,27.0,GUNTNER-GACV-240,air_cooled,250.0,4,68.81318705380531
345.5983954592899,-4.315074412342923,44.948888545684866,R410A,cold_storage,2.9798949342220324,3.9242211356780516,1.1801110167097228,2.2847075161306383,320.2556272758552,474.92363413813086,COPELAND-ZP91K5E,screw,91,80.0,27.0,GUNTNER-GACV-240,air_cooled,250.0,4,88.89823443210906
106.65766738281988,-25.027921471532608,47.13969976165734,R717,ice_making,1.9012897040687913,12.472686182182535,1.1456960466394532,0.10096086993988011,287.39151823137644,158.8742946652645,BITZER-6FE-35Y,screw,232,100.0,30.0,BAC-VXC-292,evaporative,250.0,3,34.704802748543045
225.95763020985348,-31.531055561230513,34.01719196094581,R717,blast_freezing,2.0911931166095035,11.850082490741457,1.117089081712186,0.21166115103149216,806.4769844633165,339.78222993907497,BITZER-CSH8561-90,screw,856,300.0,82.5,BAC-VXC-438,evaporative,425.0,3,76.62092850997827
658.1842420251804,-35.371354791039835,40.704203703328275,R410A,process_cooling,1.5276604458351721,11.460941718565937,1.1329590167689254,4.353747516950234,1897.9215601175658,1079.0530192372105,COPELAND-ZP91K5E,screw,91,80.0,27.0,GUNTNER-GACV-240,air_cooled,250.0,2,326.07754320083205
83.99126468499084,-5.092251759580542,44.96192831641393,R410A,cold_storage,2.9136707193477993,4.027703643595359,1.181085850049824,0.5654585413866771,81.31037723984723,117.97581861578776,COPELAND-ZP91K5E,screw,91,80.0,27.0,GUNTNER-GACV-120,air_cooled,125.0,3,29.277091588430093
647.2556687884031,-33.55732368360775,30.760663274908275,R717,process_cooling,2.1209471670919067,11.919376200298464,1.1407733571212908,0.5773239677139022,2417.736205817307,933.2966742563315,BITZER-CSH9563-160,screw,1417,500.0,135.0,BAC-VXC-584,evaporative,565.0,3,211.41796932593104
736.2571012632179,-4.164653718879634,27.54572899424997,R410A,process_cooling,5.331595129727953,2.5340896326948337,1.11495205894728,4.0265586033769285,561.6448176094106,891.3333348079836,COPELAND-ZP91K5E,screw,91,80.0,27.0,GUNTNER-GACV-240,air_cooled,250.0,2,375.27892809458643
341.5705341864354,-37.73339032025481,42.5463224537575,R717,blast_freezing,1.5501028103163552,20.640970511430556,1.1665908000472698,0.33375534390607475,1708.1536256364175,568.0831271263773,BITZER-CSH9563-160,screw,1417,500.0,135.0,BAC-VXC-584,evaporative,565.0,3,115.10480391738385
106.46834052712227,-17.377559579862478,34.18360237882653,R410A,ice_making,2.807990930428039,4.7589081067086765,1.1385823307198917,0.6268584592146174,137.2574334570773,144.32115019511832,COPELAND-ZP91K5E,screw,91,80.0,27.0,GUNTNER-GACV-180,air_cooled,185.0,4,26.605399554567903
297.53332238347554,-11.69302148511581,35.52529982383281,R717,hvac,3.425150242846955,5.053973337701485,1.1357822966189484,0.2639224683658396,434.3579415300365,377.41470802897186,BITZER-CSH8561-90,screw,856,300.0,82.5,BAC-VXC-438,evaporative,425.0,2,146.06307220291978
658.9601359855969,-19.201050051126167,31.14695241884979,R410A,blast_freezing,2.8997866768597436,4.714381584345807,1.1664462218561098,3.774112776192926,882.3086714239623,884.1983556694715,COPELAND-ZP91K5E,screw,91,80.0,27.0,GUNTNER-GACV-240,air_cooled,250.0,4,164.36710671160645
396.6341621965462,-18.975796465089452,31.206626603690857,R717,ice_making,3.0890746003824594,6.080492740332073,1.194065241375684,0.3571482116586575,786.6557243349685,528.5207430236126,BITZER-CSH9563-160,screw,1417,500.0,135.0,BAC-VXC-584,evaporative,565.0,3,133.08960768261213
750.9821152906196,-29.762812137889505,44.99945352314606,R717,cold_storage,1.7752019974048014,14.753604084904861,1.1985664315519937,0.7351304924236555,2583.044333770533,1189.2890156366216,BITZER-CSH9563-160,screw,1417,500.0,135.0,BAC-VXC-584,evaporative,565.0,3,253.58253057183003
100.04928165932095,-25.48040949775758,38.12024048967446,R717,hvac,2.2366904205345417,9.961941741143635,1.1423403082173798,0.09330871526562827,270.9027405265427,145.16472664806,BITZER-6FE-35Y,screw,232,100.0,30.0,BAC-VXC-116,evaporative,105.0,2,50.15749288738102
305.7396427343287,-5.116774540855019,42.90019688561618,R410A,cold_storage,3.097119978199592,3.8383736968183597,1.113597582272931,1.9491787688556765,280.50932338874725,410.3641002401463,COPELAND-ZP91K5E,screw,91,80.0,27.0,GUNTNER-GACV-240,air_cooled,250.0,2,155.10246953375193
721.2557696249453,-32.81383475772618,28.437940714309217,R410A,process_cooling,2.1627133956638978,7.551936613671394,1.138251463040525,4.074481510412942,1600.5188817945836,1027.5220777234463,COPELAND-ZP91K5E,screw,91,80.0,27.0,GUNTNER-GACV-240,air_cooled,250.0,3,234.21194438922802
192.26157061504446,-32.3834088792845,30.14080579665448,R410A,cold_storage,2.0989550342528034,7.750393053252108,1.1726114383458395,1.1714050831190266,452.25260274823364,293.6326501851252,COPELAND-ZP91K5E,screw,91,80.0,27.0,GUNTNER-GACV-240,air_cooled,250.0,3,66.29350028368124
234.32114265271014,-13.856312883131508,25.680599222484837,R717,ice_making,4.184945142973312,4.131959335544615,1.176530983688629,0.21019593751687127,376.5186790446677,299.8550442859041,BITZER-CSH8561-90,screw,856,300.0,82.5,BAC-VXC-438,evaporative,425.0,2,121.01158995683524
569.2037286633017,1.0758005989948458,31.57994169391544,R717,hvac,5.952980762280992,2.7357818900153057,1.1887617698375552,0.4825952140497494,495.80582103364947,643.4520718410225,BITZER-CSH9563-160,screw,1417,500.0,135.0,BAC-VXC-584,evaporative,565.0,4,137.7271826314832
426.3212793075901,1.9252305375312488,45.8337470739947,R717,blast_freezing,3.924396834224767,3.9517104991673335,1.1474761903116484,0.40536324751955044,404.25902189927245,545.6612935011025,BITZER-CSH9563-160,screw,1417,500.0,135.0,BAC-VXC-584,evaporative,565.0,3,144.95118386154127
23.04707434060742,-6.514374177925447,29.826446308593315,R717,hvac,4.747734437531569,3.4725405328950583,1.1333722337713528,0.02001591987829276,27.056151545574846,27.64844917291999,BITZER-4CC-9.2Y,reciprocating,48,25.0,8.0,BAC-VXC-116,evaporative,105.0,3,7.612709303655522
542.4864062316722,-32.154502577180864,39.769390645598364,R717,process_cooling,1.847650190677371,14.385137853940424,1.138008647761577,0.5194042605177518,2037.0426865434006,846.1512087954334,BITZER-CSH9563-160,screw,1417,500.0,135.0,BAC-VXC-584,evaporative,565.0,4,137.25276434856684
494.7263216898128,-30.48399392747993,47.59588465082861,R717,hvac,1.6684908235252647,16.37385897384992,1.1524261244874165,0.4704409251142649,1708.2539312924766,768.0715934543422,BITZER-CSH9563-160,screw,1417,500.0,135.0,BAC-VXC-584,evaporative,565.0,3,160.08054617628636
89.61989426367187,-38.321531707130625,45.21506287238136,R410A,blast_freezing,1.2881562500537493,14.531672429379798,1.1065636469862765,0.6560358367118166,323.43324446654015,163.13572001303123,COPELAND-ZP91K5E,screw,91,80.0,27.0,GUNTNER-GACV-180,air_cooled,185.0,3,30.613337315705365
225.84140949011842,-7.765497478302763,36.16959330472412,R410A,blast_freezing,3.5112115992928437,3.561169085709552,1.133236281298839,1.355010668834921,212.9104049353791,296.3848409452041,COPELAND-ZP91K5E,screw,91,80.0,27.0,GUNTNER-GACV-240,air_cooled,250.0,4,57.671307833603706
282.32265066157186,-1.501040328532028,28.910379534312437,R717,ice_making,5.918597712732076,2.783520930463153,1.1931065429248386,0.24512706441037552,275.9309680815619,329.93608607735393,BITZER-CSH8561-90,screw,856,300.0,82.5,BAC-VXC-438,evaporative,425.0,2,141.12389861977377
744.2519512241123,-19.10348601558911,41.63619824091943,R410A,ice_making,2.2003804939804175,6.09306068818432,1.199377542333811,4.710560520740393,1097.3548107841439,1067.1276565113974,COPELAND-ZP91K5E,screw,91,80.0,27.0,GUNTNER-GACV-240,air_cooled,250.0,4,183.4224777640675
343.7817297110993,4.569835872116755,48.479190266336715,R410A,blast_freezing,3.4687042721798145,3.2112321909859305,1.1111246322795878,2.2941395029772056,242.10979058633512,449.18853599087856,COPELAND-ZP91K5E,screw,91,80.0,27.0,GUNTNER-GACV-240,air_cooled,250.0,4,87.16744826379625
475.73804487607504,0.9791096808140054,37.569015837052135,R410A,blast_freezing,4.469756894948239,2.7682181980602834,1.1310126584717726,2.7875866455486116,329.4030926834707,583.163763878172,COPELAND-ZP91K5E,screw,91,80.0,27.0,GUNTNER-GACV-240,air_cooled,250.0,2,238.2738670603287
762.9835960193982,-33.74810211493039,48.21308940152533,R410A,blast_freezing,1.3263965080470852,12.768606874258099,1.1236198918563864,5.560271633913499,2268.2472792850185,1332.0364386848871,COPELAND-ZP91K5E,screw,91,80.0,27.0,GUNTNER-GACV-240,air_cooled,250.0,2,379.73072834997356
63.7264288214624,-34.509234966359685,35.13004816413146,R717,cold_storage,1.905053980864464,14.20427131791636,1.1801999064592568,0.06050658202212379,265.0596576113615,99.2800942246162,BITZER-6FE-35Y,screw,232,100.0,30.0,BAC-VXC-116,evaporative,105.0,4,16.276284362444372
399.4834332208982,-22.847241284583717,44.19000571749906,R410A,cold_storage,1.8799899678035368,7.4652900959281006,1.1101347169262268,2.6852794457030256,717.5029183359867,614.4671438016503,COPELAND-ZP91K5E,screw,91,80.0,27.0,GUNTNER-GACV-240,air_cooled,250.0,4,100.27743835970881
652.6194500876654,-14.162094607461004,32.11723449406993,R410A,process_cooling,3.2655102217282304,4.019309925328734,1.1383358374537778,3.890707793481787,760.5680676162241,887.8939939933755,COPELAND-ZP91K5E,screw,91,80.0,27.0,GUNTNER-GACV-240,air_cooled,250.0,2,339.86871001117055
656.628949040956,-4.5532396150756895,38.28100152510836,R410A,cold_storage,3.6327280802375665,3.3689818010839216,1.1084243688667785,3.8583929142709352,545.08261964697,825.2914673604498,COPELAND-ZP91K5E,screw,91,80.0,27.0,GUNTNER-GACV-240,air_cooled,250.0,4,161.78693395852355
677.2948012141014,-0.7689087131251355,38.57877900687265,R410A,blast_freezing,4.06593950002845,3.000208411445388,1.1873443710344909,4.05580754052573,506.7828479460666,851.7607287344181,COPELAND-ZP91K5E,screw,91,80.0,27.0,GUNTNER-GACV-240,air_cooled,250.0,2,341.81296396402274
475.72787485218873,-8.80007707038477,37.009638185800505,R717,blast_freezing,3.591433361454787,4.685665880373813,1.138577838924453,0.4318411388294631,636.0687485279891,609.1469164516044,BITZER-CSH9563-160,screw,1417,500.0,135.0,BAC-VXC-584,evaporative,565.0,2,238.2383000630583
621.2019192587835,-32.46262913438813,43.215341963594156,R410A,blast_freezing,1.5386847156998478,10.75006876335204,1.1967016695697148,4.215451286830884,1632.6723189635618,1019.860543179022,COPELAND-ZP91K5E,screw,91,80.0,27.0,GUNTNER-GACV-240,air_cooled,250.0,4,154.533154533755
21.10587716467048,-12.473146319506665,25.982719006216197,R717,cold_storage,4.345833190737771,3.9361244211040933,1.1314818668227593,0.018477790559275387,31.348237222483988,26.1801138096949,BITZER-4CC-9.2Y,reciprocating,48,25.0,8.0,BAC-VXC-116,evaporative,105.0,3,7.094273456978963
483.2374277502962,6.433867599437129,42.01487471945402,R717,cold_storage,5.090765746799088,3.0282594589043743,1.121542236644942,0.44024105705865463,376.09313400083283,577.5713397617837,BITZER-CSH9563-160,screw,1417,500.0,135.0,BAC-VXC-584,evaporative,565.0,2,241.3719813750322
671.2947927230522,8.511794379471418,40.95907563960498,R717,hvac,5.693107528587421,2.7341826512844696,1.1704042744134167,0.6114414711898206,487.2025747903646,793.5226855133474,BITZER-CSH9563-160,screw,1417,500.0,135.0,BAC-VXC-584,evaporative,565.0,3,224.98816659304376
557.7819296476129,0.29123988473494933,36.01015978033563,R410A,cold_storage,4.610705986796208,2.722279365842939,1.1241744819847679,3.1471226518897963,380.1248964188333,664.344660569292,COPELAND-ZP91K5E,screw,91,80.0,27.0,GUNTNER-GACV-240,air_cooled,250.0,4,136.4845133122009
441.6063784177916,7.339667033972638,47.46964026867623,R717,blast_freezing,4.440660733257529,3.3957612203325525,1.1752587891632376,0.4154302304144539,344.24032395987365,544.8346787050838,BITZER-CSH9563-160,screw,1417,500.0,135.0,BAC-VXC-584,evaporative,565.0,3,148.23113603667312
743.3273320222396,-15.5534935373602,45.560172355974075,R717,blast_freezing,2.4549624598752073,7.842711340387337,1.1605190314624991,0.6904650823569181,1323.2294880359054,1022.6691175047656,BITZER-CSH9563-160,screw,1417,500.0,135.0,BAC-VXC-584,evaporative,565.0,3,242.2230170376043
412.99092869710705,7.404581807661472,32.743579509430774,R410A,ice_making,7.032471269200994,2.0122830775977887,1.1305543792521688,2.3140475875049713,223.67238416275163,479.5425717811316,COPELAND-ZP91K5E,screw,91,80.0,27.0,GUNTNER-GACV-240,air_cooled,250.0,2,209.92103459742717
469.11054159502896,2.9351941867443543,40.56374420743453,R410A,blast_freezing,4.30530357423955,2.8007002407928105,1.1166463422191089,2.851524584957522,316.7469672154839,584.1266703385089,COPELAND-ZP91K5E,screw,91,80.0,27.0,GUNTNER-GACV-240,air_cooled,250.0,3,158.00808922780016
73.8658699031631,-32.53639773794911,41.86002902623316,R410A,cold_storage,1.586186267951869,10.439420468300298,1.1297915357093247,0.4868751177445099,189.1295196063288,118.34988723278204,COPELAND-ZP91K5E,screw,91,80.0,27.0,GUNTNER-GACV-120,air_cooled,125.0,4,18.14689145447361
535.1981860643788,-26.74868174916704,32.64871041378333,R410A,cold_storage,2.2767507588530713,6.557557526212139,1.1877023144965262,3.2410967788473886,1003.3216767614226,784.5593539657926,COPELAND-ZP91K5E,screw,91,80.0,27.0,GUNTNER-GACV-240,air_cooled,250.0,2,272.56362109337175
647.5405283816211,9.245834331351176,42.49621437206838,R410A,cold_storage,5.032555411872732,2.4213041464094363,1.1529353774550102,3.882255185650238,354.65953661206834,766.1660348875228,COPELAND-ZP91K5E,screw,91,80.0,27.0,GUNTNER-GACV-240,air_cooled,250.0,3,213.05360454032962
201.8896411491944,6.456090063214802,28.665312861002782,R410A,cold_storage,8.190978193407618,1.8649827759127704,1.1769289069942077,1.0702159367493131,106.51719597233277,225.8806672187294,COPELAND-ZP91K5E,screw,91,80.0,27.0,GUNTNER-GACV-240,air_cooled,250.0,4,50.326080112670994
58.159897581108346,-32.98648596222864,38.43627188450045,R717,hvac,1.8571247371497361,14.446985940069652,1.1438610296980414,0.054999254659211884,224.23613941141608,89.88173107302813,BITZER-4NES-20Y,screw,134,50.0,15.0,BAC-VXC-116,evaporative,105.0,3,19.47430856193342
42.55898855811547,-23.049979999128066,44.53970907594069,R410A,ice_making,1.8544577601202108,7.5865834137381,1.1191611955821088,0.2810466046354718,75.66346963812099,64.29700331794024,COPELAND-ZP61K5E,screw,61,55.0,18.5,GUNTNER-GACV-060,air_cooled,65.0,4,10.442970852580402
465.69690843798554,-15.635258644219906,40.258514860647665,R410A,ice_making,2.495950958400368,5.187789225461223,1.1126153066298543,2.9554865450978203,608.3697006454727,661.3276238469388,COPELAND-ZP91K5E,screw,91,80.0,27.0,GUNTNER-GACV-240,air_cooled,250.0,4,118.03950743295638
772.5332339194067,-7.365960842103483,42.26491301391327,R717,hvac,3.279401119355263,5.120584965487336,1.1126312154980105,0.7288550408558228,1017.0570328980168,1026.6279282572032,BITZER-CSH9563-160,screw,1417,500.0,135.0,BAC-VXC-584,evaporative,565.0,2,393.3640108963751
149.90495753348398,-27.05412774894897,34.86833420328849,R717,process_cooling,2.2973113651300783,9.780277291502175,1.189406647564158,0.1328285755756572,413.2981470922044,207.54006811439407,BITZER-S6H-25.2,screw,418,190.0,55.0,BAC-VXC-292,evaporative,250.0,4,36.14946424541401
282.98614669161134,-30.392934965176657,47.70435128454106,R410A,process_cooling,1.4469867599844528,10.959858434789822,1.17228364796635,2.0991830010224786,748.7327505324267,494.1523395350131,COPELAND-ZP91K5E,screw,91,80.0,27.0,GUNTNER-GACV-240,air_cooled,250.0,4,73.05228459093183
707.0636432799915,-30.29214436184853,31.005364886760205,R717,hvac,2.291267168260573,10.211779497819835,1.1809272929452153,0.6552141404030145,2358.4274524465773,1037.5831166691573,BITZER-CSH9563-160,screw,1417,500.0,135.0,BAC-VXC-584,evaporative,565.0,4,180.58243284621892
259.84233094535665,-29.398349332968536,30.577196063831174,R717,hvac,2.3652237294176213,9.654671354287313,1.1595236741875747,0.23358357143202596,807.2893615836825,367.51799047388135,BITZER-CSH8561-90,screw,856,300.0,82.5,BAC-VXC-438,evaporative,425.0,3,86.10247460002074
636.7621918178941,-28.507720920921052,36.795823128873806,R717,cold_storage,2.132128712581352,11.074854770511209,1.199289511262699,0.5972204670978453,1982.7862641859658,944.9368205581741,BITZER-CSH9563-160,screw,1417,500.0,135.0,BAC-VXC-584,evaporative,565.0,4,160.81131329265946
480.55278051918555,-35.32560771379286,28.372890197736677,R410A,cold_storage,2.0341910687217855,8.394861830560624,1.1363330160467402,2.8015866831638307,1218.9931738726223,715.8982457848655,COPELAND-ZP91K5E,screw,91,80.0,27.0,GUNTNER-GACV-240,air_cooled,250.0,4,119.98863821574129
193.65022399902637,-5.466254309611315,36.37608554563559,R717,cold_storage,4.047787669514515,4.031851674964018,1.1410375169923686,0.1718339133969086,223.42144463222994,237.98572324052918,BITZER-S6H-25.2,screw,418,190.0,55.0,BAC-VXC-292,evaporative,250.0,2,95.4195916234089
645.1154283233201,-31.125878083998707,38.4244388603212,R410A,ice_making,1.7777698217282838,9.053406295143597,1.1291390556863379,4.027051242989674,1478.6416234338644,981.4700174379366,COPELAND-ZP91K5E,screw,91,80.0,27.0,GUNTNER-GACV-240,air_cooled,250.0,4,157.03494978992646
257.55946787084963,-36.44158324756978,44.80335812183034,R717,process_cooling,1.5350739055709846,20.51333641914843,1.1513180411099542,0.24417768653108332,1173.5062035552612,413.5311219572498,BITZER-CSH8561-90,screw,856,300.0,82.5,BAC-VXC-438,evaporative,425.0,3,83.46907665598384
410.87390179443304,-37.51395186110594,43.72599505794146,R717,cold_storage,1.5268104114672967,21.069510610615957,1.1780422381298052,0.39734672572745255,2011.886954085444,676.7642269510445,BITZER-CSH9563-160,screw,1417,500.0,135.0,BAC-VXC-584,evaporative,565.0,3,136.31027521602468
743.9462831870612,-35.10783264716967,49.95161600127372,R410A,blast_freezing,1.234034769996652,14.09140880657522,1.1593387731950833,5.632163942138973,2428.755811240908,1351.4076744033352,COPELAND-ZP91K5E,screw,91,80.0,27.0,GUNTNER-GACV-240,air_cooled,250.0,2,373.24487538225054
605.6930581855894,-34.47584981961346,40.07861650449065,R410A,blast_freezing,1.5819851653838197,10.860693919563714,1.1444984899987984,3.969821309355718,1668.1546311314844,980.7487140245833,COPELAND-ZP91K5E,screw,91,80.0,27.0,GUNTNER-GACV-240,air_cooled,250.0,4,150.2264553411473
180.0935751760313,-32.75300109325531,31.694898623981388,R717,blast_freezing,2.124079942491216,11.76775409239871,1.1112416863169643,0.16646008060240097,671.2985306967073,268.17218740477534,BITZER-S6H-25.2,screw,418,190.0,55.0,BAC-VXC-292,evaporative,250.0,3,60.77727148324837
235.46252481598313,1.6678823423450524,27.25353212517582,R410A,blast_freezing,6.922402306332653,2.084124702260804,1.188469522695077,1.2586615969170445,145.51825405955972,272.1674907019011,COPELAND-ZP91K5E,screw,91,80.0,27.0,GUNTNER-GACV-240,air_cooled,250.0,4,59.45333222467198
160.1156084958042,-5.506496930752675,42.909093266369595,R410A,process_cooling,3.061529901801982,3.889273046278431,1.1353708233170243,1.0036561320160318,146.3040957866843,211.68487507547746,COPELAND-ZP91K5E,screw,91,80.0,27.0,GUNTNER-GACV-240,air_cooled,250.0,2,79.78269155611257
606.7414379314663,7.646112369363742,40.14577110689321,R410A,cold_storage,5.189152992596029,2.4000889445342795,1.1555512467637945,3.6320946988304965,348.4737545182792,729.7497931980914,COPELAND-ZP91K5E,screw,91,80.0,27.0,GUNTNER-GACV-240,air_cooled,250.0,3,203.9473106013197
560.5297324452429,-39.410177424925045,46.57613932265341,R717,process_cooling,1.3973991420965448,25.135844807213125,1.1238850305883084,0.5902965802340273,3282.038337449925,1024.858331659042,BITZER-CSH9563-160,screw,1417,500.0,135.0,BAC-VXC-584,evaporative,565.0,3,199.12358748606584
447.05378970381906,0.29232108838255755,47.68787549926134,R410A,cold_storage,3.12956051840976,3.60429064760712,1.1722042612702068,2.9399722599258946,355.0920078326432,590.0386527102728,COPELAND-ZP91K5E,screw,91,80.0,27.0,GUNTNER-GACV-240,air_cooled,250.0,3,149.05231550473758
503.9008425881609,-26.570010436436483,25.86839826184996,R410A,hvac,2.7187819777867595,5.461884544595856,1.1898487619894413,2.6963843123791142,829.0100935760771,662.9137054729977,COPELAND-ZP91K5E,screw,91,80.0,27.0,GUNTNER-GACV-240,air_cooled,250.0,4,121.16318232915599
664.2764812992082,-12.687885784255656,35.90309585363387,R410A,hvac,3.0558611162027383,4.195067185471903,1.1111997876821527,3.8685321155078474,718.5166334682905,866.4244365592779,COPELAND-ZP91K5E,screw,91,80.0,27.0,GUNTNER-GACV-240,air_cooled,250.0,4,163.20040738279903
621.2278417105242,-24.889450754995707,37.70729136367512,R410A,cold_storage,2.103749779403007,6.911996176642662,1.1874815995240933,3.836581611557736,1106.6001484324997,906.8514379368921,COPELAND-ZP91K5E,screw,91,80.0,27.0,GUNTNER-GACV-240,air_cooled,250.0,2,307.33606896590607
624.4619732085996,-35.88584228935078,33.963552347294005,R410A,process_cooling,1.7631062408105858,9.9251535122879,1.1183267144845717,3.826771482289397,1703.9917764664629,968.4595456100783,COPELAND-ZP91K5E,screw,91,80.0,27.0,GUNTNER-GACV-240,air_cooled,250.0,4,154.490718056574
368.180108952229,-16.34545260171747,40.079676714146174,R410A,process_cooling,2.461444310163394,5.300411610441647,1.183122500385984,2.300553762154084,485.5863983848333,516.9069436381692,COPELAND-ZP91K5E,screw,91,80.0,27.0,GUNTNER-GACV-240,air_cooled,250.0,4,91.89355232195419
272.51284447357835,-37.887400779821036,38.72515913049793,R410A,ice_making,1.5099917400534573,12.196959058570629,1.1941585411533526,1.732602716830137,838.6942953790428,438.0245170501646,COPELAND-ZP91K5E,screw,91,80.0,27.0,GUNTNER-GACV-240,air_cooled,250.0,4,65.87804574533845
397.90829664429504,-19.44521752830807,37.69927315096238,R410A,process_cooling,2.4171938099949712,5.607855480620393,1.15352203387771,2.4394583676349377,575.355022638127,561.0643395111824,COPELAND-ZP91K5E,screw,91,80.0,27.0,GUNTNER-GACV-240,air_cooled,250.0,3,132.2919061549456
395.3550917454986,-5.518723085026679,32.0270293745273,R410A,process_cooling,4.318408447871655,2.975505003624391,1.1949717835552924,2.260599633516892,329.6630945814211,496.40132578777707,COPELAND-ZP91K5E,screw,91,80.0,27.0,GUNTNER-GACV-240,air_cooled,250.0,3,134.35496100181922
307.27142474228503,-7.969450335914075,40.3595807338998,R717,ice_making,3.3788852557656455,4.977587783407133,1.1664140632378899,0.28333240038550295,404.4328812107285,399.506174275951,BITZER-CSH8561-90,screw,856,300.0,82.5,BAC-VXC-438,evaporative,425.0,2,154.13574951192967
713.4277924932719,-20.04092795477507,33.728047807432304,R717,cold_storage,2.8269622107732366,6.8608952408547035,1.1104957685990913,0.6684078850566498,1538.7028859173556,999.1902966329452,BITZER-CSH9563-160,screw,1417,500.0,135.0,BAC-VXC-584,evaporative,565.0,3,246.03267155351332
88.34267247288425,-0.512714443660883,31.720101323503926,R410A,process_cooling,5.242517804286114,2.507084592580358,1.1878804785140578,0.4924742002719158,61.032349248924895,105.9280005721239,COPELAND-ZP91K5E,screw,91,80.0,27.0,GUNTNER-GACV-120,air_cooled,125.0,3,29.65306875539332
304.05983975644875,-25.07144659365769,40.85544519942491,R717,process_cooling,2.139863983969479,10.54711169875557,1.1609253884016695,0.2751773720418164,784.7954085572784,428.9204851132978,BITZER-CSH8561-90,screw,856,300.0,82.5,BAC-VXC-438,evaporative,425.0,3,97.43856238854461
527.5188609528522,-17.811278611472645,25.512203771556194,R717,ice_making,3.6991200414189604,4.868605618633652,1.1896909383289587,0.47208439174962474,991.2659333700656,687.7763446135461,BITZER-CSH9563-160,screw,1417,500.0,135.0,BAC-VXC-584,evaporative,565.0,4,135.35338733364202
629.9823168650294,-3.1321872974450002,40.43911555124202,R717,hvac,3.8921164263478665,4.127645599152699,1.1254120575261233,0.6018481121256318,718.4860455844237,827.2539381736815,BITZER-CSH9563-160,screw,1417,500.0,135.0,BAC-VXC-584,evaporative,565.0,3,219.3848470289723
447.3917591459481,-0.0013548986727727197,42.967088500593206,R410A,process_cooling,3.605708020864249,3.2550438699059003,1.1137026705346358,2.712564515949868,330.7121156298002,557.3593842583249,COPELAND-ZP91K5E,screw,91,80.0,27.0,GUNTNER-GACV-240,air_cooled,250.0,4,109.08611625075892
784.3790213646352,3.0487184887964105,36.07004172195756,R410A,hvac,5.093104229673769,2.499690252586038,1.1658836507834263,4.428866056204839,490.20437526211674,923.4558867899684,COPELAND-ZP91K5E,screw,91,80.0,27.0,GUNTNER-GACV-240,air_cooled,250.0,3,257.2994489968948
317.90618401547187,-6.4358051724962735,27.530264812392396,R717,ice_making,5.1298435348167,3.2312590280242057,1.1056599854636093,0.2667998296287251,359.5888620460581,367.3040251129205,BITZER-CSH8561-90,screw,856,300.0,82.5,BAC-VXC-438,evaporative,425.0,4,76.84585127807873
559.4248632837216,6.609746409816459,43.683746847765335,R717,blast_freezing,4.85815449969507,3.1492322686724536,1.128982656081074,0.5127647730216234,435.45704321450893,673.0263589646904,BITZER-CSH9563-160,screw,1417,500.0,135.0,BAC-VXC-584,evaporative,565.0,4,139.5348157166175
226.70900272195288,-18.138054596385658,48.89890760428945,R410A,cold_storage,1.863910047496928,6.976280229108547,1.1300680489812243,1.6095417589373084,362.14600168019894,352.5077034876422,COPELAND-ZP91K5E,screw,91,80.0,27.0,GUNTNER-GACV-240,air_cooled,250.0,4,57.35538472349565
431.4666304183729,4.285195462414045,44.84005747775391,R717,cold_storage,4.343691549435357,3.5307292083955297,1.12859203132849,0.40714680342624127,374.2066450059064,541.0925975458571,BITZER-CSH9563-160,screw,1417,500.0,135.0,BAC-VXC-584,evaporative,565.0,4,109.95859892354356
355.5233329477465,-35.21275091168347,48.358245914110306,R717,ice_making,1.485432562956148,21.162327102139425,1.137916372200896,0.3496305214754109,1583.8504362206236,590.6993774470793,BITZER-CSH9563-160,screw,1417,500.0,135.0,BAC-VXC-584,evaporative,565.0,3,117.67825357720871
690.8486384988269,8.219594027596706,26.41707634160427,R410A,ice_making,10.274467299170142,1.667283596716334,1.1247680916240126,3.5923865233696772,338.6474228744508,758.3956584651543,COPELAND-ZP91K5E,screw,91,80.0,27.0,GUNTNER-GACV-240,air_cooled,250.0,2,345.5645036686733
118.58169240920662,7.2691594965032,48.51598141095428,R410A,cold_storage,3.771768837611624,2.9601997083092915,1.144445397219085,0.7835544690903652,76.05368661252413,151.40956513820072,COPELAND-ZP91K5E,screw,91,80.0,27.0,GUNTNER-GACV-180,air_cooled,185.0,3,39.893094778834815
158.68470660125033,-27.94677037086972,34.399075264506706,R717,hvac,2.2680337364479852,10.067472763064176,1.106689777498059,0.14568822926576952,471.6834806309129,228.72335646593658,BITZER-S6H-25.2,screw,418,190.0,55.0,BAC-VXC-292,evaporative,250.0,3,52.91176393446014
761.5306827405126,-39.12130696721812,45.045105823729315,R410A,hvac,1.27080345222617,15.001049563741907,1.1408809671925773,5.380579021821071,2744.2132190717784,1345.1182342536827,COPELAND-ZP91K5E,screw,91,80.0,27.0,GUNTNER-GACV-240,air_cooled,250.0,3,250.92159841283896
527.1469070068905,-35.196169102216174,26.291125487038602,R717,process_cooling,2.226742096440898,11.325126651504434,1.160815138996209,0.47590621306206915,2154.1791233016575,770.6604272150752,BITZER-CSH9563-160,screw,1417,500.0,135.0,BAC-VXC-584,evaporative,565.0,3,177.2749896594622
335.8932963351671,9.482752772625396,33.821307478794814,R410A,cold_storage,7.379680796145108,1.9432392660835078,1.1533183248702654,1.8391488504510012,166.80342468614194,376.2589200390257,COPELAND-ZP91K5E,screw,91,80.0,27.0,GUNTNER-GACV-240,air_cooled,250.0,2,165.67878861612746
603.5166711774951,5.219242735256984,34.04125870932583,R410A,cold_storage,6.024523145839989,2.2220376260399077,1.1559691212814664,3.402700711447457,351.9086433409912,708.2930901864642,COPELAND-ZP91K5E,screw,91,80.0,27.0,GUNTNER-GACV-240,air_cooled,250.0,2,303.7308033068359
687.2076985812837,-5.122908550216714,46.566007534527955,R410A,hvac,2.7758418013913753,4.186781039724424,1.1790486307975345,4.662109224856328,671.0667687729932,965.7910774773433,COPELAND-ZP91K5E,screw,91,80.0,27.0,GUNTNER-GACV-240,air_cooled,250.0,4,177.50235479175373
140.85888039842337,-28.015758719942394,36.35039296976634,R717,ice_making,2.17705170035635,10.681043477263161,1.122840096395882,0.13058241831520181,424.0824211060723,205.80311093741688,BITZER-N320VLD,screw,320,150.0,42.5,BAC-VXC-292,evaporative,250.0,2,70.51254667254481
46.24104337542164,-23.818885765300255,38.91134541237379,R410A,cold_storage,2.096396055516432,6.827055201092482,1.1247234374266226,0.2891552352814821,80.11270565521465,67.71839416100244,COPELAND-ZP61K5E,screw,61,55.0,18.5,GUNTNER-GACV-060,air_cooled,65.0,4,11.462081389113104
377.3547738681034,5.965158213347976,47.971887326313635,R410A,blast_freezing,3.6858431213918394,3.0409014271889157,1.1918548494643963,2.34198843602621,236.66448774532662,456.7105493928582,COPELAND-ZP91K5E,screw,91,80.0,27.0,GUNTNER-GACV-240,air_cooled,250.0,3,119.74817148429157
395.4821513984305,-19.93474340937076,42.213578613184524,R410A,ice_making,2.122996813398681,6.3736251824102865,1.149625564309209,2.6584274087774262,638.2347963362106,603.5326940000958,COPELAND-ZP91K5E,screw,91,80.0,27.0,GUNTNER-GACV-240,air_cooled,250.0,4,102.56958801934539
141.30294611566413,-21.225747408995762,37.04429652639038,R410A,process_cooling,2.347562404639943,5.901660386517007,1.1857247193721452,0.8887083105997516,223.66162920237875,206.64005660224467,COPELAND-ZP91K5E,screw,91,80.0,27.0,GUNTNER-GACV-240,air_cooled,250.0,2,72.45577072733852
109.94611643858158,7.77528499741117,40.654042917518005,R717,hvac,5.595212088098426,2.7821193980496157,1.1875195777514402,0.09793299148650933,79.97512252379157,127.51472256429531,BITZER-N320VLD,screw,320,150.0,42.5,BAC-VXC-116,evaporative,105.0,4,27.04507101408376
697.3112011306755,5.752195512163468,40.253835712164374,R410A,blast_freezing,4.812621143710289,2.548482011026755,1.1924926176005595,4.175422389220558,424.7336150383937,845.6583634653906,COPELAND-ZP91K5E,screw,91,80.0,27.0,GUNTNER-GACV-240,air_cooled,250.0,4,175.0429461918767
38.62586198006373,-9.225212085993004,48.86451811650386,R717,process_cooling,2.681716367915095,6.58094539960279,1.1819530438240518,0.03740811436515376,55.99602707513185,53.630828807202725,BITZER-4EC-6.2Y,reciprocating,103,50.0,15.0,BAC-VXC-116,evaporative,105.0,4,9.76600701037793
93.46491628859063,-9.588516753427871,37.26558119144272,R410A,process_cooling,3.2149152289810936,3.894337994633017,1.1238298220908969,0.5547289726719009,92.67582028732797,121.88929611036424,COPELAND-ZP91K5E,screw,91,80.0,27.0,GUNTNER-GACV-120,air_cooled,125.0,3,30.990244012548775
434.31096296838234,7.129534043001584,35.89836459639751,R410A,ice_making,6.039779556894692,2.1962852219768485,1.1430758425239995,2.3919358979886383,233.16803507885618,490.2992838295846,COPELAND-ZP91K5E,screw,91,80.0,27.0,GUNTNER-GACV-240,air_cooled,250.0,3,140.2174394477909
288.3367733399239,-19.898281531506964,44.64593717128955,R410A,blast_freezing,1.995671229427794,6.744450791862858,1.133270022837664,1.9444057615534607,466.1944524126675,437.3654117523621,COPELAND-ZP91K5E,screw,91,80.0,27.0,GUNTNER-GACV-240,air_cooled,250.0,4,72.8415688950412
453.9229416987753,-21.954185360120167,30.1009464542108,R410A,hvac,2.7620111509088816,5.093168059685398,1.1866274784940913,2.5881851334104256,669.0662182098415,616.0664229646167,COPELAND-ZP91K5E,screw,91,80.0,27.0,GUNTNER-GACV-240,air_cooled,250.0,3,150.76885400492284
516.2421334993368,-7.03688677746031,37.2803660617445,R717,blast_freezing,3.760587680539932,4.40052617531344,1.1552268881069223,0.4818303391513828,664.1241500227442,673.5486153432107,BITZER-CSH9563-160,screw,1417,500.0,135.0,BAC-VXC-584,evaporative,565.0,4,133.0160683447978
367.0600711361206,-27.059584438510218,37.7481288643539,R410A,cold_storage,1.9922045272805362,7.541470084443266,1.1198349799240475,2.3077205745693568,722.9527157375738,551.5524075608275,COPELAND-ZP91K5E,screw,91,80.0,27.0,GUNTNER-GACV-240,air_cooled,250.0,3,122.40754192626541
725.296053630043,-22.86780134061878,49.3267396278172,R717,ice_making,1.9181665543039688,11.960015184383177,1.1236992852356977,0.7116102395087672,1845.5416151872828,1107.95874763516,BITZER-CSH9563-160,screw,1417,500.0,135.0,BAC-VXC-584,evaporative,565.0,3,242.76080816654905
625.8383743122652,-19.713227589570213,47.6281318222661,R717,cold_storage,2.130412082522852,9.927627935634476,1.1895212290619455,0.6079217720900085,1380.5178254895077,925.7958744213959,BITZER-CSH9563-160,screw,1417,500.0,135.0,BAC-VXC-584,evaporative,565.0,4,157.5133452739886
413.2057499568709,-35.01709389237166,26.522206235110588,R717,ice_making,2.2264338097115752,11.301364293486891,1.1594799175545618,0.37562598065922564,1685.7775395561437,607.8486141109154,BITZER-CSH9563-160,screw,1417,500.0,135.0,BAC-VXC-584,evaporative,565.0,3,139.81739442159792
656.1993863966267,-25.138041042913276,31.209059357185456,R410A,process_cooling,2.4619480600546733,5.929966043372277,1.1879167739831642,3.6909284539180844,1074.6347206872665,889.6563554115321,COPELAND-ZP91K5E,screw,91,80.0,27.0,GUNTNER-GACV-240,air_cooled,250.0,2,316.33746381020836
211.43875035095354,-34.29774456122503,27.75936167643214,R717,process_cooling,2.211182738495703,11.31204674052444,1.1253775209576482,0.19562401890237247,848.4066098297747,315.8778287928414,BITZER-S6H-25.2,screw,418,190.0,55.0,BAC-VXC-438,evaporative,425.0,4,54.37744122492941
281.9448691138957,9.172964005659189,42.33622986707536,R410A,cold_storage,5.050025323760578,2.417277224194753,1.1459665053702521,1.7571726999887018,160.8823107933229,347.15519348151224,COPELAND-ZP91K5E,screw,91,80.0,27.0,GUNTNER-GACV-240,air_cooled,250.0,2,144.88720497345957
296.9129441938951,-19.595720764546503,40.12504251774965,R717,hvac,2.4859752726894535,8.063262601350035,1.1414705869861292,0.27132933769254286,613.1585348736298,408.5156628950758,BITZER-CSH8561-90,screw,856,300.0,82.5,BAC-VXC-438,evaporative,425.0,2,145.66366038505885
559.6286645513297,-26.699301504793986,26.344853531435493,R717,ice_making,2.7891034360383697,7.47237581251172,1.192186103680776,0.5010720688660217,1534.8020589084583,769.3378620955926,BITZER-CSH9563-160,screw,1417,500.0,135.0,BAC-VXC-584,evaporative,565.0,3,188.76610354459783
638.8297412246469,-12.1281140163827,35.983173190854934,R717,blast_freezing,3.343283143299595,5.213423561819161,1.1835926647762878,0.5651976527076086,946.0597942390908,810.6643638356027,BITZER-CSH9563-160,screw,1417,500.0,135.0,BAC-VXC-584,evaporative,565.0,2,312.0082680617339
426.3074829967598,-20.363854133092776,47.74108489595888,R717,cold_storage,2.093601352175514,10.249169737693135,1.109233582433578,0.4047205437047271,944.3165845003249,618.9211502174262,BITZER-CSH9563-160,screw,1417,500.0,135.0,BAC-VXC-584,evaporative,565.0,3,139.6187387529209
607.5670166590493,-35.954995478010126,44.35382406892006,R717,ice_making,1.5634987712768618,19.763921154238876,1.1157559026226547,0.5948536195190474,2792.459341467091,1003.1191780521738,BITZER-CSH9563-160,screw,1417,500.0,135.0,BAC-VXC-584,evaporative,565.0,3,203.9368511897292
289.3752270832775,-8.903243416169545,28.996118476233054,R410A,ice_making,4.256095269898538,3.0858351790806187,1.1892001582966174,1.6323736547418997,266.47606149539143,367.2126784412539,COPELAND-ZP91K5E,screw,91,80.0,27.0,GUNTNER-GACV-240,air_cooled,250.0,4,74.33712972780472
722.1149787453104,-8.143470929891702,34.89146178106151,R410A,blast_freezing,3.6102023469890274,3.494111523894528,1.1922487450432824,4.1807287597925935,665.2770296471865,920.0745840487316,COPELAND-ZP91K5E,screw,91,80.0,27.0,GUNTNER-GACV-240,air_cooled,250.0,2,360.2505023350106
697.7803010272341,3.4773611758592224,27.98731880683275,R410A,blast_freezing,7.2905970916792615,2.007725706633883,1.141401451542941,3.699215135854852,403.9682236150585,792.1287707128189,COPELAND-ZP91K5E,screw,91,80.0,27.0,GUNTNER-GACV-240,air_cooled,250.0,2,348.2916639255352
669.9645488788597,-13.313739220363246,36.405588312000646,R410A,ice_making,2.9587797548015304,4.342987973464402,1.1810381325153099,4.040812720227276,766.9460689507865,906.1548440687851,COPELAND-ZP91K5E,screw,91,80.0,27.0,GUNTNER-GACV-240,air_cooled,250.0,3,225.7524433797382
808.8825567503432,4.514472812330155,26.14883885032986,R410A,ice_making,8.422444684250243,1.8526827347235493,1.1869877620934468,4.167976063113003,440.6239489255436,893.913034001904,COPELAND-ZP91K5E,screw,91,80.0,27.0,GUNTNER-GACV-240,air_cooled,250.0,4,199.76060708523093
130.0078187585643,-24.630314474982082,28.749646779740228,R717,cold_storage,2.7944261339116467,7.2954350865925335,1.1317909954589764,0.11482494550875241,321.25872063830343,174.88970730860154,BITZER-N320VLD,screw,320,150.0,42.5,BAC-VXC-292,evaporative,250.0,2,64.39924660642961
398.68260478116775,-37.837783873648256,25.427222166976495,R717,hvac,2.1182180645587563,12.646641984775307,1.1209595761168767,0.3685717886292584,1896.022292860808,606.3034132964433,BITZER-CSH9563-160,screw,1417,500.0,135.0,BAC-VXC-584,evaporative,565.0,3,137.28811520540577
755.1286431569949,-10.204545389336825,49.10646362881991,R410A,cold_storage,2.254685793322853,5.276704992037864,1.14692882318956,5.139456463952501,876.7432358688642,1079.1153664877493,COPELAND-ZP91K5E,screw,91,80.0,27.0,GUNTNER-GACV-240,air_cooled,250.0,2,373.7789514379339
415.007158031658,-21.518983067093505,48.78105580227995,R717,process_cooling,1.998394139309185,11.09204372624232,1.1952939018570767,0.41090087198161623,1006.3700403921537,633.8351200984931,BITZER-CSH9563-160,screw,1417,500.0,135.0,BAC-VXC-584,evaporative,565.0,3,140.81453053900296
76.69858897096366,5.9711447041504115,39.43267567021989,R717,cold_storage,5.452538398442616,2.866731775122193,1.1087815453668306,0.06761720511215322,58.67584478763802,88.71985506072195,BITZER-6FE-35Y,screw,232,100.0,30.0,BAC-VXC-116,evaporative,105.0,3,24.990083310448664
503.3787058334237,-27.551276784242333,29.318620361426884,R410A,cold_storage,2.423715331659909,6.218211854466208,1.145105407531388,2.879972107067439,919.4564277678803,705.8231527210471,COPELAND-ZP91K5E,screw,91,80.0,27.0,GUNTNER-GACV-240,air_cooled,250.0,2,249.83303677019418
543.5029543232101,-12.196423169765517,45.496810733579366,R410A,blast_freezing,2.3678845622583933,5.199865143718747,1.1413904953150698,3.543185623736833,647.0330325718991,763.6956520150114,COPELAND-ZP91K5E,screw,91,80.0,27.0,GUNTNER-GACV-240,air_cooled,250.0,2,268.4686947015767
690.6753001846848,-26.727133906669717,41.87091559363081,R410A,process_cooling,1.8155750432260715,8.226083729821681,1.146842220236579,4.557293227304982,1409.602756276327,1073.226451634137,COPELAND-ZP91K5E,screw,91,80.0,27.0,GUNTNER-GACV-240,air_cooled,250.0,3,230.6838604787466
776.3325777864502,-39.614038062500185,36.08988472384991,R717,cold_storage,1.6613071010904106,19.04525435094214,1.161998395185765,0.7277778573425789,4087.7674201867053,1239.6085021322272,BITZER-CSH9563-160,screw,1417,500.0,135.0,BAC-VXC-584,evaporative,565.0,2,386.90957656118223
242.2652707684812,-37.7353723959629,49.63806372183258,R717,blast_freezing,1.3780832734096762,24.93506798085373,1.1555468169836987,0.23794364153606232,1217.9093999321165,410.3393377470313,BITZER-CSH8561-90,screw,856,300.0,82.5,BAC-VXC-438,evaporative,425.0,3,79.26296275296878
60.5610230605258,3.8636706554722338,27.89840146493095,R717,process_cooling,7.8264623120147805,2.213510789672361,1.1293585356161895,0.05318472630210174,49.59470344915881,69.71804516131824,BITZER-4NES-20Y,screw,134,50.0,15.0,BAC-VXC-116,evaporative,105.0,4,15.454823054635844
571.8690102826235,6.150109845877495,35.274699519758364,R410A,cold_storage,5.949628668045446,2.2275719771579348,1.1898749588679884,3.3415478601858513,335.74360661319395,689.5389479351494,COPELAND-ZP91K5E,screw,91,80.0,27.0,GUNTNER-GACV-240,air_cooled,250.0,3,196.7731365385633
771.9605410149715,-15.857888043672773,45.54523874529532,R410A,cold_storage,2.154033914023794,5.933753702157098,1.1719347366211517,5.166587024125099,1071.8943439683503,1134.1671586120406,COPELAND-ZP91K5E,screw,91,80.0,27.0,GUNTNER-GACV-240,air_cooled,250.0,4,193.64364734315828
720.8626274512372,3.7505440958018923,41.420251815637606,R410A,hvac,4.296342946115712,2.7876835249063117,1.1043105780560825,4.382068040270759,474.4570920702229,891.027390030181,COPELAND-ZP91K5E,screw,91,80.0,27.0,GUNTNER-GACV-240,air_cooled,250.0,2,361.39646553284445
135.8235104589009,-4.372501140243116,25.964920528461565,R410A,cold_storage,5.621912306804656,2.4475107230549686,1.1837111851732212,0.7084232479151098,99.48918233221458,157.677534558138,COPELAND-ZP91K5E,screw,91,80.0,27.0,GUNTNER-GACV-180,air_cooled,185.0,3,44.622018080190124
231.4617342909336,-16.43256160190316,26.335480274158375,R717,hvac,3.7777008362147373,4.7036898129875055,1.1745011819686748,0.20167287733533953,400.40438475672477,291.9947735766021,BITZER-CSH8561-90,screw,856,300.0,82.5,BAC-VXC-292,evaporative,250.0,2,115.43930209583807
119.9664545253973,-11.268190120531294,38.18054821045331,R410A,cold_storage,2.981209021349906,4.22188849871364,1.1694231422168193,0.7333346001265245,129.71884753307938,161.87961756664174,COPELAND-ZP91K5E,screw,91,80.0,27.0,GUNTNER-GACV-180,air_cooled,185.0,2,60.60934927987167
506.2277903053881,-19.185068483483413,49.69382091740958,R410A,process_cooling,1.7803779779343343,7.387676763412102,1.1539016752519227,3.619091455902973,845.5792929025962,794.2813294728219,COPELAND-ZP91K5E,screw,91,80.0,27.0,GUNTNER-GACV-240,air_cooled,250.0,3,169.53582072900153
784.2512101118086,-3.218064311904847,26.0204726826129,R410A,ice_making,5.883086313720098,2.3598835383049157,1.1382331051826275,4.13088459211977,558.6721412061843,914.8660640327365,COPELAND-ZP91K5E,screw,91,80.0,27.0,GUNTNER-GACV-240,air_cooled,250.0,3,260.65032336194514
210.9447940051933,5.387451657296893,28.333533321767376,R717,cold_storage,8.27586639729383,2.122954040159775,1.144744447136386,0.17798623370671476,157.5415303316361,231.79249806864397,BITZER-S6H-25.2,screw,418,190.0,55.0,BAC-VXC-292,evaporative,250.0,3,68.93457580310168
166.71690003324218,-14.219112753504596,35.17544285176127,R717,process_cooling,3.2119129160297253,5.55971533835936,1.1850046435598858,0.14887175716900297,270.526343293876,215.7640931982241,BITZER-S6H-25.2,screw,418,190.0,55.0,BAC-VXC-292,evaporative,250.0,3,54.84566368259377
339.4452418340177,-8.239259006602321,45.38806504832663,R410A,hvac,2.6377040951395396,4.5225091484080915,1.1405824022751132,2.1979720097978426,350.8873311743028,464.77472879277155,COPELAND-ZP91K5E,screw,91,80.0,27.0,GUNTNER-GACV-240,air_cooled,250.0,3,112.3362587492186
161.5846734052871,-39.296089456523035,31.06798668935481,R410A,cold_storage,1.7374750495472775,10.724832574991868,1.158858502402484,0.9320972472632743,478.942875789532,241.93769058517432,COPELAND-ZP91K5E,screw,91,80.0,27.0,GUNTNER-GACV-240,air_cooled,250.0,4,38.38945500218794
106.0758542980953,-21.460004044014962,37.828063553317605,R717,blast_freezing,2.4887830017850257,8.218054818544987,1.1761761558968835,0.09822471544797401,239.97226458488905,149.02619243738857,BITZER-N320VLD,screw,320,150.0,42.5,BAC-VXC-116,evaporative,105.0,3,35.436794088287144
32.503867553574,-20.712307692035907,47.14580633315511,R717,blast_freezing,2.1005120072486134,10.24745986944614,1.1844864284955987,0.030885365556205805,73.12150688854705,47.294411678755765,BITZER-4DC-10.2Y,reciprocating,67,37.5,12.0,BAC-VXC-116,evaporative,105.0,3,10.680223070118217
498.6889563071216,0.16433585677309992,42.26117617940484,R717,blast_freezing,4.100522950495912,3.830502060030332,1.1764977477957244,0.4656377898545705,493.9972018504512,630.4191681711097,BITZER-CSH9563-160,screw,1417,500.0,135.0,BAC-VXC-584,evaporative,565.0,4,126.70506007951789
65.34422312898035,-13.94496710135033,32.05088127459777,R717,blast_freezing,3.502314633257953,5.020032103455661,1.1009014175105367,0.05822774389533836,104.6680253771314,83.88972718726093,BITZER-4NES-20Y,screw,134,50.0,15.0,BAC-VXC-116,evaporative,105.0,4,16.314287374411947
628.0253844203311,-20.712263878399565,36.16774734613382,R717,ice_making,2.629620341968888,7.582191819227715,1.1417756150787866,0.5845433886850078,1383.9115775460646,880.6381768552578,BITZER-CSH9563-160,screw,1417,500.0,135.0,BAC-VXC-584,evaporative,565.0,3,212.6709173956199
89.5875481741255,6.692551950545699,35.415639386121015,R717,cold_storage,6.490669058570981,2.494637486957071,1.185669505864782,0.07931575784123986,67.16980934253569,103.35350368219446,BITZER-6FE-35Y,screw,232,100.0,30.0,BAC-VXC-116,evaporative,105.0,3,29.85195684566787
302.3548280916841,-2.628544104207826,33.350744778892576,R717,blast_freezing,4.872221321559803,3.312058208000605,1.1281637776015694,0.26151221423169224,306.5553561024532,355.75292350051643,BITZER-CSH8561-90,screw,856,300.0,82.5,BAC-VXC-438,evaporative,425.0,3,98.39019365764425
78.36006372250363,2.3071948785309218,30.977796141902985,R717,process_cooling,6.407640051087806,2.568343907224575,1.1959823344165694,0.06767542990081077,66.59875640582374,89.64720367439115,BITZER-6FE-35Y,screw,232,100.0,30.0,BAC-VXC-116,evaporative,105.0,2,38.77260563218785
67.59674249911326,-31.315706650126078,29.16478870351333,R410A,cold_storage,2.207385562465657,7.226616131622136,1.100479355371012,0.37024083124888496,136.97327193017634,92.50551871825974,COPELAND-ZP91K5E,screw,91,80.0,27.0,GUNTNER-GACV-120,air_cooled,125.0,2,31.83205487620099
496.42934338104044,4.119430892906031,45.153708034353514,R410A,ice_making,3.8231350770449763,3.0125301567261196,1.1474302113408648,3.0600463624200196,327.5148656824467,610.5790543668207,COPELAND-ZP91K5E,screw,91,80.0,27.0,GUNTNER-GACV-240,air_cooled,250.0,2,241.99262126916543
546.7003841233603,-26.91208986538863,30.083851417404787,R410A,ice_making,2.417680785585538,6.181641359789438,1.1353968317347232,3.2183838045533606,1002.5503413752642,784.8074599541442,COPELAND-ZP91K5E,screw,91,80.0,27.0,GUNTNER-GACV-240,air_cooled,250.0,2,277.58793687196993
728.1359844168938,7.765198782860949,31.48851157699144,R410A,process_cooling,7.598154851806914,1.9279964725699403,1.1933794777729358,4.076715432973546,389.7027533444614,847.4248466158448,COPELAND-ZP91K5E,screw,91,80.0,27.0,GUNTNER-GACV-240,air_cooled,250.0,2,374.43296386449555
543.7495273559439,2.7431986434694124,27.282329176009945,R410A,process_cooling,7.275014985878727,2.0165738700241227,1.1667254375906366,2.7688617478689292,309.42918818873216,596.0319533293222,COPELAND-ZP91K5E,screw,91,80.0,27.0,GUNTNER-GACV-240,air_cooled,250.0,4,131.0010132891902
783.3478720635206,-37.15647584756579,40.3647485870037,R410A,process_cooling,1.4787168549171505,12.28963191636647,1.1232086969885744,5.0916741141483115,2390.263192014207,1276.0754414054063,COPELAND-ZP91K5E,screw,91,80.0,27.0,GUNTNER-GACV-240,air_cooled,250.0,3,253.75417656233094
180.9141419807864,-6.021519276387217,45.938255785837974,R717,hvac,3.116270185294356,5.361469014766322,1.1890311258582877,0.1676949970644525,222.56576573464966,235.43669507549782,BITZER-S6H-25.2,screw,418,190.0,55.0,BAC-VXC-292,evaporative,250.0,4,44.560021594862
784.7359026039027,-0.9070786160658031,29.909977077633016,R410A,blast_freezing,5.536499070525513,2.4237803551576036,1.1261993348688575,4.179234859643865,524.5268371641191,905.8280574691614,COPELAND-ZP91K5E,screw,91,80.0,27.0,GUNTNER-GACV-240,air_cooled,250.0,4,191.81201374479596
360.3228629472345,-25.312521155484994,42.87033713984781,R410A,blast_freezing,1.8319703650669565,7.965080197462939,1.1731206521248334,2.3366875523869934,684.8470376874427,544.2951746109446,COPELAND-ZP91K5E,screw,91,80.0,27.0,GUNTNER-GACV-240,air_cooled,250.0,4,88.02463490049796
232.2263486100336,7.4378380703839895,37.952579125976044,R410A,hvac,5.61730120786092,2.2892850206275726,1.136311906577286,1.3168093963763645,127.15060669721456,267.3133771791067,COPELAND-ZP91K5E,screw,91,80.0,27.0,GUNTNER-GACV-240,air_cooled,250.0,2,113.4586222795631
537.7541913980427,-34.12569292319999,28.254047513059593,R717,ice_making,2.1986646843605726,11.382425034421688,1.1482595427292381,0.5062668909077103,2177.8180384295492,817.3791128883158,BITZER-CSH9563-160,screw,1417,500.0,135.0,BAC-VXC-584,evaporative,565.0,3,187.280502603518
464.1648779392052,-20.02985394376585,42.75902084721133,R717,hvac,2.3287058830693264,8.836692294310065,1.1640776247354347,0.4437939596276438,1021.161183961524,672.5148624941233,BITZER-CSH9563-160,screw,1417,500.0,135.0,BAC-VXC-584,evaporative,565.0,3,156.82664392260932
274.9886174542623,-32.22890443601726,34.46915446276721,R717,cold_storage,2.037895619557564,12.427996525601586,1.1941975235289615,0.2572158376404569,1012.264938019612,415.1552096693706,BITZER-CSH8561-90,screw,856,300.0,82.5,BAC-VXC-438,evaporative,425.0,3,92.8321321921005
696.1874828593477,-35.28788514499995,49.82702206724511,R717,ice_making,1.4473990140513382,22.07453297888026,1.1081550271623675,0.6889899709232861,3132.412145101554,1167.6409706760587,BITZER-CSH9563-160,screw,1417,500.0,135.0,BAC-VXC-584,evaporative,565.0,2,345.27316142961877
786.7278689705156,-7.379575514419024,27.43971459957563,R410A,ice_making,4.738836455761007,2.813359076807588,1.1344077919545026,4.242692717002363,658.1080415955222,952.4168605938867,COPELAND-ZP91K5E,screw,91,80.0,27.0,GUNTNER-GACV-240,air_cooled,250.0,3,262.152312282337
754.8757174301571,5.607467006927621,43.03655294612473,R717,hvac,4.789402389359699,3.206829320513761,1.1284258939612977,0.6785639660769555,596.1438813454992,894.5834708484687,BITZER-CSH9563-160,screw,1417,500.0,135.0,BAC-VXC-584,evaporative,565.0,3,246.68753494821487
494.29328842490185,-9.482167849220183,46.50231174523934,R717,cold_storage,2.8060193856703273,6.248317035855372,1.1307952055794381,0.46378788065396703,701.0680779976533,664.1320466515247,BITZER-CSH9563-160,screw,1417,500.0,135.0,BAC-VXC-584,evaporative,565.0,3,163.2122881073968
562.0562968937694,1.8503546919535836,26.270647192195877,R717,ice_making,7.6373855966243935,2.2675978161182373,1.11147297296152,0.4649931711253469,464.9400267401411,614.1784487089249,BITZER-CSH9563-160,screw,1417,500.0,135.0,BAC-VXC-584,evaporative,565.0,4,135.7678659084021
62.11550884879988,5.312856405578444,45.780364091178924,R410A,process_cooling,3.8901190475530356,2.947162383136014,1.129520176124119,0.4058079010660953,41.84681504469287,80.27346950878274,COPELAND-ZP91K5E,screw,91,80.0,27.0,GUNTNER-GACV-060,air_cooled,65.0,2,31.929013354546235
653.7519531530307,-35.134105354074286,44.693219251416465,R410A,cold_storage,1.399181027520856,12.479110085731104,1.146481035820972,4.541807701099544,1960.6769695837013,1110.3278828283271,COPELAND-ZP91K5E,screw,91,80.0,27.0,GUNTNER-GACV-240,air_cooled,250.0,2,323.76667082644525
71.1887483212969,-37.528727951575,43.661424233902565,R410A,blast_freezing,1.3591246345235763,13.522075474640308,1.1453190392249526,0.47481830464528396,226.4046013928606,118.09594360307636,COPELAND-ZP91K5E,screw,91,80.0,27.0,GUNTNER-GACV-120,air_cooled,125.0,2,34.0183608443948
112.56908828633979,-38.21237251229375,36.35294487278654,R410A,ice_making,1.58170462051293,11.672313361407761,1.1115994611656002,0.7100697429289696,348.46215100393545,180.9600415523371,COPELAND-ZP91K5E,screw,91,80.0,27.0,GUNTNER-GACV-180,air_cooled,185.0,3,36.95560052033586
773.3914865677623,0.43571544353287095,40.91886892880296,R410A,ice_making,3.911382063661177,3.0560227868695207,1.1589992077292381,4.652445608986276,559.3619225443754,962.4937236844781,COPELAND-ZP91K5E,screw,91,80.0,27.0,GUNTNER-GACV-240,air_cooled,250.0,3,255.50721693732737
361.85747432097634,8.425652302806682,35.78612060228716,R717,blast_freezing,6.890353258366463,2.372046379515515,1.193650038664098,0.3188338724845156,254.77944702345647,412.23975309747607,BITZER-CSH9563-160,screw,1417,500.0,135.0,BAC-VXC-438,evaporative,425.0,2,179.99685394133058
573.8501306342189,8.81663494219903,45.989101971997634,R410A,blast_freezing,4.344743640962191,2.664176403662353,1.1849141094461808,3.6476655601045493,337.627945435167,709.0370205951219,COPELAND-ZP91K5E,screw,91,80.0,27.0,GUNTNER-GACV-240,air_cooled,250.0,3,192.12546590185005
247.85004086799697,-31.244655501365408,43.58826441367833,R717,process_cooling,1.7605617154218718,15.270569332991915,1.1948118395614107,0.2347174125175807,882.5883502707059,382.60696792507383,BITZER-CSH8561-90,screw,856,300.0,82.5,BAC-VXC-438,evaporative,425.0,3,81.33648742807746
357.95967912141697,1.1692894498394324,38.95228412457152,R410A,blast_freezing,4.286369487837788,2.8465589399404725,1.1211446198975168,2.145438760153507,251.99469548289068,445.98176819224454,COPELAND-ZP91K5E,screw,91,80.0,27.0,GUNTNER-GACV-240,air_cooled,250.0,3,120.53909888498767
587.4504434470151,-15.720033322754364,33.89898401600696,R717,process_cooling,3.1748023581618128,5.7117154165066975,1.1691304201260797,0.5447119826725988,1050.8994857246225,794.6462334393109,BITZER-CSH9563-160,screw,1417,500.0,135.0,BAC-VXC-584,evaporative,565.0,2,302.1513977656116
707.7039239979654,-2.97786948550079,35.577690140850756,R717,cold_storage,4.493459499031995,3.579058175994554,1.1854298168238846,0.6268865455503153,744.2041623867312,856.4417078409546,BITZER-CSH9563-160,screw,1417,500.0,135.0,BAC-VXC-584,evaporative,565.0,2,350.2698188767249
267.3294502822242,-39.20514280400155,28.63001591780575,R717,ice_making,1.9230468584640599,14.982444954335046,1.1974235212692206,0.24064740842230029,1324.414898470345,402.34898010307825,BITZER-CSH8561-90,screw,856,300.0,82.5,BAC-VXC-438,evaporative,425.0,3,88.23395354895877
172.16485666548982,-31.93758802488251,30.754224549577934,R410A,process_cooling,2.0915423322569318,7.727427201512604,1.174165418749007,1.0127933075672622,384.0965553122216,252.9278102107456,COPELAND-ZP91K5E,screw,91,80.0,27.0,GUNTNER-GACV-240,air_cooled,250.0,4,42.77874643193278
351.98496731412604,4.5743061301012276,49.28306146169929,R717,cold_storage,3.8739413251045955,3.9300661314851526,1.1713447213145058,0.3420755432142818,311.30130563019634,455.5299545854417,BITZER-CSH9563-160,screw,1417,500.0,135.0,BAC-VXC-584,evaporative,565.0,3,120.68920531877019
616.0813397869011,1.203076936838265,37.87525955941431,R717,process_cooling,4.831792768612114,3.263397002222102,1.1677100959484472,0.5613186674848922,574.1138252850154,752.7910485383459,BITZER-CSH9563-160,screw,1417,500.0,135.0,BAC-VXC-584,evaporative,565.0,3,207.9023546115674
227.85950656404768,8.731393343887106,25.547194401041136,R717,ice_making,11.694278653247329,1.7332565817848047,1.1758522362101087,0.19190769181680448,151.80147227996144,245.548062474662,BITZER-CSH8561-90,screw,856,300.0,82.5,BAC-VXC-292,evaporative,250.0,4,56.55121381412877
170.011902843693,-23.585098499202797,38.31234291995102,R717,cold_storage,2.3351539274527044,9.17494343286111,1.1462268371842426,0.16317517208383728,436.39317768589586,250.97607535251876,BITZER-S6H-25.2,screw,418,190.0,55.0,BAC-VXC-292,evaporative,250.0,4,43.93108839984801
523.4145469012282,-5.495558533090978,31.345176854855836,R410A,cold_storage,4.4237072275445595,2.9219327726214246,1.1178372849111593,2.86615856025437,417.65249109630594,630.693274078983,COPELAND-ZP91K5E,screw,91,80.0,27.0,GUNTNER-GACV-240,air_cooled,250.0,4,128.602184716838
788.7161468251375,-27.057233415721193,45.939486293498945,R717,ice_making,1.8557473239277549,13.288165639787085,1.1266820415730547,0.7626610265197037,2373.3581742019787,1213.8023097245764,BITZER-CSH9563-160,screw,1417,500.0,135.0,BAC-VXC-584,evaporative,565.0,2,394.3819484965216
638.5574173273325,-19.532941829161658,43.35271168530167,R410A,hvac,2.0821011426566787,6.451449877897275,1.1717710579220582,4.276189966011438,1011.7650234215849,964.7677992798458,COPELAND-ZP91K5E,screw,91,80.0,27.0,GUNTNER-GACV-240,air_cooled,250.0,2,325.87252077449006
761.7454295373124,-4.2945802008580145,46.59034081227845,R410A,process_cooling,2.8385342106409515,4.075882796909689,1.123921456130657,5.111102225451604,715.9608293945178,1054.4166694425003,COPELAND-ZP91K5E,screw,91,80.0,27.0,GUNTNER-GACV-240,air_cooled,250.0,2,389.86207029047983
351.8285325197593,-15.22570767736001,36.333243102771846,R717,cold_storage,3.0366969556130106,5.996973376969464,1.1949221879893368,0.31393432360649026,593.7925423445018,458.31341139797604,BITZER-CSH9563-160,screw,1417,500.0,135.0,BAC-VXC-584,evaporative,565.0,2,172.38833586128035
32.82125510246646,3.3674370928639448,25.36581182556793,R717,process_cooling,8.604031409065447,2.0864462426343895,1.1397186016521634,0.028373191266389347,26.91433859467681,37.178896784910165,BITZER-4DC-10.2Y,reciprocating,67,37.5,12.0,BAC-VXC-116,evaporative,105.0,2,16.653860346074048
249.26992602213588,-38.80237343951801,40.678742911235794,R717,process_cooling,1.5625937997171702,20.746046305626027,1.115970742674918,0.2380254088837824,1284.069914440751,406.7964483095165,BITZER-CSH8561-90,screw,856,300.0,82.5,BAC-VXC-438,evaporative,425.0,2,124.02621280547339
391.96975386239455,-29.456162494968474,38.523559022778315,R717,blast_freezing,2.0152836612939233,12.17147767317203,1.122783197462481,0.36917657928912995,1279.2589843121543,589.4870770617645,BITZER-CSH9563-160,screw,1417,500.0,135.0,BAC-VXC-584,evaporative,565.0,4,98.4968421210408
130.4407482283903,-29.548714975861678,39.263503550790226,R410A,process_cooling,1.80880410651092,8.657887966957565,1.1420553465527497,0.8463789264788157,292.0277138969518,204.0307423164072,COPELAND-ZP91K5E,screw,91,80.0,27.0,GUNTNER-GACV-240,air_cooled,250.0,3,43.79700761864124
476.8250580258374,-31.39976341945735,28.74945082644411,R717,ice_making,2.3337002697514753,10.082058136403443,1.121312674842941,0.43211264304507546,1636.4980582424016,686.1597635478104,BITZER-CSH9563-160,screw,1417,500.0,135.0,BAC-VXC-584,evaporative,565.0,2,240.16724595992378
720.0781778203446,-3.3625962289304425,49.04935560726851,R717,hvac,3.1121628715803245,5.248606479498327,1.1193815709459711,0.6770750813329534,815.0782043446235,939.883644807834,BITZER-CSH9563-160,screw,1417,500.0,135.0,BAC-VXC-584,evaporative,565.0,2,355.66088629320404
646.0868951346386,9.832040415957003,32.31149616323909,R410A,blast_freezing,8.097022812728326,1.8511570138618318,1.1896564137132044,3.4507199583697705,309.65293174490415,708.9808502117249,COPELAND-ZP91K5E,screw,91,80.0,27.0,GUNTNER-GACV-240,air_cooled,250.0,4,157.76134225803276
315.93289965174455,0.7761708361779611,28.921209564817737,R717,hvac,6.505745974375108,2.5564797356346496,1.1632103245324088,0.286298746285488,297.25053016571025,381.17543951273535,BITZER-CSH8561-90,screw,856,300.0,82.5,BAC-VXC-438,evaporative,425.0,2,165.19547754526153
715.5334776701993,-1.8561509078425757,46.23846807323028,R717,ice_making,3.474159842567646,4.601126655698402,1.168000513966393,0.6857928031245377,781.8642498086172,941.8351482265224,BITZER-CSH9563-160,screw,1417,500.0,135.0,BAC-VXC-584,evaporative,565.0,3,243.77655734426742
106.05100406085191,-20.130226467491607,40.81483205368022,R410A,process_cooling,2.190272478026183,6.20814426732389,1.1704844803479069,0.6664494429379542,161.1427611426583,152.20486017422897,COPELAND-ZP91K5E,screw,91,80.0,27.0,GUNTNER-GACV-180,air_cooled,185.0,3,34.83193766442721
99.12088451399163,2.4621323487343574,37.48318813311527,R717,cold_storage,5.116037899757067,3.0812585901000187,1.1333974313636943,0.08963318065314003,87.73318350837373,119.419185404492,BITZER-6FE-35Y,screw,232,100.0,30.0,BAC-VXC-116,evaporative,105.0,4,24.97340142838898
691.0504802725984,-1.8532763353201318,33.799963742204156,R717,blast_freezing,4.937094746402471,3.2578317534724435,1.1989469802638926,0.6232322722623648,710.4664066425629,844.9834578190149,BITZER-CSH9563-160,screw,1417,500.0,135.0,BAC-VXC-584,evaporative,565.0,2,351.3303702053176
355.73155971895494,-23.34325208164815,39.81769700019057,R410A,ice_making,2.0735088679457907,6.8517088497296115,1.1839421046013996,2.2677042080195338,617.2185344380749,528.236054312365,COPELAND-ZP91K5E,screw,91,80.0,27.0,GUNTNER-GACV-240,air_cooled,250.0,4,89.09215737170128
209.0768516146571,-8.987045116327455,44.06909380246127,R410A,process_cooling,2.6841038589674224,4.497073926162142,1.133975482579205,1.3376945786437715,218.9887815281477,285.5063686880046,COPELAND-ZP91K5E,screw,91,80.0,27.0,GUNTNER-GACV-240,air_cooled,250.0,2,104.00476958459511
107.78117892250114,3.8295484538468116,31.775903566583565,R717,ice_making,6.627428910190563,2.48739308990464,1.128530921724054,0.09149217812219414,85.41658095573224,120.42529470352557,BITZER-6FE-35Y,screw,232,100.0,30.0,BAC-VXC-116,evaporative,105.0,3,34.87894759093528
663.5354765876396,-10.956508939499685,33.426111615071825,R717,process_cooling,3.6979045143832474,4.615423670036791,1.1541609230785277,0.5939423876816153,950.0332930307784,843.5988949636364,BITZER-CSH9563-160,screw,1417,500.0,135.0,BAC-VXC-584,evaporative,565.0,3,221.34323593734516
606.4720297155345,-37.09578117833325,35.13271237270327,R410A,cold_storage,1.6685987505554256,10.776669088125374,1.1485611379070124,3.7176814757626144,1740.8251809511826,944.4183520861222,COPELAND-ZP91K5E,screw,91,80.0,27.0,GUNTNER-GACV-240,air_cooled,250.0,2,295.2589410387247
389.74592982940817,0.07565998262317919,40.98842666767389,R410A,ice_making,3.856887797613438,3.0964338198435843,1.1121929251307017,2.3667753707816592,287.84486463781036,490.3006331367014,COPELAND-ZP91K5E,screw,91,80.0,27.0,GUNTNER-GACV-240,air_cooled,250.0,3,129.78369468313275
466.71311818237587,-39.5330467777456,26.07354803418366,R717,blast_freezing,2.0038890486479555,14.109956407306298,1.148545881734765,0.41342704364380906,2312.7652747476513,688.9449954217521,BITZER-CSH9563-160,screw,1417,500.0,135.0,BAC-VXC-584,evaporative,565.0,4,114.8984956741209
650.1934021951005,-16.385387302904384,41.666901364885234,R717,blast_freezing,2.6106371776230355,7.3141966004466035,1.1972857662171486,0.6053429984799147,1199.570517148617,896.2926158592975,BITZER-CSH9563-160,screw,1417,500.0,135.0,BAC-VXC-584,evaporative,565.0,2,324.02796374734197
528.162774232722,-17.89436819538072,30.2205280558859,R410A,blast_freezing,3.0890815292161538,4.3853730435196345,1.1260841347519417,2.9801235562256077,664.6955117212317,695.6937919577057,COPELAND-ZP91K5E,screw,91,80.0,27.0,GUNTNER-GACV-240,air_cooled,250.0,2,262.77965202846565
437.07005947643415,-32.42210019747062,44.57079835951434,R410A,process_cooling,1.491210376525167,11.082858332358182,1.179493285188602,2.964249341056815,1146.2070141765287,713.7849784820626,COPELAND-ZP91K5E,screw,91,80.0,27.0,GUNTNER-GACV-240,air_cooled,250.0,4,106.81590528746457
425.14885444042386,-17.86079443224359,39.68749421571782,R717,process_cooling,2.6232607316733687,7.381777287717128,1.170825392622482,0.39305525444089745,826.9950156793041,585.3774223253533,BITZER-CSH9563-160,screw,1417,500.0,135.0,BAC-VXC-584,evaporative,565.0,3,141.27215961123832
259.9153883605253,-12.58628557180458,46.55770167433701,R717,ice_making,2.5887993206744944,7.107511595087102,1.153355697430549,0.24517067424079955,417.7840066781825,357.3558171710327,BITZER-CSH8561-90,screw,856,300.0,82.5,BAC-VXC-438,evaporative,425.0,4,64.44512593682563
608.5481752457897,-18.411443542537224,41.33792341306626,R410A,hvac,2.2568175470665572,5.895601895171589,1.1275827277785444,4.034014777152571,916.6049366404619,911.654645565505,COPELAND-ZP91K5E,screw,91,80.0,27.0,GUNTNER-GACV-240,air_cooled,250.0,3,210.57757266037478
689.34889027137,-9.718440261831205,46.26259442062423,R717,process_cooling,2.803772065589575,6.26836705712825,1.140391860957302,0.6688393263482679,1020.1822006707176,958.7706612889684,BITZER-CSH9563-160,screw,1417,500.0,135.0,BAC-VXC-584,evaporative,565.0,4,176.67819936867022
547.9594716235093,-5.841056092891932,39.97129251567115,R410A,process_cooling,3.3132415585791115,3.6643158980119077,1.183057661117041,3.303194441045492,486.8585680995509,706.1390508980253,COPELAND-ZP91K5E,screw,91,80.0,27.0,GUNTNER-GACV-240,air_cooled,250.0,2,271.212406932951
651.3407120262365,-38.9635862656401,38.43472520788436,R717,process_cooling,1.618354739506226,19.657731463605877,1.1159549886074127,0.6106342766973023,3320.5934791139866,1040.1823135626626,BITZER-CSH9563-160,screw,1417,500.0,135.0,BAC-VXC-584,evaporative,565.0,3,214.30556520926086
515.3284035630822,-16.377432241019516,32.89898220249885,R717,blast_freezing,3.192727417382955,5.706883778608267,1.1851951178074933,0.47523705179076103,941.4453510802772,694.8245844572898,BITZER-CSH9563-160,screw,1417,500.0,135.0,BAC-VXC-584,evaporative,565.0,4,132.2758004652968
628.7859060129747,-0.04881878716465593,39.079586816214366,R717,hvac,4.463399273733901,3.536414453710292,1.122826843309587,0.5723278626954087,611.7820507314017,773.2938369205647,BITZER-CSH9563-160,screw,1417,500.0,135.0,BAC-VXC-584,evaporative,565.0,2,315.87652459228434
124.00542577577173,-38.33243302376884,36.11257840757272,R410A,cold_storage,1.5859501955523911,11.665143130545028,1.1587685551432916,0.8048561837789805,396.98625220961895,205.3786484190435,COPELAND-ZP91K5E,screw,91,80.0,27.0,GUNTNER-GACV-240,air_cooled,250.0,2,62.97884394345226
330.4465691821348,-30.46367159408929,30.286995305579946,R410A,cold_storage,2.195048265870638,7.180478308352959,1.1788633472257057,1.9435762136407708,695.1694992789747,482.24443027855887,COPELAND-ZP91K5E,screw,91,80.0,27.0,GUNTNER-GACV-240,air_cooled,250.0,3,110.43649551047537
251.87182974886144,-28.3151003669842,38.967950087947806,R410A,hvac,1.8761005509873236,8.173856562278324,1.1043588263569863,1.6303167417872158,536.0968849011126,390.786634106305,COPELAND-ZP91K5E,screw,91,80.0,27.0,GUNTNER-GACV-240,air_cooled,250.0,2,127.45643042863
147.15878546505132,-25.36078726877918,46.05863816782988,R410A,hvac,1.6905343140725606,8.606086589200137,1.1401191103077344,1.000103484542374,293.65125275272067,230.34214974053702,COPELAND-ZP91K5E,screw,91,80.0,27.0,GUNTNER-GACV-240,air_cooled,250.0,2,72.36505144663917
237.00934146322564,-35.87025925391505,29.288416792252388,R717,hvac,2.061410930876984,12.834548551416182,1.1151838769249853,0.2190316825232933,1024.027975049976,358.49165522231544,BITZER-CSH8561-90,screw,856,300.0,82.5,BAC-VXC-438,evaporative,425.0,4,60.347878265052735
802.9395899845483,-37.160238178486935,27.95414221657583,R717,hvac,2.0492678379908846,13.182546384693982,1.1506798124963555,0.7036949373346024,3502.031208345274,1158.548300981543,BITZER-CSH9563-160,screw,1417,500.0,135.0,BAC-VXC-584,evaporative,565.0,4,194.65129812315593
448.9557984431421,7.682285095431652,31.099879410119406,R410A,process_cooling,7.71313753206836,1.913691350511483,1.1344248413211175,2.467004897746677,236.42854844388629,513.7093335227229,COPELAND-ZP91K5E,screw,91,80.0,27.0,GUNTNER-GACV-240,air_cooled,250.0,3,151.58377130261852
483.0282998871664,2.6812179767845095,44.95832792317356,R410A,blast_freezing,3.6752538989338186,3.1356508050255325,1.1082463725975167,2.9951557894412293,335.3723700264567,602.2408539645905,COPELAND-ZP91K5E,screw,91,80.0,27.0,GUNTNER-GACV-240,air_cooled,250.0,3,157.80875894500275
515.6989472773676,-31.29938188854058,28.28619196380047,R717,hvac,2.3625813975885697,9.893615239007447,1.1593521114467196,0.4611607578230868,1738.4430536183004,731.1595898610685,BITZER-CSH9563-160,screw,1417,500.0,135.0,BAC-VXC-584,evaporative,565.0,2,256.85981117260803
720.5897650315342,-33.75069696089483,31.34504502162848,R410A,process_cooling,1.9722013889580157,8.470746652609723,1.12374460863741,4.311812519077614,1759.1383983946191,1085.5444806367725,COPELAND-ZP91K5E,screw,91,80.0,27.0,GUNTNER-GACV-240,air_cooled,250.0,3,240.10400062853796
728.3633477429429,0.09309278681793387,35.68300999037525,R410A,cold_storage,4.632007944681473,2.7173042146298756,1.1123864143428137,4.287955228186908,521.2065537166321,907.0675303799032,COPELAND-ZP91K5E,screw,91,80.0,27.0,GUNTNER-GACV-240,air_cooled,250.0,3,248.67057766670936
109.6665913321918,2.6543659068540393,38.67975452357935,R717,cold_storage,4.956214804650081,3.164271288485173,1.1008644943209627,0.10106820016440958,98.26752782781526,134.6799376323087,BITZER-6FE-35Y,screw,232,100.0,30.0,BAC-VXC-116,evaporative,105.0,3,37.356090664688104
129.17617955587866,-6.561021528230668,43.69080462487136,R410A,cold_storage,2.902538578820623,4.104673753694735,1.1651025341704755,0.8784532653143424,132.6000973249462,185.59942698625778,COPELAND-ZP91K5E,screw,91,80.0,27.0,GUNTNER-GACV-180,air_cooled,185.0,2,69.02039354053186
143.3212185022033,-1.7990812374003227,38.87268081647504,R717,process_cooling,4.240473293287329,3.755733592802386,1.1475855798251542,0.12867293122021806,146.3982930620844,175.36575430990743,BITZER-N320VLD,screw,320,150.0,42.5,BAC-VXC-292,evaporative,250.0,3,47.30067661769478
160.67531886798412,-8.457885236534956,25.07745523351285,R717,ice_making,5.1643148126363485,3.2493294637002674,1.164573122238317,0.13966887368653136,203.07367119264697,193.605382993615,BITZER-S6H-25.2,screw,418,190.0,55.0,BAC-VXC-292,evaporative,250.0,2,81.09896862750014
336.932207736532,-20.55568520464031,36.7213224680027,R717,cold_storage,2.6087350371278544,7.648749331271904,1.1358207930930848,0.3105513253210253,730.4292981261641,467.8269748639109,BITZER-CSH8561-90,screw,856,300.0,82.5,BAC-VXC-584,evaporative,565.0,4,84.54739736256352
476.68757330621526,-27.359121509765625,35.14280576774519,R717,cold_storage,2.267105844373117,10.001239204583742,1.1741844837484525,0.4278303721564611,1349.3454058670816,670.0705951438576,BITZER-CSH9563-160,screw,1417,500.0,135.0,BAC-VXC-584,evaporative,565.0,2,232.4872585639626
161.93327331821766,-0.6735608023653441,44.75895329293989,R717,hvac,3.735250720283738,4.229401969172969,1.1293937725959309,0.15815853451162268,172.85236251814476,215.56393912831297,BITZER-S6H-25.2,screw,418,190.0,55.0,BAC-VXC-292,evaporative,250.0,3,56.680234160018166
459.3789366222577,3.8746769654190203,45.54905174079548,R717,blast_freezing,4.201301162950335,3.6522694120111625,1.1885432489637566,0.4213311531000608,392.74215053444044,561.4262922629114,BITZER-CSH9563-160,screw,1417,500.0,135.0,BAC-VXC-584,evaporative,565.0,2,226.74335331672341
657.8151269556143,8.746007191508362,37.32222902026317,R410A,hvac,6.088626107413262,2.167354778916229,1.1793074380840536,3.7763427461951533,350.2943259071082,764.2288995493293,COPELAND-ZP91K5E,screw,91,80.0,27.0,GUNTNER-GACV-240,air_cooled,250.0,4,164.10457962261378
641.9499344506082,-8.803733014568007,28.805004296127642,R717,hvac,4.5243109564311546,3.6900173628249937,1.1283827722304347,0.5504228296015766,810.842821412394,768.2132068157196,BITZER-CSH9563-160,screw,1417,500.0,135.0,BAC-VXC-584,evaporative,565.0,4,157.28818742658277
449.79553571791064,-5.555451844936826,46.55797781104093,R410A,ice_making,2.7435154060561815,4.24665883481007,1.115442131739458,2.948121846711449,430.4456408545381,612.0407660086859,COPELAND-ZP91K5E,screw,91,80.0,27.0,GUNTNER-GACV-240,air_cooled,250.0,2,224.27358893231386
188.3638839658054,-28.549078917811453,41.324858892213626,R410A,hvac,1.7623423198137302,8.737383534464126,1.181951409643667,1.2401112900635625,411.5073298625384,295.4366944647835,COPELAND-ZP91K5E,screw,91,80.0,27.0,GUNTNER-GACV-240,air_cooled,250.0,2,94.24259001981258
720.9939678980614,9.147338237443826,44.64936514373419,R410A,process_cooling,4.6190425321003765,2.5560639575461246,1.1066223858683764,4.3742303373093225,400.80707256881544,854.7053715696139,COPELAND-ZP91K5E,screw,91,80.0,27.0,GUNTNER-GACV-240,air_cooled,250.0,2,351.2983253945032
409.8200893337726,-1.2300985094042645,32.67571661410482,R717,process_cooling,5.2400666138695575,3.0795760598853894,1.1581919496428732,0.3672939347104042,409.46263802335653,495.82876651104175,BITZER-CSH9563-160,screw,1417,500.0,135.0,BAC-VXC-584,evaporative,565.0,4,104.09246913389386
131.38951623489746,-30.695533152132988,49.27737380944843,R717,process_cooling,1.6131443281526663,17.2902025948963,1.1741261498581015,0.12976912686414513,475.80114251118096,212.75742504270102,BITZER-N320VLD,screw,320,150.0,42.5,BAC-VXC-292,evaporative,250.0,4,32.83481415305394
364.90080991318206,-28.143260386872434,29.745649216527404,R717,process_cooling,2.4871802895019086,8.867179943155826,1.1686091330117216,0.33546483353161083,1095.6961746667546,522.8932687851686,BITZER-CSH9563-160,screw,1417,500.0,135.0,BAC-VXC-584,evaporative,565.0,3,124.31532295122183
219.75306486389812,4.095828592830635,27.882350590151926,R717,blast_freezing,7.9221467896749065,2.1939206037767987,1.1028717539620538,0.19112928080686498,176.8113329004788,250.27296913113162,BITZER-CSH8561-90,screw,856,300.0,82.5,BAC-VXC-292,evaporative,250.0,3,74.07407079945776
767.4292188913338,4.533221375734406,47.57417270016724,R410A,cold_storage,3.5707628873766546,3.147955293423678,1.1775583697296785,4.861376122373966,513.6271561879477,956.5091179316826,COPELAND-ZP91K5E,screw,91,80.0,27.0,GUNTNER-GACV-240,air_cooled,250.0,4,186.81056882104568
669.3352119866252,-38.017199408870766,47.309555631581325,R717,cold_storage,1.4227629205814136,23.807747524076618,1.1589609710124995,0.6471897562935377,3358.7539309265667,1113.7015705598437,BITZER-CSH9563-160,screw,1417,500.0,135.0,BAC-VXC-584,evaporative,565.0,3,218.00637689655778
523.3890133960857,-29.097975774800087,26.92835113184691,R717,hvac,2.578254491230571,8.528970903349748,1.1077233038953127,0.4704774581383337,1604.080036831297,733.7974441227881,BITZER-CSH9563-160,screw,1417,500.0,135.0,BAC-VXC-584,evaporative,565.0,2,264.3630519572767
335.4357096059408,-16.72240030346037,26.166745901024623,R410A,process_cooling,3.6013552897944137,3.7789494104247514,1.1474728942834647,1.7889176437464451,382.6746679054169,419.82244839602197,COPELAND-ZP91K5E,screw,91,80.0,27.0,GUNTNER-GACV-240,air_cooled,250.0,2,164.29179014483452
219.9110172426746,-20.787652601324083,43.08612988600775,R717,cold_storage,2.2709128818344766,9.221885584414443,1.1084542067973107,0.21058583291650593,500.14137946719063,320.7426559809343,BITZER-CSH8561-90,screw,856,300.0,82.5,BAC-VXC-438,evaporative,425.0,3,74.2278639566823
462.74398275180846,-32.54755990343918,34.36671177842328,R410A,ice_making,1.8913671831710486,8.689469554927564,1.1088553938875383,2.8273399575314264,1098.7896200414887,702.0816174543581,COPELAND-ZP91K5E,screw,91,80.0,27.0,GUNTNER-GACV-240,air_cooled,250.0,3,153.08722449016685
579.9921819249026,-10.31437467067073,27.72093596069603,R410A,cold_storage,4.230706346705867,3.133664153823365,1.107649330081116,3.10657807543394,531.9346757540748,705.7324812154992,COPELAND-ZP91K5E,screw,91,80.0,27.0,GUNTNER-GACV-240,air_cooled,250.0,4,142.7028535656193
247.39896388364355,-3.753970979425418,46.13205684683592,R717,hvac,3.3016734197283863,4.933749573016004,1.1925687417318986,0.2317530064468856,282.9895093742081,321.4743217012284,BITZER-CSH8561-90,screw,856,300.0,82.5,BAC-VXC-438,evaporative,425.0,2,123.37096747260472
326.86015544774125,9.24048594628497,31.09777969809245,R717,hvac,8.838367120200392,2.01237741265373,1.1993059499662513,0.27598794280681016,214.65496901934077,354.0997382018148,BITZER-CSH8561-90,screw,856,300.0,82.5,BAC-VXC-438,evaporative,425.0,3,106.03600662446581
132.38829123162614,-38.78620170116355,30.428624891872126,R410A,process_cooling,1.784122210728207,10.311485438018964,1.1477931539836967,0.8281891075707682,416.42120220069296,214.6578841643077,COPELAND-ZP91K5E,screw,91,80.0,27.0,GUNTNER-GACV-240,air_cooled,250.0,3,45.852381212496404
299.03767367919,7.833357007860592,39.72248509294687,R410A,hvac,5.314780772046735,2.3622108231864365,1.188356326959479,1.765818119377851,168.44553584080603,355.1446690935647,COPELAND-ZP91K5E,screw,91,80.0,27.0,GUNTNER-GACV-240,air_cooled,250.0,3,99.63481587773315
523.1715193135859,-30.350113469367706,44.336400178142185,R410A,ice_making,1.5718526141391895,10.108546230559389,1.1275049913108321,3.5970784428355334,1280.833611954792,856.8268677581075,COPELAND-ZP91K5E,screw,91,80.0,27.0,GUNTNER-GACV-240,air_cooled,250.0,3,174.55711945362995
586.8598470024777,-37.26115365354973,32.57339515416239,R717,process_cooling,1.8712566960523815,15.199161203247273,1.188405728253952,0.5483399981088442,2742.3456962553573,912.1035415292282,BITZER-CSH9563-160,screw,1417,500.0,135.0,BAC-VXC-584,evaporative,565.0,2,297.21826368333217
45.57865492952979,-28.67951071568553,47.09582664088093,R410A,ice_making,1.5266758754664804,10.072125200287411,1.1542363618862552,0.3386720604634134,112.95333190373917,79.13571418814223,COPELAND-ZP61K5E,screw,61,55.0,18.5,GUNTNER-GACV-060,air_cooled,65.0,4,11.9539062085419
402.3171353105298,-15.786470470325106,47.71401738060066,R410A,hvac,2.0364858850025804,6.226583733979112,1.1801836681574294,2.850661615012009,589.928712867145,619.8607222434755,COPELAND-ZP91K5E,screw,91,80.0,27.0,GUNTNER-GACV-240,air_cooled,250.0,2,207.861597142789
651.7998979147301,-17.071384399719577,37.225578191071456,R717,process_cooling,2.8286547705896,6.657487727470458,1.1986341889055128,0.6038982264199466,1230.4040938479136,892.0897483192166,BITZER-CSH9563-160,screw,1417,500.0,135.0,BAC-VXC-584,evaporative,565.0,4,164.77157602202865
224.1887605787519,4.462764186891121,48.391963296962594,R410A,hvac,3.4672986918220094,3.2153282447637954,1.1192812814679973,1.4628753930716685,154.89993182093488,286.7077301270556,COPELAND-ZP91K5E,screw,91,80.0,27.0,GUNTNER-GACV-240,air_cooled,250.0,3,74.1761711930175
548.3993788990235,-26.65919936424771,46.976381178227996,R410A,blast_freezing,1.6034736843917392,9.25834734009383,1.1606840627126143,3.799391919354095,1172.125830304146,878.2533271328705,COPELAND-ZP91K5E,screw,91,80.0,27.0,GUNTNER-GACV-240,air_cooled,250.0,4,135.2285704604754
346.6746856746588,-12.794109910969741,25.800046799813934,R410A,hvac,4.141209815295695,3.2493141821912066,1.107459554380841,1.8509029211099006,345.03871077065304,427.265168763569,COPELAND-ZP91K5E,screw,91,80.0,27.0,GUNTNER-GACV-240,air_cooled,250.0,2,172.07960520824392
322.23568032851824,-33.13485122066233,33.83097131643608,R717,cold_storage,2.018254289445081,12.765593362451177,1.151935216484554,0.28336519844002506,1163.3616799804438,459.54626299264044,BITZER-CSH8561-90,screw,856,300.0,82.5,BAC-VXC-584,evaporative,565.0,4,76.82265372129027
718.1258746668391,-17.92271942309479,30.220258245147424,R717,hvac,3.262007629659205,5.63950416122672,1.1494438842150503,0.6411750812823397,1352.4630695213818,941.7353225444753,BITZER-CSH9563-160,screw,1417,500.0,135.0,BAC-VXC-584,evaporative,565.0,3,240.2582753005917
93.27248587699793,-15.304543812136913,29.94597338895486,R410A,blast_freezing,3.3624124508173687,3.961277721256412,1.1873514593882317,0.520891412196402,105.98162910292264,120.24837583323138,COPELAND-ZP91K5E,screw,91,80.0,27.0,GUNTNER-GACV-120,air_cooled,125.0,3,30.894575012538212
477.053559986131,-25.641862008090023,38.34630831612512,R410A,cold_storage,2.032496811754316,7.2328150823466615,1.1698047464119938,2.9863370115092147,886.2483582948422,707.227904697352,COPELAND-ZP91K5E,screw,91,80.0,27.0,GUNTNER-GACV-240,air_cooled,250.0,2,237.00576632255175
310.0250823535819,-28.763602277229865,26.63608171677916,R410A,cold_storage,2.5114330221434717,6.089170107337179,1.1306954558784263,1.7261395689020493,577.5864370039906,428.20981535066284,COPELAND-ZP91K5E,screw,91,80.0,27.0,GUNTNER-GACV-240,air_cooled,250.0,4,76.56562604895907
295.02770937811204,-15.838323683718968,29.4545322823107,R410A,hvac,3.3565499001852275,3.987653346542615,1.1919400504531203,1.6622001880509174,344.61304194470137,385.1818329785075,COPELAND-ZP91K5E,screw,91,80.0,27.0,GUNTNER-GACV-240,air_cooled,250.0,2,148.38370644878907
382.07041154853556,-14.860806844055261,41.66614497844965,R410A,blast_freezing,2.4522941109520358,5.219081793218887,1.1119554807837908,2.2511291130826954,450.94053756566586,499.22141761808615,COPELAND-ZP91K5E,screw,91,80.0,27.0,GUNTNER-GACV-240,air_cooled,250.0,4,88.65392860085382
45.96617356105437,-0.4884405884208647,46.663424119560396,R410A,process_cooling,3.158594930686851,3.607910363879299,1.107724995303849,0.28775564658851677,35.63384303030964,58.26074490145585,COPELAND-ZP61K5E,screw,61,55.0,18.5,GUNTNER-GACV-060,air_cooled,65.0,4,11.062756566277567
544.4422638268546,-25.917135928644694,38.24193647451235,R410A,cold_storage,2.0240128363128655,7.293460942291522,1.124453580562518,3.3553360335042766,1006.2289082488167,796.0027981454423,COPELAND-ZP91K5E,screw,91,80.0,27.0,GUNTNER-GACV-240,air_cooled,250.0,2,266.3877384779472
565.9356429048645,-3.951188836100485,38.80890555018367,R410A,hvac,3.6405632747118486,3.3457186411382582,1.1044817737395813,3.486064589653729,482.87167437242465,742.1025388980805,COPELAND-ZP91K5E,screw,91,80.0,27.0,GUNTNER-GACV-240,air_cooled,250.0,2,291.09303001051427
122.57311518330303,7.992072082548461,41.8597509508797,R717,ice_making,5.413486067850374,2.8541221518431272,1.1464818317006076,0.11654551206258981,94.48757344107212,151.73353089457703,BITZER-N320VLD,screw,320,150.0,42.5,BAC-VXC-116,evaporative,105.0,4,32.01875496545868
300.9130508180751,-24.164695665919975,42.48802763829697,R410A,blast_freezing,1.9009437329682164,7.544845038983256,1.1186792396743348,2.008008272236883,563.5921428983974,465.52200967590227,COPELAND-ZP91K5E,screw,91,80.0,27.0,GUNTNER-GACV-240,air_cooled,250.0,2,152.524700288951
406.4788612671975,-13.591710197394544,32.936953594931246,R410A,hvac,3.242918328014081,4.021094106882082,1.1726761748199164,2.3688017569166155,453.95735606571725,537.8291931191536,COPELAND-ZP91K5E,screw,91,80.0,27.0,GUNTNER-GACV-240,air_cooled,250.0,3,137.02331059822524
789.2183947317051,-17.304851521384478,40.89120571680859,R410A,process_cooling,2.3492709323911707,5.598812270860178,1.1739261329906046,5.025971801105305,1097.640737770742,1131.3704913001584,COPELAND-ZP91K5E,screw,91,80.0,27.0,GUNTNER-GACV-240,air_cooled,250.0,4,198.39361032812954
751.2644798593344,-0.4506794535543577,32.2378104784323,R717,ice_making,5.47713181016759,2.952491539641652,1.1992190733846013,0.6499160842978019,704.6912602064151,873.5900146170542,BITZER-CSH9563-160,screw,1417,500.0,135.0,BAC-VXC-584,evaporative,565.0,3,246.23901434237015
491.7662062128744,1.5687780059842922,28.19112764515886,R717,blast_freezing,6.938655496394919,2.4286721491798478,1.130163632075014,0.4333428559473582,437.5784756248928,574.333314162235,BITZER-CSH9563-160,screw,1417,500.0,135.0,BAC-VXC-584,evaporative,565.0,2,250.99344649003882
266.201778132802,1.4628004422492893,30.89102059091613,R410A,process_cooling,5.864197991757138,2.3051841991990463,1.136761022007749,1.4655869030605908,170.54630926080532,313.4730671250036,COPELAND-ZP91K5E,screw,91,80.0,27.0,GUNTNER-GACV-240,air_cooled,250.0,2,133.90261563782673
527.6226524570587,-9.569216630601499,29.777792341887263,R410A,blast_freezing,4.055466393659709,3.2217522058114003,1.1008908414132306,2.8506121516201732,475.92679116903827,641.6650084900241,COPELAND-ZP91K5E,screw,91,80.0,27.0,GUNTNER-GACV-240,air_cooled,250.0,3,171.58000701855892
586.081813859589,-13.88420023166804,42.482233931663245,R717,blast_freezing,2.735818785862402,6.724512002653296,1.1039288902391438,0.5482911058183252,983.2229539698758,801.0467910196679,BITZER-CSH9563-160,screw,1417,500.0,135.0,BAC-VXC-584,evaporative,565.0,2,293.3117189088303
464.4910079924953,6.246854656050601,43.807294238031446,R717,hvac,4.779886036356642,3.2007460514370614,1.1317897139225774,0.4183629560391777,359.6686183905369,550.1525803699301,BITZER-CSH9563-160,screw,1417,500.0,135.0,BAC-VXC-584,evaporative,565.0,2,227.48429815351668
389.0262868692549,-38.673211851086606,28.00098430846614,R717,hvac,1.9719834148059703,14.292623106715554,1.119735430784289,0.35251698533754866,1889.599931067413,586.4390736049164,BITZER-CSH9563-160,screw,1417,500.0,135.0,BAC-VXC-584,evaporative,565.0,2,194.55830762409772
190.16100836853573,-27.671428605337127,30.621241111988947,R717,cold_storage,2.4712718067198365,8.898062496058314,1.1103825000655985,0.17422549317933256,557.1866844532557,271.21004990803084,BITZER-S6H-25.2,screw,418,190.0,55.0,BAC-VXC-292,evaporative,250.0,4,48.2700424624866
292.8663538272427,9.227037026979595,29.139770894305613,R717,hvac,9.774666570508371,1.8995560333201045,1.1756349517208016,0.25693955252117484,199.9287167891682,329.1143939254615,BITZER-CSH8561-90,screw,856,300.0,82.5,BAC-VXC-438,evaporative,425.0,4,74.6422973538138
165.81126766909296,-25.577376143054366,43.08130236037077,R410A,ice_making,1.811003607143754,8.089503572817794,1.1726553050368462,1.1293141341743131,334.32457900161796,263.23423583581655,COPELAND-ZP91K5E,screw,91,80.0,27.0,GUNTNER-GACV-240,air_cooled,250.0,4,42.39750434781408
376.11519107411624,-22.298041310209808,47.05954438427277,R410A,process_cooling,1.770977509749459,7.819685409128635,1.158015506447199,2.529278492191108,662.1983389518116,570.7519049218488,COPELAND-ZP91K5E,screw,91,80.0,27.0,GUNTNER-GACV-240,air_cooled,250.0,3,121.59232421373297
597.8430881321574,2.979955438939818,42.63065330557798,R410A,blast_freezing,4.013696701888542,2.939381090004866,1.1963433511624655,3.679871606245345,408.1844706193879,746.8672158789132,COPELAND-ZP91K5E,screw,91,80.0,27.0,GUNTNER-GACV-240,air_cooled,250.0,4,149.47545989333125
143.60916039871387,-39.07541309525518,31.055019818193216,R717,process_cooling,1.8430407012781171,15.993210295912435,1.1144843377225235,0.13368627667647104,731.0229224130554,224.47371759214371,BITZER-N320VLD,screw,320,150.0,42.5,BAC-VXC-292,evaporative,250.0,4,36.37955285898134
62.44416957150778,-10.44548861477471,39.17817681694029,R410A,blast_freezing,2.965455904085268,4.204071432471268,1.1129480914877743,0.37145657263971665,63.88817719268127,81.38519268427338,COPELAND-ZP91K5E,screw,91,80.0,27.0,GUNTNER-GACV-060,air_cooled,65.0,3,20.287217576677584
476.36869979236553,-13.212949224273423,49.11441790289565,R717,cold_storage,2.4160524225080287,7.803725098323945,1.1607892319679327,0.46124292195128974,805.5293628469076,676.8235471859928,BITZER-CSH9563-160,screw,1417,500.0,135.0,BAC-VXC-584,evaporative,565.0,4,119.67330770561028
219.02912221204517,-35.935420846048764,29.76267837696421,R717,blast_freezing,2.039067244932188,13.061164899884707,1.1928775848551258,0.19984282948627397,937.2509275991794,327.54651676881224,BITZER-CSH8561-90,screw,856,300.0,82.5,BAC-VXC-438,evaporative,425.0,4,54.94197065305638
506.67910857716333,-29.866441555192406,39.389971585108086,R410A,blast_freezing,1.7898160069151372,8.798718200673003,1.1483997370798713,3.3324322117725793,1164.2192126905882,804.3888273521782,COPELAND-ZP91K5E,screw,91,80.0,27.0,GUNTNER-GACV-240,air_cooled,250.0,4,129.01460126850753
363.55953209227454,-18.89076947266833,36.27917079824715,R717,cold_storage,2.752421620667618,7.016335107677207,1.1158316894870774,0.3253698781685293,714.151442873734,485.0501207093811,BITZER-CSH8561-90,screw,856,300.0,82.5,BAC-VXC-584,evaporative,565.0,2,177.89344779310923
454.18653299210524,-19.83666693890754,34.49315725141566,R717,cold_storage,2.7936224898180444,6.95090283544085,1.1908694551265286,0.41139572848373784,939.0347607416786,614.9939556691156,BITZER-CSH9563-160,screw,1417,500.0,135.0,BAC-VXC-584,evaporative,565.0,3,150.9604562455912
103.71570866872959,-31.723993149402673,41.2059741971094,R410A,hvac,1.641299612793319,9.931472755446624,1.1442353985104474,0.6742652458694227,253.5394492327708,163.49726250278363,COPELAND-ZP91K5E,screw,91,80.0,27.0,GUNTNER-GACV-180,air_cooled,185.0,4,25.399238346420848
428.8385436350011,-37.35289971062907,49.87158217897155,R410A,ice_making,1.1776109544304776,15.515250942027194,1.1941622767460764,3.2352024401824613,1531.2901268249389,787.1218209064327,COPELAND-ZP91K5E,screw,91,80.0,27.0,GUNTNER-GACV-240,air_cooled,250.0,2,212.83032143202618
499.2730964355567,-10.23632189525389,49.417374800500355,R717,hvac,2.5835678639342605,6.956218040957471,1.1175656971195491,0.4844448420538998,753.7165985433787,698.9679986934491,BITZER-CSH9563-160,screw,1417,500.0,135.0,BAC-VXC-584,evaporative,565.0,3,167.97330927435792
238.68420797391565,-4.810790760204533,49.94695799877438,R717,blast_freezing,2.9332707380096457,5.682320704183303,1.1236383493972963,0.23086610811907365,293.01761725292624,323.29621298785895,BITZER-CSH8561-90,screw,856,300.0,82.5,BAC-VXC-438,evaporative,425.0,3,80.3669841575239
568.6825832378083,-38.13654386647068,32.057918830697524,R717,ice_making,1.8501434350134833,15.674380554383026,1.1122415476934586,0.5116321556276704,2670.8687054689835,855.2937998140319,BITZER-CSH9563-160,screw,1417,500.0,135.0,BAC-VXC-584,evaporative,565.0,3,185.06860500352113
659.9541310908905,-3.23033659218234,42.62397320231533,R717,ice_making,3.661527586056851,4.399333012792712,1.1780858470304056,0.6303233619231279,755.1631414442494,868.8223556774989,BITZER-CSH9563-160,screw,1417,500.0,135.0,BAC-VXC-584,evaporative,565.0,2,341.22044372443855
509.6688416070488,3.387781487550555,46.38664525131206,R717,blast_freezing,4.042465012961702,3.801329397424186,1.1782340311797683,0.4646816072515418,440.4797859744662,621.1455091725638,BITZER-CSH9563-160,screw,1417,500.0,135.0,BAC-VXC-584,evaporative,565.0,3,165.98753336803387
331.6976376007605,-31.99880212083152,28.618867579016342,R410A,ice_making,2.1982360444229574,7.331451899848132,1.1349283819385925,1.9095664410454163,725.967801197215,479.3641449089506,COPELAND-ZP91K5E,screw,91,80.0,27.0,GUNTNER-GACV-240,air_cooled,250.0,4,82.37005704913261
68.49608482850144,-8.88739754245129,49.53037789782918,R717,cold_storage,2.6660215988295093,6.6056706126749285,1.132879061785138,0.0638115692218032,94.30128414322726,91.3757381794208,BITZER-6FE-35Y,screw,232,100.0,30.0,BAC-VXC-116,evaporative,105.0,3,22.15023243662885
396.16978772284915,-0.898931628354795,41.026787727097776,R717,hvac,4.105114329585758,3.853631956257935,1.1577940719767725,0.3607536366670223,397.44664221452314,490.4879531074759,BITZER-CSH9563-160,screw,1417,500.0,135.0,BAC-VXC-584,evaporative,565.0,4,98.60254809190864
405.4725191638437,-28.391693916948377,32.7946958120301,R410A,ice_making,2.1757690770791047,7.032220660101742,1.171625374277908,2.468224398267638,814.041822960159,602.2321183809203,COPELAND-ZP91K5E,screw,91,80.0,27.0,GUNTNER-GACV-240,air_cooled,250.0,4,103.14966143588488
686.1258493611465,3.813557780700677,49.79572641684642,R717,blast_freezing,3.7367187957607912,4.093913664049705,1.1639934342480505,0.628100284230676,586.7136334497683,840.0159173446519,BITZER-CSH9563-160,screw,1417,500.0,135.0,BAC-VXC-584,evaporative,565.0,4,165.66865178323548
506.8809730125261,-36.85567575135609,40.39194457754017,R717,ice_making,1.640633012091469,18.584110023423943,1.194728672683354,0.49499760555165045,2427.184349394308,833.8569181937571,BITZER-CSH9563-160,screw,1417,500.0,135.0,BAC-VXC-584,evaporative,565.0,4,129.51943540480752
538.0944710134922,4.770951431946678,45.43446533351895,R410A,ice_making,3.86761721378821,2.972264812872052,1.1992777195284061,3.4631913630405498,363.199267094567,687.9733097506739,COPELAND-ZP91K5E,screw,91,80.0,27.0,GUNTNER-GACV-240,air_cooled,250.0,3,182.21217887891262
495.5023558502861,-21.852450651679643,32.734324182365434,R717,ice_making,2.7530967638605413,7.228869494715619,1.1975589077907831,0.4364319994947895,1084.0670603937901,658.3229489278829,BITZER-CSH9563-160,screw,1417,500.0,135.0,BAC-VXC-584,evaporative,565.0,2,241.45750753361466
415.0092289557164,-26.414372568854546,36.50573506315567,R410A,blast_freezing,2.0867956176017444,7.12746158965064,1.1589459403468751,2.526661675255072,772.2204553227141,604.0817999676841,COPELAND-ZP91K5E,screw,91,80.0,27.0,GUNTNER-GACV-240,air_cooled,250.0,2,204.19156449122858
240.1014268392714,-39.551307054984,45.46628635446393,R717,hvac,1.4186609283766562,24.587737493055652,1.1463897884142575,0.23556120989010493,1318.9609480857416,408.5448093579521,BITZER-CSH8561-90,screw,856,300.0,82.5,BAC-VXC-438,evaporative,425.0,3,79.87705810369214
80.38958026219413,-39.656274707481714,39.09484016226081,R717,process_cooling,1.575105565128602,20.776048216180588,1.1722997937823931,0.0737621125453796,415.17987007048714,126.4440681440356,BITZER-6FE-35Y,screw,232,100.0,30.0,BAC-VXC-116,evaporative,105.0,4,19.335397168584073
584.1642021750735,-20.005455175705194,32.608526195703206,R410A,hvac,2.7252040327518627,5.043163614424732,1.1213952574643269,3.3931249297119113,816.7177492515542,794.724470225321,COPELAND-ZP91K5E,screw,91,80.0,27.0,GUNTNER-GACV-240,air_cooled,250.0,4,145.34682611630902
509.36049278034477,-5.4762330986435686,25.894540702585285,R717,cold_storage,5.632341105223278,2.9605579407325306,1.1502444120892812,0.4333787242299434,563.694195008318,592.5438419896158,BITZER-CSH9563-160,screw,1417,500.0,135.0,BAC-VXC-584,evaporative,565.0,4,125.80056517511872
153.31210750880777,-11.533060745735273,36.08907199388722,R410A,blast_freezing,3.143164111507099,4.046754808748259,1.195020220655384,0.9013334530863557,160.888336115908,200.65955820217118,COPELAND-ZP91K5E,screw,91,80.0,27.0,GUNTNER-GACV-240,air_cooled,250.0,2,76.11404050110286
624.5045650254004,-7.489001153890733,36.603429332543485,R717,hvac,3.776877906378188,4.395204710141596,1.1711431078543257,0.5585287335555612,782.9846607153638,781.9899777323152,BITZER-CSH9563-160,screw,1417,500.0,135.0,BAC-VXC-584,evaporative,565.0,3,206.0956080374033
567.2874451565567,5.687692388388044,33.08247826310745,R410A,ice_making,6.405421497422798,2.1381047275399774,1.1567481059205713,3.141775088315223,320.2288999573846,655.0005385665964,COPELAND-ZP91K5E,screw,91,80.0,27.0,GUNTNER-GACV-240,air_cooled,250.0,3,188.8505843103419
491.44000435135723,-14.229520114406512,49.552788137547715,R410A,hvac,2.013664533885205,6.142930130463455,1.1882961671014571,3.399531540351,666.1163968793621,727.2400023425007,COPELAND-ZP91K5E,screw,91,80.0,27.0,GUNTNER-GACV-240,air_cooled,250.0,2,242.962908424941
266.31061311735624,6.108660616257012,40.642631001611676,R717,cold_storage,5.262331990285036,2.9500636031722394,1.1842482856514518,0.2454934109245976,212.04085856734181,322.2219021482201,BITZER-CSH8561-90,screw,856,300.0,82.5,BAC-VXC-438,evaporative,425.0,4,67.6919806501625
231.72743239048933,5.423699520515179,25.979589109534228,R410A,process_cooling,8.933909630069364,1.7936547080752316,1.1151612902994552,1.1884691336208517,122.13316297548752,254.09221930597943,COPELAND-ZP91K5E,screw,91,80.0,27.0,GUNTNER-GACV-240,air_cooled,250.0,2,114.25697482248667
301.6919961593659,3.8081468198843638,26.058513957302353,R717,process_cooling,8.511334580427283,2.0973918522408996,1.1281368558658653,0.26147165163820607,244.28830207477188,342.1835455764887,BITZER-CSH8561-90,screw,856,300.0,82.5,BAC-VXC-438,evaporative,425.0,2,153.10357446113238
692.4360926590381,-36.80130089508746,31.567196143839617,R410A,cold_storage,1.822669522996285,9.721906139401952,1.1286764786634609,4.19272363744347,1939.278708659443,1072.3604261276969,COPELAND-ZP91K5E,screw,91,80.0,27.0,GUNTNER-GACV-240,air_cooled,250.0,4,173.112602311967
375.1862104370504,6.991911139445733,38.82067219607503,R717,hvac,5.789968965781501,2.717935092777723,1.1082428470778563,0.34017637450865856,285.19460258137593,443.9338256920337,BITZER-CSH9563-160,screw,1417,500.0,135.0,BAC-VXC-584,evaporative,565.0,3,126.18433096287795
488.17870071944435,-36.51281324110315,25.65008597217743,R410A,process_cooling,2.1049751744472247,8.22990491765751,1.140733783472005,2.713846141118087,1240.2588946579149,701.6287233790977,COPELAND-ZP91K5E,screw,91,80.0,27.0,GUNTNER-GACV-240,air_cooled,250.0,4,118.91488348655093
48.654964771860996,-34.35385166066669,47.645037143622616,R410A,blast_freezing,1.3268939187797633,12.932012806479044,1.118174219257685,0.3439260538721488,143.80272506852273,82.85574553520505,COPELAND-ZP61K5E,screw,61,55.0,18.5,GUNTNER-GACV-120,air_cooled,125.0,3,15.749290502577026
733.2288571103231,-7.168062652065245,26.06914082986067,R717,ice_making,5.242901911528747,3.181657451600026,1.1479540635454553,0.6377128551595153,883.3053395617496,879.4676158251652,BITZER-CSH9563-160,screw,1417,500.0,135.0,BAC-VXC-584,evaporative,565.0,3,246.1976021985512
783.3704335026571,5.56348109537781,26.542400001080818,R410A,hvac,8.732031424019317,1.8127536704318592,1.1371832930582797,4.131857795474622,422.7711781596254,881.322860537965,COPELAND-ZP91K5E,screw,91,80.0,27.0,GUNTNER-GACV-240,air_cooled,250.0,3,263.587959444606
377.3011528873637,-3.6476795239564552,44.95650848590057,R717,cold_storage,3.40888522649988,4.761588387603135,1.1210598652490276,0.34592451409298913,420.7705839745095,479.0080348600302,BITZER-CSH9563-160,screw,1417,500.0,135.0,BAC-VXC-584,evaporative,565.0,2,185.18098448044742
562.1984296670508,-28.955543895406713,43.41014117531709,R717,ice_making,1.860981260444633,13.593243109609588,1.1134815206265727,0.5301074490246906,1795.8053954008217,850.7654343504391,BITZER-CSH9563-160,screw,1417,500.0,135.0,BAC-VXC-584,evaporative,565.0,4,138.34925732038414
349.05623140458397,6.92732751143312,44.45271215997074,R410A,blast_freezing,4.302726426346276,2.7193614496928875,1.172459369465817,2.135411588836126,209.4638355185703,421.970435687855,COPELAND-ZP91K5E,screw,91,80.0,27.0,GUNTNER-GACV-240,air_cooled,250.0,4,85.59857697684396
430.0275403348116,7.113322368417002,40.91611505061251,R717,blast_freezing,5.410031554813271,2.868404749734864,1.1814851458369333,0.38732338482322576,323.39860889697036,506.0306337246453,BITZER-CSH9563-160,screw,1417,500.0,135.0,BAC-VXC-584,evaporative,565.0,2,213.54354286265578
180.5269416231779,-11.329533529886564,44.895417135446024,R717,blast_freezing,2.7717498757670898,6.454627638101631,1.1713314516577167,0.16949091646365474,275.0427371086466,244.78763523466586,BITZER-S6H-25.2,screw,418,190.0,55.0,BAC-VXC-292,evaporative,250.0,2,89.9436759990633
523.6494493329178,-27.070345315185378,40.10147342107873,R410A,ice_making,1.880401602721521,7.991154468651679,1.137190602698482,3.37246728138045,1056.948638359324,800.2496681292263,COPELAND-ZP91K5E,screw,91,80.0,27.0,GUNTNER-GACV-240,air_cooled,250.0,3,174.141313848478
351.3853642888276,-22.81894995021673,25.139482843464215,R717,cold_storage,3.207406667933823,6.015563442319021,1.1917750102613556,0.3142925425304141,813.4111891900113,470.6543567201995,BITZER-CSH9563-160,screw,1417,500.0,135.0,BAC-VXC-584,evaporative,565.0,2,179.39553282803988
295.0008364065426,-10.746811562940348,33.09940034964997,R717,cold_storage,3.7545406266697836,4.532714955769366,1.1139078472631823,0.2662964415896655,422.52223865027236,377.64114502115854,BITZER-CSH8561-90,screw,856,300.0,82.5,BAC-VXC-438,evaporative,425.0,2,149.10683624520328
557.8025091410865,-29.992623154762768,40.81365522850894,R717,cold_storage,1.905941234200536,13.313819979978074,1.1432061980155985,0.5082977438677324,1804.78587168063,817.7438527724875,BITZER-CSH9563-160,screw,1417,500.0,135.0,BAC-VXC-584,evaporative,565.0,4,134.084931731412
815.9172878054142,7.870949148402289,49.31872546508097,R717,cold_storage,4.282148076142161,3.4985567285624573,1.1613740030122168,0.7341425535953098,597.6089526266213,961.4952401212637,BITZER-CSH9563-160,screw,1417,500.0,135.0,BAC-VXC-584,evaporative,565.0,3,259.8226411777142
750.6733163493031,-26.1058910077324,36.62704887703332,R410A,process_cooling,2.096550366105184,7.061670155826217,1.1361834128747887,4.5804146328261774,1383.5256402362616,1092.9777506301143,COPELAND-ZP91K5E,screw,91,80.0,27.0,GUNTNER-GACV-240,air_cooled,250.0,4,185.00287677466358
603.362569069699,-10.630491262360383,31.747875010798534,R717,ice_making,3.9098962995109465,4.336484142336341,1.1633157665538068,0.5275681009087769,833.3321641126921,746.3295858577711,BITZER-CSH9563-160,screw,1417,500.0,135.0,BAC-VXC-584,evaporative,565.0,4,148.58110578890907
619.2991013560467,6.552874634800553,42.32716955312945,R410A,cold_storage,4.587654924383587,2.6145950887664706,1.1575522273700696,3.588590695513485,356.10075226940273,717.507524304846,COPELAND-ZP91K5E,screw,91,80.0,27.0,GUNTNER-GACV-240,air_cooled,250.0,4,147.27452624154895
663.8957729102232,-12.559438154720691,37.09151731169071,R717,blast_freezing,3.2132110290147176,5.477305463649183,1.114610372444352,0.6051905144985784,1030.1953460339626,871.3831721508254,BITZER-CSH9563-160,screw,1417,500.0,135.0,BAC-VXC-584,evaporative,565.0,4,166.14038556167714
134.88562337008835,4.378773977548775,36.3812124474497,R410A,hvac,5.2967182923769025,2.4173681998946543,1.1187493216796518,0.7696096670252685,81.70590377682234,159.34748416822714,COPELAND-ZP91K5E,screw,91,80.0,27.0,GUNTNER-GACV-180,air_cooled,185.0,2,67.0205252202481
415.7699331700951,-16.647307406466297,27.67182543981717,R717,cold_storage,3.6191977822945844,4.944048366128965,1.1454739057363295,0.3745601759631318,750.1395964126032,544.0869157639639,BITZER-CSH9563-160,screw,1417,500.0,135.0,BAC-VXC-584,evaporative,565.0,3,142.09957743862182
440.72473376495327,-17.652560024048746,44.900404193116,R410A,cold_storage,2.0951933558669507,6.240841229148743,1.1134072159471344,3.003843936047582,664.2150218156329,667.2171482061494,COPELAND-ZP91K5E,screw,91,80.0,27.0,GUNTNER-GACV-240,air_cooled,250.0,4,112.9128922747428
419.65212198444874,-11.569512816367563,39.69080617717435,R717,hvac,3.10322878704313,5.6548986896082925,1.1442815541777054,0.37799578381668714,619.1239594918288,543.1314923833833,BITZER-CSH9563-160,screw,1417,500.0,135.0,BAC-VXC-584,evaporative,565.0,2,205.3823183874167
298.4173858972447,-28.974494235944384,42.10462047825257,R717,blast_freezing,1.9054562469438499,13.130546244380866,1.1881357540013866,0.28332102243257024,960.6062451664981,453.7617795366703,BITZER-CSH8561-90,screw,856,300.0,82.5,BAC-VXC-584,evaporative,565.0,4,74.39650987275871
132.38575270682898,2.8110150014078457,36.3039362576474,R717,process_cooling,5.389305330555415,2.942206992402469,1.178992989923985,0.11779292690486336,113.90817852018215,156.49230131755016,BITZER-N320VLD,screw,320,150.0,42.5,BAC-VXC-292,evaporative,250.0,4,32.99986266301359
679.1573986191464,-36.39088569954882,42.12535157979228,R717,cold_storage,1.6087443310950633,19.027406289719938,1.179904631410474,0.6479232384147414,3106.2594781478538,1091.4742165032385,BITZER-CSH9563-160,screw,1417,500.0,135.0,BAC-VXC-584,evaporative,565.0,3,224.3611913729828
658.8692224938854,-19.912375340388735,29.09531725359845,R410A,cold_storage,3.006997198021906,4.592492119942006,1.1603590915616564,3.7515832411454335,899.9475734884235,886.7330797715465,COPELAND-ZP91K5E,screw,91,80.0,27.0,GUNTNER-GACV-240,air_cooled,250.0,4,166.3592307715284
598.4315108301612,1.0640054126801957,49.553292110255626,R410A,blast_freezing,3.0181219901001715,3.6724636401138606,1.1205697555306982,4.174171115501139,491.923828974863,826.6608196688311,COPELAND-ZP91K5E,screw,91,80.0,27.0,GUNTNER-GACV-240,air_cooled,250.0,4,155.23192204864668
373.95556744563515,-6.503935810250994,40.322462977377434,R410A,blast_freezing,3.214081265652374,3.778620567267121,1.1360087376701584,2.2545854836602777,339.67928360522774,482.8031366217389,COPELAND-ZP91K5E,screw,91,80.0,27.0,GUNTNER-GACV-240,air_cooled,250.0,3,122.74470745356388
291.1654716119177,-12.013398396641659,44.47767296405979,R717,hvac,2.7482763151093663,6.565198922404993,1.100948195140715,0.27499807827982287,458.2561382580265,398.5080555958193,BITZER-CSH8561-90,screw,856,300.0,82.5,BAC-VXC-438,evaporative,425.0,4,73.04759298023637
427.72930835296194,1.046423253202022,37.878200520104144,R717,blast_freezing,4.805099921143444,3.2826655087211845,1.1500004503382082,0.392470111538142,403.6298384137354,526.7568139214999,BITZER-CSH9563-160,screw,1417,500.0,135.0,BAC-VXC-584,evaporative,565.0,4,109.00411532181734
654.7724897134286,3.259453342970538,29.430429426029175,R717,cold_storage,7.1128097742228515,2.369107264043777,1.1343901908338736,0.5614084948628705,534.5327017724039,739.1664650036541,BITZER-CSH9563-160,screw,1417,500.0,135.0,BAC-VXC-584,evaporative,565.0,3,216.01847791216824
83.55476518260282,-29.945602633861903,28.808697002034155,R717,ice_making,2.420484315098675,9.405585489427136,1.1426050455090946,0.07778590461937392,275.5996735638613,122.40087449740986,BITZER-6FE-35Y,screw,232,100.0,30.0,BAC-VXC-116,evaporative,105.0,3,28.872070890424485
527.8771455098486,9.35380010659793,29.740296892215934,R410A,ice_making,9.05330984549055,1.7578928090836539,1.1206279536979271,2.8210347682941674,256.8649866417829,586.2042244646324,COPELAND-ZP91K5E,screw,91,80.0,27.0,GUNTNER-GACV-240,air_cooled,250.0,3,175.96488315385747
266.8347922323904,-25.712182067179484,48.38335399929041,R410A,hvac,1.5820082284768953,9.21293719201284,1.1404996659998887,1.8787723590555887,559.0500245843867,429.64789896721504,COPELAND-ZP91K5E,screw,91,80.0,27.0,GUNTNER-GACV-240,air_cooled,250.0,4,65.81180726086387
711.3925382531529,-34.87855962464326,31.269849190268566,R410A,blast_freezing,1.9221454298506764,8.87361338203706,1.1747550037367833,4.206489064920532,1796.9762514183947,1065.5566466643575,COPELAND-ZP91K5E,screw,91,80.0,27.0,GUNTNER-GACV-240,air_cooled,250.0,4,175.2269768737664
347.7791984453664,-37.347394469002055,26.159480489324228,R717,ice_making,2.113501809832821,12.605887217897859,1.1588774280116907,0.31474091949399247,1580.7133291296166,516.8616218023666,BITZER-CSH9563-160,screw,1417,500.0,135.0,BAC-VXC-584,evaporative,565.0,2,175.42754747444397
726.7244062663916,-8.51871585593205,25.96501144183638,R410A,blast_freezing,4.789104119823278,2.812987634412008,1.181899801818774,3.8116773953362415,614.2374814364913,863.3939484642556,COPELAND-ZP91K5E,screw,91,80.0,27.0,GUNTNER-GACV-240,air_cooled,250.0,3,238.084248733284
264.7739968458609,-31.670020534455066,32.113632483449415,R717,blast_freezing,2.163966199615189,11.288893128204913,1.1082174979567574,0.23164651474369857,888.3134742923554,370.86611985866966,BITZER-CSH8561-90,screw,856,300.0,82.5,BAC-VXC-438,evaporative,425.0,2,126.82527203580811
423.01857743171064,-20.120230659475812,39.35910472219941,R717,blast_freezing,2.4931058848505305,8.07922192313756,1.1452459836270166,0.4087076863416258,943.9758808224915,616.5779178432933,BITZER-CSH9563-160,screw,1417,500.0,135.0,BAC-VXC-584,evaporative,565.0,2,220.0325564293305
617.2159560814962,-38.42721089430679,39.45821747585873,R410A,cold_storage,1.4670305508985815,12.719120131757277,1.1822596509554635,4.078081948521059,2019.5451206381292,1032.1314463066785,COPELAND-ZP91K5E,screw,91,80.0,27.0,GUNTNER-GACV-240,air_cooled,250.0,4,153.44037427136053
33.19536530522543,-1.2364982942209295,36.09902994045534,R717,ice_making,4.692766406362694,3.399809240257344,1.1550838259703722,0.03003223492012197,33.48786703124435,40.69465108878743,BITZER-4DC-10.2Y,reciprocating,67,37.5,12.0,BAC-VXC-116,evaporative,105.0,3,11.18205560742657
541.1763636383481,-0.07715647197083086,29.587980108405624,R410A,cold_storage,5.801042153454634,2.340697077060597,1.1328685212474519,2.874840582693698,351.34678600422404,621.5707855554327,COPELAND-ZP91K5E,screw,91,80.0,27.0,GUNTNER-GACV-240,air_cooled,250.0,3,176.7257746192818
464.52998635464223,-37.27650938718786,38.05020222066236,R410A,ice_making,1.5548368621908935,11.67680621988956,1.185123336795442,3.0349780421760237,1431.931001867028,766.0105138020548,COPELAND-ZP91K5E,screw,91,80.0,27.0,GUNTNER-GACV-240,air_cooled,250.0,2,233.09147470650313
792.5249049098306,-31.161087705493088,43.26433305828409,R410A,hvac,1.5831962631173242,10.191436754661785,1.194360000241424,5.242104874009572,1927.4746377999472,1258.8473818508319,COPELAND-ZP91K5E,screw,91,80.0,27.0,GUNTNER-GACV-240,air_cooled,250.0,2,385.76288206149854
74.09922560911157,-38.06226459403373,39.7979476050931,R717,process_cooling,1.6130883596217316,19.470705285861232,1.1372676867734022,0.07112513714394297,369.94019557217536,120.70536664925073,BITZER-6FE-35Y,screw,232,100.0,30.0,BAC-VXC-116,evaporative,105.0,2,37.25637925117185
399.62725140151497,-18.066365695316303,36.56698805849306,R410A,hvac,2.5834226532608944,5.180417786275478,1.1676161241511016,2.3924606844341896,536.920179455454,548.5505791765227,COPELAND-ZP91K5E,screw,91,80.0,27.0,GUNTNER-GACV-240,air_cooled,250.0,3,131.82350412153446
284.23073432090405,-25.911206354562474,27.850752277200304,R717,cold_storage,2.7537815158063985,7.537290095600223,1.1515884220703125,0.25043541486406723,740.9329430250514,383.75304692624684,BITZER-CSH8561-90,screw,856,300.0,82.5,BAC-VXC-438,evaporative,425.0,3,93.84066376888082
533.4775849482971,-23.47723408676008,42.4313610726018,R717,cold_storage,2.155859123009585,10.231765883355616,1.1441828784438557,0.5132498249133344,1366.2837430657905,794.024817826705,BITZER-CSH9563-160,screw,1417,500.0,135.0,BAC-VXC-584,evaporative,565.0,4,135.60535979939928
814.5263739191605,-19.223891669119737,48.316101147721156,R717,hvac,2.126507306283061,9.892687490739005,1.1861963178278185,0.7716036760504243,1717.0443943800733,1172.6304685130842,BITZER-CSH9563-160,screw,1417,500.0,135.0,BAC-VXC-584,evaporative,565.0,2,398.78481234507655
560.1053562229785,-9.08532482670056,46.47893864480788,R410A,ice_making,2.499613781412925,4.776033183840234,1.1509742083616465,3.84373753042709,631.3316962765701,812.2635314182454,COPELAND-ZP91K5E,screw,91,80.0,27.0,GUNTNER-GACV-240,air_cooled,250.0,3,193.38754160584833
504.5863449158212,-5.168592618417954,30.375711708633784,R717,process_cooling,4.894488583581641,3.348045524097621,1.1194894902320578,0.4365883565108402,561.462992897774,599.4040398956126,BITZER-CSH9563-160,screw,1417,500.0,135.0,BAC-VXC-584,evaporative,565.0,2,248.85757166393165
281.7779592262791,-18.31183531868573,43.02469281840938,R717,blast_freezing,2.416431166222447,8.251727160175111,1.1397068536041528,0.25936967976000347,555.8917305429381,389.15409190874936,BITZER-CSH8561-90,screw,856,300.0,82.5,BAC-VXC-438,evaporative,425.0,4,68.81187051626291
616.2913498127355,-1.9747266961709045,29.705420326883967,R410A,ice_making,5.349042868314936,2.4954670183617433,1.1269673319027236,3.285729637627289,426.81353592630006,715.8670121848329,COPELAND-ZP91K5E,screw,91,80.0,27.0,GUNTNER-GACV-240,air_cooled,250.0,2,301.5575273006063
270.8820095807977,-19.141413628683356,44.11758446000641,R717,blast_freezing,2.3152131684703985,8.814810420733485,1.1871692682637882,0.2512897212449434,557.2899177377956,379.49607863874286,BITZER-CSH8561-90,screw,856,300.0,82.5,BAC-VXC-438,evaporative,425.0,2,132.51249225893338
402.7640501280112,-35.35932902212977,46.487656105577116,R717,cold_storage,1.52783829839989,20.294304613425894,1.1934909163065126,0.3985299372254727,1818.0778560984104,671.7998106356314,BITZER-CSH9563-160,screw,1417,500.0,135.0,BAC-VXC-584,evaporative,565.0,4,101.50980387042743
778.4411443408662,3.5597209412800055,29.75858379224338,R717,process_cooling,7.111850045629662,2.366415388563958,1.1428567898398556,0.6853997176543731,645.8599080458445,901.456505954558,BITZER-CSH9563-160,screw,1417,500.0,135.0,BAC-VXC-584,evaporative,565.0,2,395.1640782893959
728.9628729629092,-6.798215510830808,27.26418514757215,R717,cold_storage,5.106307176736273,3.2515505776994096,1.144792605075972,0.6109043763750605,834.5599952775713,842.268417211618,BITZER-CSH9563-160,screw,1417,500.0,135.0,BAC-VXC-584,evaporative,565.0,2,352.16712319447555
632.6066458842865,-31.77046237391445,45.843826422846575,R717,process_cooling,1.671899957554822,16.65157122879211,1.175045236185723,0.61779457802473,2380.1435448559264,1014.5619883985075,BITZER-CSH9563-160,screw,1417,500.0,135.0,BAC-VXC-584,evaporative,565.0,3,211.61547616382475
629.2515312660186,4.414140624568731,47.49047948990295,R410A,blast_freezing,3.5674558759315462,3.153369982432225,1.1485888330517249,4.099220333612466,434.7148780120859,807.3559263493679,COPELAND-ZP91K5E,screw,91,80.0,27.0,GUNTNER-GACV-240,air_cooled,250.0,4,157.64830146475046
395.37699096331437,-9.458781259152353,36.224079548052295,R717,ice_making,3.5942231500868638,4.705813040640785,1.198966359223616,0.35615244005085966,537.8852076354473,503.65742767983903,BITZER-CSH9563-160,screw,1417,500.0,135.0,BAC-VXC-584,evaporative,565.0,2,197.014503556042
355.0504874820437,-26.620871848777277,43.885411901855804,R717,ice_making,1.9468755185024482,12.31872945985611,1.1564652263972535,0.34297293201415807,1046.9057033443314,542.5317728910264,BITZER-CSH9563-160,screw,1417,500.0,135.0,BAC-VXC-584,evaporative,565.0,3,119.47590139901052
280.89767448086917,-12.806386721532839,34.27370973022193,R410A,blast_freezing,3.192308005735584,4.044606957575387,1.185824683581335,1.6073676245842201,299.76687945746073,362.1107817130695,COPELAND-ZP91K5E,screw,91,80.0,27.0,GUNTNER-GACV-240,air_cooled,250.0,4,68.93393483042615
29.51101912949349,6.965663646434763,46.3860570562114,R717,hvac,4.529013421498167,3.3435398052438323,1.1065103912287697,0.028306967550795162,23.752752384665854,37.16454270818943,BITZER-4DC-10.2Y,reciprocating,67,37.5,12.0,BAC-VXC-116,evaporative,105.0,4,7.61070284595291
291.2349833538083,-11.953196037302213,36.73259213845457,R410A,hvac,3.0476658561539343,4.172850753047459,1.1271040773281855,1.716499200456428,310.8447635153898,382.0516630614597,COPELAND-ZP91K5E,screw,91,80.0,27.0,GUNTNER-GACV-240,air_cooled,250.0,4,71.9158800515225
446.4906386264582,-19.153798337282694,29.097182229380515,R717,process_cooling,3.2361089652340675,5.75618912924468,1.1882072143733897,0.3893670784264476,863.9487333715067,574.842852553836,BITZER-CSH9563-160,screw,1417,500.0,135.0,BAC-VXC-584,evaporative,565.0,3,146.38072533208984
253.05034671969545,-1.79479033214416,26.810037940340983,R717,ice_making,6.330750297850751,2.641756669007479,1.1856488323130117,0.2222251273357507,252.79885959355846,298.7968376744389,BITZER-CSH8561-90,screw,856,300.0,82.5,BAC-VXC-438,evaporative,425.0,3,86.01248586423246
743.7468182577429,-30.31936676925377,34.12977289685551,R410A,blast_freezing,2.0078879669508285,7.870588946790281,1.1365048994702258,4.493798709385065,1598.1949573642305,1103.559989942943,COPELAND-ZP91K5E,screw,91,80.0,27.0,GUNTNER-GACV-240,air_cooled,250.0,3,245.557109502436
641.873686131028,-27.460788028166057,31.350316400631712,R717,blast_freezing,2.4465435301844423,9.001001982670955,1.1704350257365288,0.6032792103962957,1911.320015582908,939.1165690699512,BITZER-CSH9563-160,screw,1417,500.0,135.0,BAC-VXC-584,evaporative,565.0,3,222.21195873731347
655.3589257515813,6.638105341818104,31.524556223382564,R410A,cold_storage,7.180258675063143,1.9965412599680301,1.1203019096396887,3.652037797706142,361.4435549379967,762.6337021150816,COPELAND-ZP91K5E,screw,91,80.0,27.0,GUNTNER-GACV-240,air_cooled,250.0,2,334.7025731716893
711.1304603473416,-21.097727713848833,29.747644605124055,R410A,cold_storage,2.855827958087077,4.884736974114227,1.110568379050812,3.986740641187517,998.6444062750217,945.9785262293967,COPELAND-ZP91K5E,screw,91,80.0,27.0,GUNTNER-GACV-240,air_cooled,250.0,2,350.320599404569
120.69583740151528,2.5096255578991276,44.58231815286672,R410A,ice_making,3.7012505090100087,3.124612742965561,1.1736166575780096,0.782065241140306,88.0439548824217,157.65702921409508,COPELAND-ZP91K5E,screw,91,80.0,27.0,GUNTNER-GACV-180,air_cooled,185.0,3,41.37396766451364
598.425885556622,-25.32685058218189,30.054887128143495,R717,process_cooling,2.662355166114361,7.834816317643631,1.1348106750141538,0.5354249458836031,1544.107057959396,820.798943783978,BITZER-CSH9563-160,screw,1417,500.0,135.0,BAC-VXC-584,evaporative,565.0,2,298.3405771978926
135.89934883322252,-13.481635032808732,44.17538440656057,R717,blast_freezing,2.663776008051573,6.922531373261163,1.1854413702995457,0.12973268642235947,228.9771826296984,189.51240953302016,BITZER-N320VLD,screw,320,150.0,42.5,BAC-VXC-292,evaporative,250.0,3,45.92880938797439
219.25620584852103,-0.8583714543153889,42.077785715149176,R717,hvac,3.9920596609413663,3.9603626031729515,1.1249950094304577,0.20509248420422788,225.62652043043568,279.07992846997695,BITZER-CSH8561-90,screw,856,300.0,82.5,BAC-VXC-292,evaporative,250.0,3,74.39172073872392
249.02931394081062,-29.777223673834747,29.128883699342424,R410A,ice_making,2.2980727501938163,6.774318022171946,1.1631209804401694,1.4436972624471947,502.60617708436604,357.93822251937104,COPELAND-ZP91K5E,screw,91,80.0,27.0,GUNTNER-GACV-240,air_cooled,250.0,3,83.136237203605
42.90056172334937,-31.16665081553697,49.261049988449855,R717,blast_freezing,1.597102307230121,17.687310646644494,1.1145599325802946,0.043317066746464204,162.29747904461988,71.24688488264029,BITZER-4NES-20Y,screw,134,50.0,15.0,BAC-VXC-116,evaporative,105.0,2,21.906831300454655
170.62899100638842,-16.823072367582736,34.880694193101704,R410A,process_cooling,2.79756900884723,4.745266762645454,1.1872612148851003,1.002186472911187,215.1498013235492,229.63234522961577,COPELAND-ZP91K5E,screw,91,80.0,27.0,GUNTNER-GACV-240,air_cooled,250.0,4,42.29102426754112
228.305798483323,-26.16058346451412,33.36487730481127,R410A,hvac,2.270353672340968,6.522728851780033,1.174316555928921,1.3680812895847592,414.09473220232474,329.55796765150905,COPELAND-ZP91K5E,screw,91,80.0,27.0,GUNTNER-GACV-240,air_cooled,250.0,4,57.19665341051992
708.3671815618234,-22.66368656832364,36.18597675208179,R717,blast_freezing,2.498798103757438,8.283754925694431,1.1734052141886804,0.6468405389734216,1663.0207999668921,985.9505488457725,BITZER-CSH9563-160,screw,1417,500.0,135.0,BAC-VXC-584,evaporative,565.0,2,352.0768116354882
622.9330455793292,-38.47801276324478,45.35356580412838,R410A,hvac,1.2796004591019965,14.681351440371227,1.1185264515442663,4.416303429620093,2191.744949800966,1098.7361903795083,COPELAND-ZP91K5E,screw,91,80.0,27.0,GUNTNER-GACV-240,air_cooled,250.0,2,308.37494527340135
74.55859149834133,-12.389958219152927,31.411112906992212,R717,ice_making,3.7346487764329703,4.616576622050371,1.1346567173677293,0.06574157064252942,111.17123530753426,93.835130579466,BITZER-6FE-35Y,screw,232,100.0,30.0,BAC-VXC-116,evaporative,105.0,2,37.00815753740545
350.6144751359876,-35.69766638476811,37.51636593156812,R410A,hvac,1.6320566046153437,10.754441078707403,1.1200855958143783,2.2306746512364106,985.5851384678073,558.8471088506133,COPELAND-ZP91K5E,screw,91,80.0,27.0,GUNTNER-GACV-240,air_cooled,250.0,3,115.50791541621953
761.0269732281258,2.9849759588432008,35.13492352532074,R717,cold_storage,5.6484082852624224,2.827571146664896,1.1470635874542325,0.6768687469990136,650.613012727109,897.471139297795,BITZER-CSH9563-160,screw,1417,500.0,135.0,BAC-VXC-584,evaporative,565.0,4,190.6201906338503
710.3147686558888,-31.539089511778798,47.557941792614365,R410A,ice_making,1.4153929800640213,11.455537103783197,1.1915118444455646,4.975054221573322,1856.9952657804006,1179.4882821036185,COPELAND-ZP91K5E,screw,91,80.0,27.0,GUNTNER-GACV-240,air_cooled,250.0,2,345.583399541259
313.0089898644002,-2.9432333034298708,29.617440371155595,R410A,blast_freezing,5.168666315729977,2.56943505470765,1.103494603417214,1.7217572412845037,230.7837183535307,376.7762068686995,COPELAND-ZP91K5E,screw,91,80.0,27.0,GUNTNER-GACV-240,air_cooled,250.0,2,157.84858422677584
97.21784522202908,8.514570307168057,37.17976571594592,R410A,cold_storage,6.065785419058684,2.1747287326183216,1.1663385147380012,0.5554937903854804,51.89407029382176,112.59674235903144,COPELAND-ZP91K5E,screw,91,80.0,27.0,GUNTNER-GACV-120,air_cooled,125.0,4,24.165313462275684
466.9984876257345,2.6162715909843755,29.793949480902135,R410A,process_cooling,6.454319571141833,2.161349238537235,1.185560059025482,2.4934577330948593,279.76835652462364,532.6938520435929,COPELAND-ZP91K5E,screw,91,80.0,27.0,GUNTNER-GACV-240,air_cooled,250.0,3,153.74425176610464
384.85835172956695,-5.113650986939071,49.90210927655436,R717,blast_freezing,2.9130901023096194,5.743080369511711,1.1660540760298965,0.3747989518771923,481.02615521865897,525.7065577652168,BITZER-CSH9563-160,screw,1417,500.0,135.0,BAC-VXC-584,evaporative,565.0,4,97.84023176729423
615.2798984715989,-21.912533150290738,30.29338088775077,R717,blast_freezing,2.906798429909534,6.746333220879464,1.1974783549130934,0.5569744301616327,1387.0087639467747,837.0635674449325,BITZER-CSH9563-160,screw,1417,500.0,135.0,BAC-VXC-584,evaporative,565.0,4,155.7013439032063
676.0988442109423,-9.542486433629563,39.08173316248195,R717,blast_freezing,3.334268987716119,5.11782118578383,1.1504502076848655,0.6058765313526401,917.95992821555,860.2765310910193,BITZER-CSH9563-160,screw,1417,500.0,135.0,BAC-VXC-584,evaporative,565.0,3,220.59801138371017
314.19921895229015,-25.556674061745603,36.86096340333899,R717,blast_freezing,2.290012701680557,9.648496103621428,1.1796407485368967,0.2942594989635376,857.1752078247549,457.0506339319861,BITZER-CSH8561-90,screw,856,300.0,82.5,BAC-VXC-584,evaporative,565.0,4,79.53250123325992
133.61529648172368,-15.657625034093602,48.58332349740713,R410A,hvac,1.9959369681225825,6.323935076040198,1.191874284035343,0.943323551732014,194.3307715697487,204.2030813131102,COPELAND-ZP91K5E,screw,91,80.0,27.0,GUNTNER-GACV-240,air_cooled,250.0,4,34.010768862469426
457.2343109027325,-30.522184367035653,42.496037850435,R410A,blast_freezing,1.6364095354127142,9.744180429171116,1.166078244268832,3.0810384858625564,1104.5613764587413,739.1302862998401,COPELAND-ZP91K5E,screw,91,80.0,27.0,GUNTNER-GACV-240,air_cooled,250.0,4,114.69385087624907
325.89304834413923,-33.9674462564855,49.396813484193444,R717,process_cooling,1.4996566877581317,20.410882468365497,1.1552865668084678,0.33180757327900373,1416.6992871372972,556.644459023076,BITZER-CSH8561-90,screw,856,300.0,82.5,BAC-VXC-584,evaporative,565.0,4,83.48902368930399
156.57062579481916,-6.527581059322763,28.648207951165226,R410A,blast_freezing,4.683655498324606,2.8213537227488366,1.1470779824942106,0.8465529941610966,127.64308422327373,188.67772690271053,COPELAND-ZP91K5E,screw,91,80.0,27.0,GUNTNER-GACV-180,air_cooled,185.0,4,38.87029541462184
141.52750890119316,3.841526054654608,43.882688487897866,R410A,hvac,3.9563200294505023,2.9484685829119766,1.1117255832411441,0.8703647039699431,93.96830266540555,174.94226787544684,COPELAND-ZP91K5E,screw,91,80.0,27.0,GUNTNER-GACV-180,air_cooled,185.0,3,46.54848720290434
656.0253616699331,-31.829605163644356,26.38587818318938,R410A,hvac,2.3309638068841894,6.865941421903678,1.1658721319025591,3.6053485349161494,1361.4228576428054,908.6456461145372,COPELAND-ZP91K5E,screw,91,80.0,27.0,GUNTNER-GACV-240,air_cooled,250.0,4,158.9645097612978
611.2599282479177,-38.12337713899533,29.08926431764587,R717,ice_making,1.9574379276883134,14.345441750281791,1.186858636560289,0.5425565002594978,2830.4690329681084,901.2802226096742,BITZER-CSH9563-160,screw,1417,500.0,135.0,BAC-VXC-584,evaporative,565.0,2,298.2649398478724
234.05176113374537,2.984511750875946,47.90392675892616,R717,hvac,3.832675562853123,4.015550905294405,1.1785408361456562,0.22296118031561357,214.31596205910841,299.0180699216306,BITZER-CSH8561-90,screw,856,300.0,82.5,BAC-VXC-438,evaporative,425.0,2,118.57192093022893
507.16878751182657,-34.051098298362334,49.05263616088969,R717,cold_storage,1.5055897384038608,20.314137667060606,1.112458372263066,0.5086527605578335,2180.3717650212348,853.3273901029365,BITZER-CSH9563-160,screw,1417,500.0,135.0,BAC-VXC-584,evaporative,565.0,3,170.9193039262103
364.4085707097491,9.942066746342292,39.17773415330638,R410A,cold_storage,5.917739342168698,2.1890856187559513,1.1700167463837843,2.0601725207955996,184.2529248894135,411.4681090333199,COPELAND-ZP91K5E,screw,91,80.0,27.0,GUNTNER-GACV-240,air_cooled,250.0,4,87.99699209651345
157.26401028883117,1.5309466992820333,47.722989667462144,R410A,blast_freezing,3.2425304954675176,3.4685214414573937,1.1628950471129054,1.016255557485311,118.00367750974718,202.7054795428097,COPELAND-ZP91K5E,screw,91,80.0,27.0,GUNTNER-GACV-240,air_cooled,250.0,2,77.4630494369018
624.2105741345115,-6.759211556318995,35.95818302802094,R717,blast_freezing,3.9315482035949385,4.192080479547137,1.116815454892635,0.5749344617660651,784.279371824813,801.2512300575297,BITZER-CSH9563-160,screw,1417,500.0,135.0,BAC-VXC-584,evaporative,565.0,4,159.6941621631394
258.20954896524745,-1.4918696693913773,30.728717767423547,R410A,hvac,5.241579128806247,2.5224213561879485,1.1128658676880363,1.412241292193423,180.61318263947524,306.04450790993315,COPELAND-ZP91K5E,screw,91,80.0,27.0,GUNTNER-GACV-240,air_cooled,250.0,4,64.25283057547698
493.56836445908533,-7.066588307647805,39.362605944772895,R717,blast_freezing,3.5574940071838412,4.670750485051259,1.150634521057782,0.4572160428959407,630.8975020797682,640.8209573575352,BITZER-CSH9563-160,screw,1417,500.0,135.0,BAC-VXC-584,evaporative,565.0,2,250.10638652336067
786.9563758482516,-7.290439789490364,27.44737213396109,R717,cold_storage,4.984119250471005,3.334095089182144,1.1035918406467342,0.6766552585264952,941.5487119868039,935.4558629029293,BITZER-CSH9563-160,screw,1417,500.0,135.0,BAC-VXC-584,evaporative,565.0,2,389.5663989227387
461.4263621724373,1.776029207396121,38.38775745411414,R717,hvac,4.85052863752716,3.241380914806006,1.1293992553001455,0.407725515143533,408.7384965298178,545.5289037505433,BITZER-CSH9563-160,screw,1417,500.0,135.0,BAC-VXC-584,evaporative,565.0,2,226.14226287756753
492.7534896311617,-17.557906542531768,40.580838357348064,R717,hvac,2.5932568517630394,7.467753987710815,1.162940507373292,0.44483718318418647,924.4446354989244,662.16690413429,BITZER-CSH9563-160,screw,1417,500.0,135.0,BAC-VXC-584,evaporative,565.0,4,119.47161948041891
558.4781102352105,-26.80028218260407,39.18234788782555,R410A,ice_making,1.9356755975696107,7.73040255076464,1.194887587444661,3.565097819653599,1105.8041725192982,847.2013582809702,COPELAND-ZP91K5E,screw,91,80.0,27.0,GUNTNER-GACV-240,air_cooled,250.0,4,139.65328771424458
640.4351414616526,7.8752288251725915,25.711817230679017,R717,process_cooling,10.950626708756477,1.7949917596899638,1.1266505397583986,0.5453876806043184,443.89463356626186,700.5748412876235,BITZER-CSH9563-160,screw,1417,500.0,135.0,BAC-VXC-584,evaporative,565.0,4,160.48810149148576
294.71093132794715,-10.539492237734397,41.96099636068675,R410A,cold_storage,2.731529699859036,4.511610100473621,1.1706101969268234,1.8576399063555264,320.52605633236925,402.90781133973655,COPELAND-ZP91K5E,screw,91,80.0,27.0,GUNTNER-GACV-240,air_cooled,250.0,4,73.73347805735452
175.46932523187928,-17.3717770072413,39.33530537057318,R410A,hvac,2.4440910409744045,5.404696597857769,1.1631187161296694,1.069269490871623,234.07981610470932,242.09831301784257,COPELAND-ZP91K5E,screw,91,80.0,27.0,GUNTNER-GACV-240,air_cooled,250.0,2,85.90224689799707
436.2963178503281,-37.03483956197067,40.889536786504664,R717,process_cooling,1.6199365118390152,19.017640050574784,1.19782273279443,0.4083375640031311,2019.7738481849083,689.3989243062942,BITZER-CSH9563-160,screw,1417,500.0,135.0,BAC-VXC-584,evaporative,565.0,2,213.1315937733169
70.60758937444214,-15.85882242419461,49.955081537405725,R717,process_cooling,2.2292883368866794,8.9210534370504,1.1964463304008832,0.06825031413848759,132.4095959136137,101.83842224821844,BITZER-6FE-35Y,screw,232,100.0,30.0,BAC-VXC-116,evaporative,105.0,4,17.575637670045335
682.7384194140527,-0.6610182859967537,28.129559694656475,R717,blast_freezing,6.3111729891936985,2.634158687408022,1.1773694284239564,0.591224536520883,645.8643866542053,791.8560041855854,BITZER-CSH9563-160,screw,1417,500.0,135.0,BAC-VXC-584,evaporative,565.0,4,170.88708721341803
783.3845345636089,-35.085880952267914,32.39901848542053,R717,hvac,1.9785323533836574,13.515658475347596,1.1560042650053945,0.7336223880982473,3303.2678657582965,1201.96630922267,BITZER-CSH9563-160,screw,1417,500.0,135.0,BAC-VXC-584,evaporative,565.0,4,199.60579140365954
175.00671823254686,-31.21939707862102,46.69364690289022,R410A,cold_storage,1.4558372693307693,11.077944402996897,1.1375936733393932,1.2805421610667493,471.9356633084132,303.99383460231854,COPELAND-ZP91K5E,screw,91,80.0,27.0,GUNTNER-GACV-240,air_cooled,250.0,4,45.05241039254921
430.0104218865576,5.218470932065763,28.67881507125481,R717,blast_freezing,8.073584640227153,2.1581193637750644,1.1669596739076333,0.37474760074501123,333.6152294551983,488.5806439800142,BITZER-CSH9563-160,screw,1417,500.0,135.0,BAC-VXC-584,evaporative,565.0,3,144.91138615203286
435.0460476247645,-5.086752103397281,25.309005515787035,R717,ice_making,5.844061121154431,2.863926791350063,1.1344679006586018,0.3756302182055466,481.6158806576464,512.2194302468179,BITZER-CSH9563-160,screw,1417,500.0,135.0,BAC-VXC-584,evaporative,565.0,4,109.34449608262628
24.463615401699435,-0.913243535906723,44.64621219089446,R717,cold_storage,3.719765828311454,4.254817325266115,1.1507049536970844,0.023116854615131098,25.481113068989306,31.5433217445969,BITZER-4CC-9.2Y,reciprocating,48,25.0,8.0,BAC-VXC-116,evaporative,105.0,4,6.2150207555404595
479.1090581637315,-36.40019711148579,46.69397773501923,R410A,hvac,1.2976554428035085,13.821086573020455,1.197909042672432,3.418991730590258,1555.2216396386045,836.4512836621091,COPELAND-ZP91K5E,screw,91,80.0,27.0,GUNTNER-GACV-240,air_cooled,250.0,3,157.4685714639795
683.843830706648,9.373582023354928,41.83999912136821,R717,process_cooling,5.704888582880751,2.7183993155559034,1.1495149049091093,0.6274571549639625,485.87229974523393,811.5020073248006,BITZER-CSH9563-160,screw,1417,500.0,135.0,BAC-VXC-584,evaporative,565.0,4,172.61765349809113
79.26617102243887,-3.227525712030044,45.329288224267344,R410A,ice_making,3.0391728143058185,3.8206399112002374,1.1341078004302305,0.5029551864487382,68.0419814867175,103.82674152587705,COPELAND-ZP91K5E,screw,91,80.0,27.0,GUNTNER-GACV-120,air_cooled,125.0,2,39.0608949839688
126.666325931198,-37.27344241177072,40.25536566931958,R717,process_cooling,1.6290902043350006,18.921147959643672,1.1742312883518502,0.11929711022353635,596.9837788618022,201.50517955826274,BITZER-N320VLD,screw,320,150.0,42.5,BAC-VXC-292,evaporative,250.0,4,31.21518173852117
82.05231566434637,-39.97666899854608,44.556703703354444,R410A,hvac,1.2614482670278948,15.412444657634444,1.155312623162701,0.5897146076169991,311.9642039634958,148.4102560296878,COPELAND-ZP91K5E,screw,91,80.0,27.0,GUNTNER-GACV-180,air_cooled,185.0,2,41.39202806612481
754.9713570463977,-3.219087526718404,45.60914195082267,R410A,ice_making,3.014150634805593,3.8448426227106847,1.102022969225463,4.892856465097095,661.7453355268966,1008.7172127708031,COPELAND-ZP91K5E,screw,91,80.0,27.0,GUNTNER-GACV-240,air_cooled,250.0,3,252.47562965954762
121.2447042298168,-27.7712356047307,31.073387955738475,R717,hvac,2.441215193619575,9.06074193335504,1.1892573420304269,0.10627878483827752,341.4040729653892,165.6782892742474,BITZER-N320VLD,screw,320,150.0,42.5,BAC-VXC-292,evaporative,250.0,4,29.383250848356006
377.55270638922383,-24.708698820089474,40.03467253706889,R410A,blast_freezing,1.9942490408984328,7.264714043363359,1.1943283594371035,2.441423212542989,699.4046231282235,572.321770583387,COPELAND-ZP91K5E,screw,91,80.0,27.0,GUNTNER-GACV-240,air_cooled,250.0,2,190.59071681772107
727.3111019795506,-35.789767734461236,48.27002655746816,R410A,process_cooling,1.2664853375187182,13.961203794300998,1.1381638413559518,5.4898960103145225,2434.861203313963,1330.8791629917646,COPELAND-ZP91K5E,screw,91,80.0,27.0,GUNTNER-GACV-240,air_cooled,250.0,2,371.8398081020751
559.8322948674537,0.9387644904882251,39.10532311569518,R410A,process_cooling,4.230205297125799,2.8781192341872184,1.1797866919711775,3.3078968927675474,391.3886888248878,687.9138897934085,COPELAND-ZP91K5E,screw,91,80.0,27.0,GUNTNER-GACV-240,air_cooled,250.0,4,139.0966900558214
511.2281069350838,-16.62328877257633,37.9242691488538,R410A,blast_freezing,2.589228239726285,5.079934905073836,1.1990858912006408,3.111751438483719,663.3097463728677,705.3488410295126,COPELAND-ZP91K5E,screw,91,80.0,27.0,GUNTNER-GACV-240,air_cooled,250.0,4,127.20764855783418
81.39530935721696,-31.6961604037547,46.551546100751175,R410A,hvac,1.4453128061000788,11.263181662493867,1.1200857447866617,0.5890776321273279,221.26108089015057,140.29634855091348,COPELAND-ZP91K5E,screw,91,80.0,27.0,GUNTNER-GACV-180,air_cooled,185.0,2,41.461384552495716
109.79580758376308,-7.165659174786164,34.38084061454289,R410A,cold_storage,3.784126836548122,3.3372298377377185,1.161931763181459,0.6225681973794694,95.88376218541494,136.6439874085092,COPELAND-ZP91K5E,screw,91,80.0,27.0,GUNTNER-GACV-180,air_cooled,185.0,4,27.02050956588817
328.3711607007065,-28.600899286141484,27.89204247244212,R410A,cold_storage,2.4437051831882814,6.2516607123128,1.1196397208187592,1.8198088455056418,605.0866333817843,449.8195470342059,COPELAND-ZP91K5E,screw,91,80.0,27.0,GUNTNER-GACV-240,air_cooled,250.0,4,79.79968523098125
256.03355497182105,-13.169705728841844,41.78690724138801,R717,blast_freezing,2.831164216606103,6.403162188062523,1.1514867376378626,0.24190118736499838,421.74670646723,351.661391674336,BITZER-CSH8561-90,screw,856,300.0,82.5,BAC-VXC-438,evaporative,425.0,3,86.62389917533226
772.0434288663258,0.5993606122887272,29.717851709158836,R410A,blast_freezing,5.935365589577333,2.298549761981272,1.174479547530865,4.096149848753152,489.9172830221058,882.7403984078958,COPELAND-ZP91K5E,screw,91,80.0,27.0,GUNTNER-GACV-240,air_cooled,250.0,3,251.81979318263632
119.82139737808619,-30.86910327672598,47.13053420916776,R410A,cold_storage,1.4518249541355797,11.029740078651807,1.1886224538489545,0.8565071934558982,311.30354758902183,202.60231005584632,COPELAND-ZP91K5E,screw,91,80.0,27.0,GUNTNER-GACV-240,air_cooled,250.0,4,29.99226035778472
528.3030051617491,-9.889353432116131,25.479391979518653,R410A,process_cooling,4.633976970798259,2.9108071347719378,1.1812297329966075,2.825218721614398,476.8286020716435,644.5598267284968,COPELAND-ZP91K5E,screw,91,80.0,27.0,GUNTNER-GACV-240,air_cooled,250.0,3,176.71799801117336
531.2041694256337,-30.407752778456597,43.98825777146965,R717,cold_storage,1.7814887162571018,14.815729571273023,1.128405547542622,0.5089453105158879,1841.638172888375,825.5276226086636,BITZER-CSH9563-160,screw,1417,500.0,135.0,BAC-VXC-584,evaporative,565.0,2,264.3670880345838
383.3698659992467,-5.119844786336309,32.65882801279048,R717,blast_freezing,4.564396319538897,3.573792141890929,1.1342832853739835,0.3296364083754627,423.15992706117004,453.7181633223068,BITZER-CSH9563-160,screw,1417,500.0,135.0,BAC-VXC-584,evaporative,565.0,4,93.04466270241774
692.2934448473017,-24.294444605445296,39.39530392107636,R410A,blast_freezing,2.046953423514306,7.037509416704504,1.1471400473450575,4.493939530521658,1267.4843758220086,1053.3948841408328,COPELAND-ZP91K5E,screw,91,80.0,27.0,GUNTNER-GACV-240,air_cooled,250.0,4,176.91854491145696
489.2449303923185,8.977607327581687,43.28790067401863,R717,cold_storage,5.35052859757222,2.8670165712720044,1.1077514901264087,0.46515158732572914,364.9458986215588,603.3673756867166,BITZER-CSH9563-160,screw,1417,500.0,135.0,BAC-VXC-584,evaporative,565.0,2,254.17840017979427
115.31055029136752,5.051882148478512,25.18066707138244,R717,process_cooling,9.526716194707484,1.9520780296737852,1.148361063795481,0.10048899899244212,89.96871225748458,130.64916657674794,BITZER-N320VLD,screw,320,150.0,42.5,BAC-VXC-116,evaporative,105.0,2,59.11898392765242
69.42200724499448,5.04232083134665,27.412471062157188,R717,cold_storage,8.497932527699954,2.0904466197474023,1.18101117981827,0.061783514893398124,55.33338263401902,80.51358854968008,BITZER-6FE-35Y,screw,232,100.0,30.0,BAC-VXC-116,evaporative,105.0,2,36.01831456807919
419.261927096253,-27.316149180885944,45.537435254433625,R410A,hvac,1.636650283585548,9.18986537557692,1.1775969394082588,2.8627055998128768,905.7044672055816,667.710065917975,COPELAND-ZP91K5E,screw,91,80.0,27.0,GUNTNER-GACV-240,air_cooled,250.0,2,207.23413255463728
342.800574739927,-5.017730169260041,34.629739213918995,R717,cold_storage,4.317829964822768,3.768793730838948,1.1546901519592336,0.31723427577487123,405.7114861589871,437.4482689352794,BITZER-CSH9563-160,screw,1417,500.0,135.0,BAC-VXC-584,evaporative,565.0,3,118.39586549169583
195.4553852722192,-25.517558760425224,46.26445459091083,R717,blast_freezing,1.9107241423317138,12.467596246336292,1.1273537126056317,0.1881652193051211,547.1869272313253,296.64155564598434,BITZER-S6H-25.2,screw,418,190.0,55.0,BAC-VXC-438,evaporative,425.0,4,48.68205936698352
365.9328853982128,-33.225570206843365,45.62900737120968,R410A,process_cooling,1.4279838757162104,11.75591558651075,1.1803855994530157,2.561216570935179,1022.9366967886933,617.3446777780788,COPELAND-ZP91K5E,screw,91,80.0,27.0,GUNTNER-GACV-240,air_cooled,250.0,2,181.54120676898495
425.3310439002595,9.084240786646781,40.936269000439054,R410A,cold_storage,5.318079353869128,2.3434158463071553,1.1016527685955435,2.5794408237057773,236.80798125308877,513.1126359396509,COPELAND-ZP91K5E,screw,91,80.0,27.0,GUNTNER-GACV-240,air_cooled,250.0,3,143.9664156654902
725.7885642435344,-20.053460066106673,34.47090527843726,R717,process_cooling,2.778760513781997,7.013602758551272,1.1479765323642455,0.6826292830206648,1572.2615949971607,1021.7162844898537,BITZER-CSH9563-160,screw,1417,500.0,135.0,BAC-VXC-584,evaporative,565.0,3,250.44410349845313
314.35180178190967,-28.883138956908375,37.27547097168525,R410A,ice_making,1.9278553031949581,8.024529200385716,1.1334115302917376,1.9831979626040692,666.6983193457206,479.1999116610624,COPELAND-ZP91K5E,screw,91,80.0,27.0,GUNTNER-GACV-240,air_cooled,250.0,3,105.17688379593388
456.27541280170163,-21.289162408649474,39.2796325160973,R410A,blast_freezing,2.2127981237940513,6.249452616073011,1.183391397331128,2.9883655693053504,753.8360348409153,690.0843679393516,COPELAND-ZP91K5E,screw,91,80.0,27.0,GUNTNER-GACV-240,air_cooled,250.0,4,118.82301157725082
196.0941338606609,-13.282872038602637,43.455966206802024,R410A,cold_storage,2.4344016667419046,5.14859804486142,1.1619719529541308,1.2831709643745262,243.28526839916807,280.40894157719305,COPELAND-ZP91K5E,screw,91,80.0,27.0,GUNTNER-GACV-240,air_cooled,250.0,3,66.25394668259999
600.349058803988,-21.431775140519658,25.913753729312603,R717,process_cooling,3.2774377453974157,5.7853941546074035,1.1159938042551225,0.5170256188815116,1261.6399717528736,769.1602893249767,BITZER-CSH9563-160,screw,1417,500.0,135.0,BAC-VXC-584,evaporative,565.0,3,196.44743064598842
201.41588385611323,-13.707234421851837,27.93943070424335,R717,cold_storage,3.9415118084328946,4.398207341461757,1.1805390457438907,0.17009489294169808,302.8983445461111,243.27800731544735,BITZER-S6H-25.2,screw,418,190.0,55.0,BAC-VXC-292,evaporative,250.0,3,64.68217121526021
655.8877103658276,-15.048604190035267,25.56011951558494,R410A,ice_making,3.87138683610542,3.4994205445017967,1.1862234775904033,3.5756877008750614,721.0058199964172,834.16521269767,COPELAND-ZP91K5E,screw,91,80.0,27.0,GUNTNER-GACV-240,air_cooled,250.0,2,331.46374248494925
731.75048669682,-2.4780597321219346,42.76614933877547,R410A,process_cooling,3.362726562737104,3.508355899087197,1.179119118577949,4.560154715571751,602.0858361258503,948.7267052090524,COPELAND-ZP91K5E,screw,91,80.0,27.0,GUNTNER-GACV-240,air_cooled,250.0,4,182.8162071646651
717.3425181296518,-26.70148579153568,49.7021945038252,R410A,cold_storage,1.4962089303359913,9.879397725181798,1.156388485218183,5.075858422987779,1568.4573537098004,1160.979095177824,COPELAND-ZP91K5E,screw,91,80.0,27.0,GUNTNER-GACV-240,air_cooled,250.0,2,347.94108558546196
104.51751614258691,-4.679625211337395,29.076394242902577,R717,cold_storage,5.2004110470650655,3.160169433402439,1.1443888425097208,0.09239703984434623,116.70793969640877,126.34202405783995,BITZER-6FE-35Y,screw,232,100.0,30.0,BAC-VXC-116,evaporative,105.0,4,26.491407288632637
456.4466498557181,-20.49836554901397,27.97186220096021,R717,process_cooling,3.1997497124212644,5.906625070697897,1.1882190860295143,0.40951026565755316,960.8783786029717,608.0905163693557,BITZER-CSH9563-160,screw,1417,500.0,135.0,BAC-VXC-584,evaporative,565.0,4,115.82460790009651
372.5890980637886,-34.82936828472636,39.17079478702562,R410A,blast_freezing,1.6026345407095821,10.786326717323753,1.1164153857253385,2.3723888392250787,1011.4230400554716,588.7932184888609,COPELAND-ZP91K5E,screw,91,80.0,27.0,GUNTNER-GACV-240,air_cooled,250.0,4,90.64088085803085
760.7190424347203,-18.512677544881026,37.01770728544424,R717,blast_freezing,2.73473932735273,7.047030327647025,1.168523492886909,0.7036349494393587,1520.5488621897455,1047.809676200994,BITZER-CSH9563-160,screw,1417,500.0,135.0,BAC-VXC-584,evaporative,565.0,3,255.75067654665577
104.14140916209423,-9.653606577667208,28.7156983325645,R410A,blast_freezing,4.187146611340537,3.143430654169312,1.1842883489860825,0.5555009734477119,93.00943620835773,125.47640685128681,COPELAND-ZP91K5E,screw,91,80.0,27.0,GUNTNER-GACV-120,air_cooled,125.0,3,33.76217865148367
98.36372628442801,-37.50920952220014,38.371089693174895,R717,cold_storage,1.6747551991502452,18.175744474353113,1.1839852968642128,0.09013517138112345,456.27589179873536,151.94370300687478,BITZER-6FE-35Y,screw,232,100.0,30.0,BAC-VXC-116,evaporative,105.0,3,31.71237336283429
127.39478175174843,-12.160209886667065,44.439481532245445,R717,cold_storage,2.740149766404892,6.59844163041171,1.1946253982254265,0.12297395816387825,206.09829151249457,178.34577107410817,BITZER-N320VLD,screw,320,150.0,42.5,BAC-VXC-292,evaporative,250.0,4,32.66541137855026
451.56837607666637,-30.258123989266878,27.745914003748183,R717,process_cooling,2.455821716924385,9.24924614433395,1.1829436166949006,0.41051427225467857,1475.3428214351002,645.9221390927302,BITZER-CSH9563-160,screw,1417,500.0,135.0,BAC-VXC-584,evaporative,565.0,3,153.00457667879246
423.1923484629132,-2.7641094015094083,42.36733048752242,R717,process_cooling,3.7377702479309445,4.291268131734552,1.121848890901048,0.390407409710513,459.8988344663267,536.6744026641985,BITZER-CSH9563-160,screw,1417,500.0,135.0,BAC-VXC-584,evaporative,565.0,2,211.69933429975717
349.7613863593956,-27.51861111416548,49.6064091708931,R410A,process_cooling,1.472408015556483,10.186067263754431,1.1786480639331678,2.4880873400373096,793.3441774007232,571.9473151467231,COPELAND-ZP91K5E,screw,91,80.0,27.0,GUNTNER-GACV-240,air_cooled,250.0,2,170.30761225478764
716.156171030819,-39.61656845332311,42.9934055715755,R717,hvac,1.4757946459244256,23.082113916746295,1.149516556442593,0.6956223597783,3907.650524210005,1201.3098305646304,BITZER-CSH9563-160,screw,1417,500.0,135.0,BAC-VXC-584,evaporative,565.0,4,179.02197774784452
429.04578945423765,-4.915513041880033,38.36183049718592,R717,ice_making,3.898190012294644,4.173687044696058,1.1927832380073338,0.3778511548680117,481.4214729323874,523.0123450167137,BITZER-CSH9563-160,screw,1417,500.0,135.0,BAC-VXC-584,evaporative,565.0,4,104.05892250675679
614.4804060619642,-4.6731780965709575,40.43886637620215,R410A,blast_freezing,3.382956272725504,3.5649707973755382,1.1879099877114,3.673772149753886,521.0470698265542,779.6671223202178,COPELAND-ZP91K5E,screw,91,80.0,27.0,GUNTNER-GACV-240,air_cooled,250.0,3,200.5936646386593
253.89731114261048,-8.079913587552692,47.76419236348352,R410A,hvac,2.4748102669983276,4.755375006495952,1.1608852521047968,1.6635772106277704,264.1607908626939,347.75386949461483,COPELAND-ZP91K5E,screw,91,80.0,27.0,GUNTNER-GACV-240,air_cooled,250.0,3,82.55844976509654
212.29192718396402,-16.172856680696977,36.53105408538013,R717,ice_making,2.944888284930553,6.279887761610481,1.188610622793636,0.19328631053236336,379.75484177800735,283.77681473265875,BITZER-CSH8561-90,screw,856,300.0,82.5,BAC-VXC-292,evaporative,250.0,3,70.61383042906849
109.77267430142206,-15.356695047122741,36.14742042221189,R717,process_cooling,3.03900462441686,5.998708232687952,1.139015014597034,0.10317383252283344,196.17353214472772,150.69516057524152,BITZER-N320VLD,screw,320,150.0,42.5,BAC-VXC-116,evaporative,105.0,3,37.7950619398395
139.9616428074892,8.117145276265049,48.12205948107491,R410A,process_cooling,3.9309856335845006,2.8594230979825337,1.1825894166423063,0.9055857842923252,85.6365472796303,174.65019834453597,COPELAND-ZP91K5E,screw,91,80.0,27.0,GUNTNER-GACV-180,air_cooled,185.0,2,69.61563788779281
410.335814537731,-9.42434840423265,33.59064597897593,R410A,hvac,3.610926056145882,3.533285396934658,1.147838518068727,2.319438287583238,385.35187537395666,515.6367388410107,COPELAND-ZP91K5E,screw,91,80.0,27.0,GUNTNER-GACV-240,air_cooled,250.0,2,201.9037079661408
236.02097199420342,6.618469441700817,34.635376010410134,R410A,process_cooling,6.23658823043808,2.161284934013217,1.1278486972300856,1.3035823808265297,129.09432886257284,269.12058660973025,COPELAND-ZP91K5E,screw,91,80.0,27.0,GUNTNER-GACV-240,air_cooled,250.0,3,77.31057000771347
658.430470584696,-29.975979021147356,33.96498964204949,R410A,ice_making,2.0329421416153073,7.727798959772924,1.1148435433568276,4.023204236799245,1411.612142940268,986.6562836481007,COPELAND-ZP91K5E,screw,91,80.0,27.0,GUNTNER-GACV-240,air_cooled,250.0,4,165.3357568873287
738.8720297696217,-17.173119366247274,39.13989609149254,R410A,cold_storage,2.4697193139736333,5.339877300702116,1.1565867228573505,4.566271174167873,992.5739947462959,1033.5561527233094,COPELAND-ZP91K5E,screw,91,80.0,27.0,GUNTNER-GACV-240,air_cooled,250.0,2,367.83862921951
605.309583841844,-11.110748382827694,33.445889838035896,R717,cold_storage,3.6785766380488845,4.647391432158215,1.1312680105577866,0.5600307022062722,901.1396954549822,796.1117814278103,BITZER-CSH9563-160,screw,1417,500.0,135.0,BAC-VXC-584,evaporative,565.0,3,208.65022470146855
432.6168900859271,-12.96248246278994,37.95781264479365,R410A,blast_freezing,2.85989449952465,4.456692168447323,1.1176082192494998,2.524934618957941,473.4374016071467,562.2944135757728,COPELAND-ZP91K5E,screw,91,80.0,27.0,GUNTNER-GACV-240,air_cooled,250.0,3,138.87276804213437
733.9748678903735,-12.510012173925915,49.9355245500513,R717,process_cooling,2.4166208752243237,7.742175867011684,1.1424398355891512,0.709674291971055,1205.7232888773315,1038.0956881747675,BITZER-CSH9563-160,screw,1417,500.0,135.0,BAC-VXC-584,evaporative,565.0,4,183.56468292364977
79.57010726911469,-2.7552237102533823,46.635167232433815,R717,cold_storage,3.353632412381099,4.8119727908627095,1.1141151728291345,0.0750653446939648,88.39836569462553,103.6233829908707,BITZER-6FE-35Y,screw,232,100.0,30.0,BAC-VXC-116,evaporative,105.0,4,19.955447713642677
170.98876631410047,-1.86920348009307,32.31275119377292,R410A,ice_making,4.871000739133353,2.6587798082003578,1.1128424518689362,0.9307034132671596,120.48625135903256,200.95852951040706,COPELAND-ZP91K5E,screw,91,80.0,27.0,GUNTNER-GACV-240,air_cooled,250.0,3,55.576507269913925
633.674325559518,-3.517174607044481,40.82809922336406,R410A,cold_storage,3.4619979414223376,3.464260468531778,1.1744042210068664,3.7965242511535813,518.4784421117744,800.1514440408611,COPELAND-ZP91K5E,screw,91,80.0,27.0,GUNTNER-GACV-240,air_cooled,250.0,4,155.2064057660988
389.10728136191506,-37.097820073259264,30.411168303971426,R717,ice_making,1.9569976438161034,14.14155553328227,1.1267833368801372,0.3626803142031817,1799.4468686645064,599.9297657483651,BITZER-CSH9563-160,screw,1417,500.0,135.0,BAC-VXC-584,evaporative,565.0,3,132.34833429554044
145.42045084118845,-26.194510900013945,49.859717254470304,R717,blast_freezing,1.7630704644466697,14.145000467367005,1.1455881390531844,0.1459341050737114,437.1642243493613,232.34637828829747,BITZER-N320VLD,screw,320,150.0,42.5,BAC-VXC-292,evaporative,250.0,2,74.12822842418625
637.6606908967741,-35.986215173661044,42.21749346560341,R410A,hvac,1.454628459402616,12.208134323834784,1.1423150883128161,4.294941392035247,1920.418166569338,1063.405830940115,COPELAND-ZP91K5E,screw,91,80.0,27.0,GUNTNER-GACV-240,air_cooled,250.0,3,210.06035620242616
125.0423278960522,-29.49739134825539,26.472495412243934,R717,hvac,2.5764741408939416,8.57546496251898,1.126325678206934,0.110350181720535,383.09711540267404,172.38671040954515,BITZER-N320VLD,screw,320,150.0,42.5,BAC-VXC-292,evaporative,250.0,4,31.0466316899575
613.4710133534584,-26.67215509814548,33.26938473034441,R410A,hvac,2.246228046467605,6.641059262092182,1.1065083164053215,3.7266876255888173,1150.2666164906866,900.2709881790495,COPELAND-ZP91K5E,screw,91,80.0,27.0,GUNTNER-GACV-240,air_cooled,250.0,2,311.4713313609262
150.36096892821004,9.815956942469526,43.37880959324038,R717,hvac,5.501147661412155,2.7917369218780648,1.1455890683601788,0.1351454045915659,103.1322554652145,174.60950925292468,BITZER-N320VLD,screw,320,150.0,42.5,BAC-VXC-292,evaporative,250.0,2,73.87562500606262
590.0147880373183,-3.4702746878334665,25.15072722756788,R410A,blast_freezing,6.0318404044895315,2.3251766577066806,1.1094262122494971,3.227300587408119,440.0683246303409,717.273067155904,COPELAND-ZP91K5E,screw,91,80.0,27.0,GUNTNER-GACV-240,air_cooled,250.0,2,307.63473135431536
50.461711271915284,-31.498450962520344,41.04373022246837,R410A,cold_storage,1.6562400477089092,9.79981323102873,1.1280413359462689,0.3262891987145354,121.59414028325614,79.06087226265107,COPELAND-ZP61K5E,screw,61,55.0,18.5,GUNTNER-GACV-060,air_cooled,65.0,2,24.64833382832706
666.6152585966192,5.372635817373329,39.121687335972524,R717,blast_freezing,5.389071375410513,2.903397306094072,1.1246809213302276,0.587340910192825,520.1370944604544,772.6685631101766,BITZER-CSH9563-160,screw,1417,500.0,135.0,BAC-VXC-584,evaporative,565.0,2,325.86629507399107
469.6280409837526,-1.9372287584642223,39.03104167249655,R410A,ice_making,3.8544074288833294,3.1499471272389457,1.1315035009809364,2.756812182593632,357.6740676586661,580.991789786582,COPELAND-ZP91K5E,screw,91,80.0,27.0,GUNTNER-GACV-240,air_cooled,250.0,3,153.76947674049083
504.79548386276133,1.7693752307749833,35.63221864735773,R410A,blast_freezing,4.934167348249177,2.5736202205405037,1.1613300899909162,2.8569708182823526,329.2446474537455,600.0443945797651,COPELAND-ZP91K5E,screw,91,80.0,27.0,GUNTNER-GACV-240,air_cooled,250.0,2,249.46376513201608
141.26756861163926,6.286939403484375,45.904128554756625,R410A,cold_storage,3.9996007954031714,2.869232688564032,1.1843774229261363,0.9170552375322566,91.75212050171753,180.4642453370859,COPELAND-ZP91K5E,screw,91,80.0,27.0,GUNTNER-GACV-180,air_cooled,185.0,4,36.09212858833045
322.5770909669699,-0.134925172418761,39.15334187807022,R717,hvac,4.440961057440292,3.5551371919202714,1.1423578407149755,0.29403798051604163,315.26805705037276,397.4875095016623,BITZER-CSH8561-90,screw,856,300.0,82.5,BAC-VXC-438,evaporative,425.0,4,81.1082147014237
324.439282512845,-12.185907629542491,33.754715341810666,R717,ice_making,3.5322741315505883,4.9018198703921785,1.1414174842772307,0.28907400559174157,484.959132477547,413.496186055301,BITZER-CSH8561-90,screw,856,300.0,82.5,BAC-VXC-438,evaporative,425.0,4,80.56561888712766
702.0123480912648,-24.735623759822246,40.11130503851945,R717,ice_making,2.189154837467055,10.172517196518843,1.1069014565467297,0.6404972120251986,1800.1982361610103,995.0546750635285,BITZER-CSH9563-160,screw,1417,500.0,135.0,BAC-VXC-584,evaporative,565.0,4,170.76066124698116
700.7910962167449,-9.15111198703633,35.43326166568169,R717,cold_storage,3.7040407754505598,4.543925472417145,1.1493944636506126,0.6214027514978732,927.5573632811855,876.4383325985027,BITZER-CSH9563-160,screw,1417,500.0,135.0,BAC-VXC-584,evaporative,565.0,4,172.53056872162276
643.1169997976476,-12.903919230091024,32.19977065482438,R410A,cold_storage,3.3832631897100196,3.8513559973292435,1.166830803297408,3.700872723480102,692.5272676486029,839.5080341004661,COPELAND-ZP91K5E,screw,91,80.0,27.0,GUNTNER-GACV-240,air_cooled,250.0,3,215.99407460524353
351.2594800548017,-24.25442848170622,40.71316858047131,R410A,process_cooling,1.9826880343233932,7.2548699854480985,1.1985697213388335,2.292125141318587,645.5069170347853,534.8608095660206,COPELAND-ZP91K5E,screw,91,80.0,27.0,GUNTNER-GACV-240,air_cooled,250.0,4,88.88476727634308
771.5165507415193,1.9422664186336576,37.68445795697014,R410A,process_cooling,4.6061142202738425,2.693070730511913,1.1312292285965864,4.559302181730092,522.5594156080731,949.3000855275429,COPELAND-ZP91K5E,screw,91,80.0,27.0,GUNTNER-GACV-240,air_cooled,250.0,2,389.98354755622535
570.0682280775549,-4.684146025912256,29.42153725112087,R410A,ice_making,4.874748997507264,2.706958705681984,1.1349905276044043,3.08237995800788,437.32795775819886,679.9802827444889,COPELAND-ZP91K5E,screw,91,80.0,27.0,GUNTNER-GACV-240,air_cooled,250.0,2,282.1170064491172
764.7483981560512,-30.512084228749444,38.9482926235474,R717,ice_making,1.9496348798284682,12.966464134002166,1.1726722772779674,0.7096367079516468,2580.1297531269943,1141.8289222387377,BITZER-CSH9563-160,screw,1417,500.0,135.0,BAC-VXC-584,evaporative,565.0,2,377.36017918988153
773.1780963328512,-36.544925479657756,39.33366123589517,R717,process_cooling,1.6832142944559787,17.757407048012812,1.1541786295441847,0.7181007967216161,3468.469063061224,1204.6033148269591,BITZER-CSH9563-160,screw,1417,500.0,135.0,BAC-VXC-584,evaporative,565.0,3,251.8876362646105
271.4229966959884,-34.63565132568977,46.13472321913156,R717,ice_making,1.5615228152221952,19.375646510054445,1.1080074552948407,0.2690029841720624,1185.517401021388,450.8611682705807,BITZER-CSH8561-90,screw,856,300.0,82.5,BAC-VXC-584,evaporative,565.0,3,91.61607522010627
673.4270274743839,-27.29355296690155,49.35013799947125,R717,blast_freezing,1.7362421805522428,14.702128554527874,1.183451642211855,0.6757078973381218,2124.9324530917547,1082.8245203517436,BITZER-CSH9563-160,screw,1417,500.0,135.0,BAC-VXC-584,evaporative,565.0,2,343.5451766172808
288.79738663097754,-19.67820456703955,28.956177070656235,R717,cold_storage,3.1982281617759454,5.866255928135261,1.111151066509186,0.2547647389005583,577.6995820429717,377.1552658181987,BITZER-CSH8561-90,screw,856,300.0,82.5,BAC-VXC-438,evaporative,425.0,2,143.6592469514084
410.34967719391017,7.3377951941901,27.940609884209998,R410A,hvac,8.929575900461767,1.781922744899451,1.1433969861357218,2.1276667927167074,206.0804004899241,448.5351909544614,COPELAND-ZP91K5E,screw,91,80.0,27.0,GUNTNER-GACV-240,air_cooled,250.0,2,201.681777339036
171.8162729754089,-39.560505942306655,35.519024420911855,R717,ice_making,1.680242960329534,18.683975995878285,1.1851708127497809,0.15750399372583865,882.3055057672589,267.856249546492,BITZER-S6H-25.2,screw,418,190.0,55.0,BAC-VXC-292,evaporative,250.0,4,41.97973694383187
255.11527082796906,-37.361448884985364,49.59340504687851,R410A,blast_freezing,1.1853740815269458,15.421974275592445,1.165963614827836,1.8834395565816988,891.7913797410837,458.7312793159194,COPELAND-ZP91K5E,screw,91,80.0,27.0,GUNTNER-GACV-240,air_cooled,250.0,4,62.20538779645128
498.02476239263785,4.187628507833423,43.748578463463986,R410A,process_cooling,4.0203130696161455,2.907810038655142,1.1230021453413734,3.13029046954234,334.319382326704,628.5682037558367,COPELAND-ZP91K5E,screw,91,80.0,27.0,GUNTNER-GACV-240,air_cooled,250.0,2,251.68161125237884
754.0071791230406,-33.412743849510235,46.19273977391704,R717,process_cooling,1.60248792765887,18.241905662415505,1.1291978235397362,0.7460300289727881,3103.068990165399,1239.852070394269,BITZER-CSH9563-160,screw,1417,500.0,135.0,BAC-VXC-584,evaporative,565.0,3,254.4805880780125
389.72559907576215,-34.72190860209901,28.59982019660384,R717,blast_freezing,2.1506920917799066,11.85478089188347,1.1714277536504194,0.3664108558933962,1621.4431308081205,594.3155659114849,BITZER-CSH9563-160,screw,1417,500.0,135.0,BAC-VXC-584,evaporative,565.0,2,202.8427009675592
644.0382949773077,-29.1003233127821,37.215454468340916,R410A,cold_storage,1.9205391882026015,8.083994731502315,1.1851708266757341,4.266675211265479,1446.5454242115366,1032.3142288194167,COPELAND-ZP91K5E,screw,91,80.0,27.0,GUNTNER-GACV-240,air_cooled,250.0,3,226.2824091975286
325.46351322923647,-18.164851502782877,49.45663050649851,R410A,ice_making,1.8354858641789278,7.073753305808927,1.1187278294953005,2.250999466527476,506.96075273462105,491.85373828600723,COPELAND-ZP91K5E,screw,91,80.0,27.0,GUNTNER-GACV-240,air_cooled,250.0,3,106.13002816349776
197.05384426993928,-38.71885263882232,34.81308530515634,R717,blast_freezing,1.7351751993008147,17.508843755211338,1.1767474091932053,0.18500025545022428,993.8995964424009,312.2938472518721,BITZER-S6H-25.2,screw,418,190.0,55.0,BAC-VXC-438,evaporative,425.0,3,66.03897973143924
421.8789363338479,-34.58209056264023,34.63307524599336,R717,cold_storage,1.919568087705209,14.0548636037549,1.17165092458063,0.3913462534180819,1720.3067314749396,641.8238369536118,BITZER-CSH9563-160,screw,1417,500.0,135.0,BAC-VXC-584,evaporative,565.0,4,105.49715902610103
135.78922708820366,-19.306582177943874,38.52934482270284,R410A,cold_storage,2.373738284869332,5.693649504405469,1.1238735579523602,0.8359481883038878,196.1744809518105,191.61044271271126,COPELAND-ZP91K5E,screw,91,80.0,27.0,GUNTNER-GACV-240,air_cooled,250.0,4,33.70393649736977
168.97763950409706,-32.85611395850231,38.62566337503381,R410A,ice_making,1.6989694863869091,9.783371008064085,1.112189252313969,1.0825595331832445,425.9708154724922,266.1765795015859,COPELAND-ZP91K5E,screw,91,80.0,27.0,GUNTNER-GACV-240,air_cooled,250.0,2,83.77751005429579
519.8809849235288,-26.923327369393945,30.110537947026387,R410A,ice_making,2.415341268022148,6.188677976589798,1.1712358798527378,2.9593868080046395,922.2683046812782,721.643446665636,COPELAND-ZP91K5E,screw,91,80.0,27.0,GUNTNER-GACV-240,air_cooled,250.0,2,255.17438240346698
596.6833549746312,-34.57749540252702,40.8017358900692,R410A,process_cooling,1.5519764276857897,11.100944474545217,1.120157904467043,3.971413896480885,1675.7709338443806,979.61612892641,COPELAND-ZP91K5E,screw,91,80.0,27.0,GUNTNER-GACV-240,air_cooled,250.0,3,198.5834879168906
755.6230962397025,6.856414634284441,38.293690647055016,R717,ice_making,5.868821860045466,2.6909743465529137,1.1029511326302055,0.6770917002563465,570.2493963017776,883.7940029721083,BITZER-CSH9563-160,screw,1417,500.0,135.0,BAC-VXC-584,evaporative,565.0,4,188.7816306094108
488.4706166223102,-11.334851091181918,31.901619417628066,R717,cold_storage,3.808204358033734,4.483766855748502,1.1051530304692518,0.42268885349850666,686.0628673695877,600.3299586678253,BITZER-CSH9563-160,screw,1417,500.0,135.0,BAC-VXC-584,evaporative,565.0,4,118.86865629146914
115.59472669901784,-15.308440099460995,43.44036086792816,R410A,process_cooling,2.3107566488844276,5.534058880900267,1.1177544817134528,0.7568965693199834,154.02081592903707,167.09094678226006,COPELAND-ZP91K5E,screw,91,80.0,27.0,GUNTNER-GACV-180,air_cooled,185.0,3,38.87394506183369
313.9677950847726,-8.375100308033197,35.660407680885356,R717,cold_storage,3.7699587072885543,4.432930497946279,1.125076577767753,0.29006419093429,420.4257817024998,407.54726208923364,BITZER-CSH8561-90,screw,856,300.0,82.5,BAC-VXC-438,evaporative,425.0,3,107.36894828860353
375.24056551307655,-33.897388475772416,27.77081352203059,R717,cold_storage,2.2333753345597103,11.08901490140463,1.1844719529423078,0.3472427862855768,1477.7026455517334,559.2495248363152,BITZER-CSH9563-160,screw,1417,500.0,135.0,BAC-VXC-584,evaporative,565.0,4,96.57200026267158
321.4116417375013,-5.730301551165262,38.41803997483074,R410A,ice_making,3.4872503881963803,3.5150775268760373,1.1028744095381189,1.9520226081280667,286.6582019468511,419.5692387035299,COPELAND-ZP91K5E,screw,91,80.0,27.0,GUNTNER-GACV-240,air_cooled,250.0,2,163.03335717490958
225.99251134071045,7.9051390188257145,30.237747285829006,R410A,blast_freezing,8.148826311088007,1.8593022833988342,1.1823976838954187,1.19925110730977,114.14741310970392,250.25544109444536,COPELAND-ZP91K5E,screw,91,80.0,27.0,GUNTNER-GACV-240,air_cooled,250.0,2,111.45080546626055
445.72804967049655,8.321619374665353,41.302368970135745,R410A,process_cooling,5.090117799474246,2.418627914707176,1.1813423472762719,2.6377687310274123,247.8807863471416,525.6435977035158,COPELAND-ZP91K5E,screw,91,80.0,27.0,GUNTNER-GACV-240,air_cooled,250.0,2,219.66634480217496
215.95898557926301,7.300687126816854,47.30288011569996,R410A,hvac,3.9384180423445043,2.8751397743371205,1.109337107215935,1.3418613641010118,130.11788878404957,260.92751018340044,COPELAND-ZP91K5E,screw,91,80.0,27.0,GUNTNER-GACV-240,air_cooled,250.0,4,52.022814038767706
285.11839737857036,-23.727318826228075,41.74771039550612,R717,hvac,2.1719034843288987,10.158110949886055,1.1692402808576352,0.2718194469107101,731.4083324119707,420.72892129685056,BITZER-CSH8561-90,screw,856,300.0,82.5,BAC-VXC-438,evaporative,425.0,2,144.04325583000895
666.0053759163369,3.6802109217150374,38.29059780686973,R410A,cold_storage,4.798076816451344,2.5891977303990554,1.1249545942535877,3.922755417507322,425.6633472545226,808.5146357467202,COPELAND-ZP91K5E,screw,91,80.0,27.0,GUNTNER-GACV-240,air_cooled,250.0,2,334.53466143556875
80.92343339662229,-8.81711469472161,30.78279746076994,R717,ice_making,4.262068355934676,3.915946688075095,1.1568960347387944,0.07298006274742347,107.56346954766073,102.13288419436017,BITZER-6FE-35Y,screw,232,100.0,30.0,BAC-VXC-116,evaporative,105.0,2,41.3618091196198
249.72388960411496,-14.590434369297494,49.42248710381678,R410A,blast_freezing,2.0029794888813166,6.204279207544473,1.1037389510454758,1.7077099381075587,338.8609386706888,366.227987567542,COPELAND-ZP91K5E,screw,91,80.0,27.0,GUNTNER-GACV-240,air_cooled,250.0,3,81.42437092539414
66.47918644552605,-29.79125745475448,27.094500260378634,R410A,blast_freezing,2.4159358832803677,6.42774175380616,1.1464932869084017,0.37700675395706934,131.32279363886397,93.90803939464713,COPELAND-ZP91K5E,screw,91,80.0,27.0,GUNTNER-GACV-120,air_cooled,125.0,4,16.60421988689104
454.59242199210223,-17.2679759737559,26.15304617400436,R717,ice_making,3.6979025913343975,4.849329791152871,1.1918659324626832,0.3928451679846334,806.8159732601212,571.2196742019028,BITZER-CSH9563-160,screw,1417,500.0,135.0,BAC-VXC-584,evaporative,565.0,4,112.40732818453469
61.23075599832225,-6.129754297742274,29.45229093610651,R717,ice_making,4.870907767758267,3.382364348650032,1.1591434606638913,0.05390251573156272,71.82754358658399,74.27691108374503,BITZER-4NES-20Y,screw,134,50.0,15.0,BAC-VXC-116,evaporative,105.0,3,20.541740021296633
407.0940111092534,-24.736452514139685,25.04724613639519,R717,hvac,3.039922252312508,6.550975392549085,1.1359879237250583,0.358214928321836,1006.8444793207777,542.341196527494,BITZER-CSH9563-160,screw,1417,500.0,135.0,BAC-VXC-584,evaporative,565.0,2,204.04787130816635
75.97697032411526,-7.544254292450546,28.28843574699124,R717,blast_freezing,4.805977259128797,3.454532765556584,1.1465328798873695,0.0665941622662539,93.55010400024209,92.28501282952153,BITZER-6FE-35Y,screw,232,100.0,30.0,BAC-VXC-116,evaporative,105.0,3,25.46339477531477
142.80999760433852,-16.60523118929014,30.589582537972234,R717,cold_storage,3.359294022547375,5.385223643239138,1.174392591784069,0.12290131351290459,245.7185606814485,179.29154539992922,BITZER-N320VLD,screw,320,150.0,42.5,BAC-VXC-292,evaporative,250.0,3,46.05432390658145
685.6976792792182,-28.525456872951608,25.802839401743864,R410A,blast_freezing,2.5816654049794017,5.8991645667413515,1.1730035761496531,3.7526068370313594,1244.0885572729985,931.5218885559433,COPELAND-ZP91K5E,screw,91,80.0,27.0,GUNTNER-GACV-240,air_cooled,250.0,2,335.720616214259
291.41693491475405,-22.747873013374996,36.77574186946925,R717,cold_storage,2.462447652474585,8.456056121354282,1.1354081838959145,0.2690228164186557,694.1419367803439,410.6575686860562,BITZER-CSH8561-90,screw,856,300.0,82.5,BAC-VXC-438,evaporative,425.0,2,146.0271558559429
561.4118342692145,8.989717949945764,31.02032214907309,R410A,ice_making,8.283614478934998,1.8365170354745324,1.1730808882363912,3.090171829433391,284.51669423830185,640.1681624774586,COPELAND-ZP91K5E,screw,91,80.0,27.0,GUNTNER-GACV-240,air_cooled,250.0,2,285.60569117147514
444.42001272154215,-8.515717207407867,43.53518181276832,R410A,process_cooling,2.7609939752124153,4.369368402434054,1.137039937971438,2.8066527130704633,452.2359620823919,598.9937939534559,COPELAND-ZP91K5E,screw,91,80.0,27.0,GUNTNER-GACV-240,air_cooled,250.0,4,109.93225907798174
186.36579772266816,-12.255866893765035,34.83181878790032,R717,cold_storage,3.428867910189518,5.071192815248306,1.1810112186097277,0.16731202117902774,281.4540990026072,239.76983976210613,BITZER-S6H-25.2,screw,418,190.0,55.0,BAC-VXC-292,evaporative,250.0,2,92.81594372007223
496.75299442243414,-7.68503964085015,42.06899311393257,R717,blast_freezing,3.265697991412348,5.1583568100393995,1.122619123085653,0.4641690568972815,655.5114318155692,654.7892909350796,BITZER-CSH9563-160,screw,1417,500.0,135.0,BAC-VXC-584,evaporative,565.0,4,125.3220502547235
343.584362825875,-8.554252258805338,39.06926834379872,R717,ice_making,3.431631851384017,4.916114844502396,1.1973799807472292,0.3173309776210375,463.0728170107291,448.16478431707844,BITZER-CSH9563-160,screw,1417,500.0,135.0,BAC-VXC-584,evaporative,565.0,4,86.75904272434265
154.64520988921797,1.7289321634199268,26.247343385532798,R717,blast_freezing,7.600652532987858,2.2761467758592304,1.1948502980171556,0.1351766813914467,135.73569594576102,178.64196234352116,BITZER-S6H-25.2,screw,418,190.0,55.0,BAC-VXC-292,evaporative,250.0,2,78.93560857018537
296.04008129452495,-4.530306792947947,31.462511726223248,R717,blast_freezing,4.8362513302946475,3.3724189407317193,1.177603525966255,0.26291806402383355,330.2818824344728,360.2897605786484,BITZER-CSH8561-90,screw,856,300.0,82.5,BAC-VXC-438,evaporative,425.0,4,74.63917055993454
483.5973734095045,9.701727985331914,38.09426260278751,R717,ice_making,6.63971985201475,2.4223902388001037,1.1841966936888815,0.43146542861809367,330.5032367737983,555.5903062282738,BITZER-CSH9563-160,screw,1417,500.0,135.0,BAC-VXC-584,evaporative,565.0,2,241.43319763734326
286.7446728240173,-0.6169670098789481,30.436679328530513,R410A,blast_freezing,5.486572537037951,2.4341299211360043,1.1573293285573238,1.5579956070392589,193.72877270834059,336.69605417618584,COPELAND-ZP91K5E,screw,91,80.0,27.0,GUNTNER-GACV-240,air_cooled,250.0,2,142.3947172119086
129.5480450839081,-30.6684109166032,43.33001151838252,R717,process_cooling,1.7920620299038126,14.740912359835267,1.1205388184160119,0.12349879056594239,452.2483339145902,200.4448890769918,BITZER-N320VLD,screw,320,150.0,42.5,BAC-VXC-292,evaporative,250.0,4,32.1634755026855
758.2741307449913,-28.532764662607494,27.104452089207975,R410A,cold_storage,2.497199689534647,6.107039802476467,1.157266083873595,4.283992488924771,1420.6603534493574,1060.4384051891848,COPELAND-ZP91K5E,screw,91,80.0,27.0,GUNTNER-GACV-240,air_cooled,250.0,2,378.6066984012314
628.4090291608672,-5.404013399969934,36.314691251223465,R410A,hvac,3.7644505980405016,3.3013713532013207,1.115692241569424,3.7978997837684596,551.7565569040169,821.4374120995876,COPELAND-ZP91K5E,screw,91,80.0,27.0,GUNTNER-GACV-240,air_cooled,250.0,2,324.5138650931656
479.40268882934345,-23.485127913658303,49.46217666083699,R410A,ice_making,1.6200675370291029,8.655900343529796,1.1774631499709594,3.6398928900949676,995.9563721060896,818.5688088654413,COPELAND-ZP91K5E,screw,91,80.0,27.0,GUNTNER-GACV-240,air_cooled,250.0,4,126.53650481574893
390.758919900451,0.47413213820526323,48.27509792443455,R410A,process_cooling,3.088679362997377,3.6327614530432113,1.15697849450266,2.5451651416954237,305.629827509456,508.8498310743222,COPELAND-ZP91K5E,screw,91,80.0,27.0,GUNTNER-GACV-240,air_cooled,250.0,3,128.13216139565247
789.2176077238269,3.620930146244838,36.045274670978614,R410A,process_cooling,5.210850549344616,2.454126863275036,1.1103426157337464,4.311087972069971,468.67194335024965,896.7396419090155,COPELAND-ZP91K5E,screw,91,80.0,27.0,GUNTNER-GACV-240,air_cooled,250.0,4,188.08922459717576
512.0766888424885,-19.590666033336205,43.34589355268386,R717,process_cooling,2.326025039337562,8.805642715227513,1.1071445944142406,0.46882131824027146,1059.234948333205,709.1564448186903,BITZER-CSH9563-160,screw,1417,500.0,135.0,BAC-VXC-584,evaporative,565.0,4,123.98551032739748
429.32730093808124,-32.228347707704614,27.711543459842567,R717,blast_freezing,2.334278542283975,10.181117688391923,1.1933496251583444,0.3684627142095753,1450.0360291995971,586.9966429600137,BITZER-CSH9563-160,screw,1417,500.0,135.0,BAC-VXC-584,evaporative,565.0,2,205.47378550978732
221.54543174399618,-3.08899037823911,25.127256700507328,R717,ice_making,6.397282761553801,2.6361635535961163,1.1701476954354302,0.18760129978434584,223.6079581837591,253.29610974164302,BITZER-CSH8561-90,screw,856,300.0,82.5,BAC-VXC-292,evaporative,250.0,3,73.01811077803953
451.59860368471755,-10.924625210630886,47.93248137107996,R410A,cold_storage,2.287301045328981,5.265062294579719,1.1165609407221497,3.0917226504050643,540.5096614501418,655.0974512224432,COPELAND-ZP91K5E,screw,91,80.0,27.0,GUNTNER-GACV-240,air_cooled,250.0,4,113.95405108261772
430.7058573534249,3.2028115303406324,38.35445090614913,R717,cold_storage,5.107158030032168,3.073396068080985,1.1095695853238896,0.37761890745043236,360.24601084190493,501.6966866101528,BITZER-CSH9563-160,screw,1417,500.0,135.0,BAC-VXC-584,evaporative,565.0,4,104.8869314115357
661.8054060498473,-1.2333261283683328,25.44772149482341,R410A,ice_making,6.569355458157651,2.17936288855303,1.1822806241634674,3.392921508756203,430.3275734268119,746.5158026791584,COPELAND-ZP91K5E,screw,91,80.0,27.0,GUNTNER-GACV-240,air_cooled,250.0,2,323.9461860419033
710.9444517646041,-11.218193646670656,37.13620357816819,R717,blast_freezing,3.3350075814526807,5.188460697707388,1.1938825287645747,0.6451702744963183,1042.4562812854379,922.1839901940149,BITZER-CSH9563-160,screw,1417,500.0,135.0,BAC-VXC-584,evaporative,565.0,3,236.4848304571833
651.9288901730603,-3.98835211199588,40.024841380591255,R717,ice_making,3.8341063841266365,4.21734818315849,1.186943968463642,0.6084079044555569,749.2923252256063,839.6299865659546,BITZER-CSH9563-160,screw,1417,500.0,135.0,BAC-VXC-584,evaporative,565.0,3,221.98040589034997
254.69529711633922,-26.94328230186921,49.37963913095301,R717,process_cooling,1.7488666793847385,14.47126256819082,1.198212969654499,0.24973839192157543,773.2580383852238,399.2967354441987,BITZER-CSH8561-90,screw,856,300.0,82.5,BAC-VXC-438,evaporative,425.0,4,63.50951476134904
282.47219018477665,4.598853605848376,35.6991059138427,R717,cold_storage,5.896105344196225,2.7102649639975525,1.1094305003000475,0.25430429312559266,231.23192423063844,334.7639468300267,BITZER-CSH8561-90,screw,856,300.0,82.5,BAC-VXC-438,evaporative,425.0,4,71.55500813259394
132.8043182685155,-8.566221335628931,26.13064164817593,R717,process_cooling,4.966272015872575,3.370682658497709,1.1427051086416247,0.11060955539358404,161.48275223852016,153.62989529998123,BITZER-N320VLD,screw,320,150.0,42.5,BAC-VXC-116,evaporative,105.0,3,42.62672166694953
514.5580391917512,-12.65817329026585,37.84913025708129,R410A,process_cooling,2.8933047695299488,4.3972102779228,1.1192360577166862,3.07671232471658,570.8631002279291,684.4433059293106,COPELAND-ZP91K5E,screw,91,80.0,27.0,GUNTNER-GACV-240,air_cooled,250.0,3,169.54774060814222
781.5541547544096,0.6569657564751665,36.13997631118193,R410A,hvac,4.649937342677481,2.6995261365170156,1.162939430746215,4.355061536973172,519.929553728335,917.4063363018315,COPELAND-ZP91K5E,screw,91,80.0,27.0,GUNTNER-GACV-240,air_cooled,250.0,3,251.6772442386791
147.96759421891173,4.31403400995805,46.336773250394685,R717,hvac,4.166206125516251,3.670967853477609,1.1611807558352907,0.13397704993754891,123.01594158004085,178.24292398735022,BITZER-N320VLD,screw,320,150.0,42.5,BAC-VXC-292,evaporative,250.0,2,71.87060907987092
661.1670937428958,-24.531032727660033,49.85072444421045,R717,hvac,1.8299787053536323,13.086428993172655,1.1832464263824467,0.6240335126788041,1738.4310611198866,982.7907879806263,BITZER-CSH9563-160,screw,1417,500.0,135.0,BAC-VXC-584,evaporative,565.0,3,211.83742601077572
383.2086593459034,-16.410704230043176,46.85000461462177,R410A,ice_making,2.052116075573237,6.242524931231663,1.1012891244373804,2.532376563948596,535.7549840339416,554.4770461776601,COPELAND-ZP91K5E,screw,91,80.0,27.0,GUNTNER-GACV-240,air_cooled,250.0,2,186.40366745944178
701.9792112105326,-23.621396949369643,48.625094318047175,R410A,blast_freezing,1.6498924481495105,8.535080830553925,1.1649663562944843,5.207505518144009,1432.1619046748378,1176.0811051287328,COPELAND-ZP91K5E,screw,91,80.0,27.0,GUNTNER-GACV-240,air_cooled,250.0,2,366.1294508609706
539.3019159999129,-11.14928251078118,40.88562560587649,R410A,process_cooling,2.7691138207624157,4.490568040762607,1.1868739051280799,3.3858745177297114,596.4939650954623,739.597046852456,COPELAND-ZP91K5E,screw,91,80.0,27.0,GUNTNER-GACV-240,air_cooled,250.0,2,271.68566692686517
578.8931751417617,0.1458556260202286,26.91076576545638,R717,hvac,6.863030042786453,2.4631568599241094,1.1947159400219525,0.49452630754446986,524.9880884228229,658.8914397753881,BITZER-CSH9563-160,screw,1417,500.0,135.0,BAC-VXC-584,evaporative,565.0,3,191.69843862171118
459.5563611131338,-4.127155764040452,29.790049568906678,R410A,process_cooling,4.91061322628074,2.6830715063871913,1.1603018774570546,2.5424680365525436,354.2015409286097,558.8972016097464,COPELAND-ZP91K5E,screw,91,80.0,27.0,GUNTNER-GACV-240,air_cooled,250.0,3,154.7796528766785
436.7200945289594,-6.731771198141672,30.08011977346214,R717,cold_storage,4.674219899275606,3.529022448529829,1.1854682344360643,0.3720267129459173,506.96987235065365,514.6225541738178,BITZER-CSH9563-160,screw,1417,500.0,135.0,BAC-VXC-584,evaporative,565.0,3,141.3092328716639
767.6818016151016,-39.477201462915545,45.04457565274946,R410A,hvac,1.2609662336896443,15.243120989402168,1.1011194873168697,5.642381003761618,2921.736617038222,1413.585578778449,COPELAND-ZP91K5E,screw,91,80.0,27.0,GUNTNER-GACV-240,air_cooled,250.0,2,394.1862679570943
365.4271627278095,-23.812030649040942,38.07878464457995,R717,hvac,2.3331072690184316,9.21043802988976,1.1868029621107277,0.3450964658584267,931.9727382370444,531.3257029624226,BITZER-CSH9563-160,screw,1417,500.0,135.0,BAC-VXC-584,evaporative,565.0,4,92.97929527505262
376.22991227188214,-23.31409583414309,36.700883800184954,R410A,hvac,2.244798721718882,6.340355664697044,1.1403667628139877,2.3404617606869826,636.3293059421651,550.4937123869951,COPELAND-ZP91K5E,screw,91,80.0,27.0,GUNTNER-GACV-240,air_cooled,250.0,2,190.41975910696706
259.80340800502586,-14.269990735668141,25.999794202200057,R717,blast_freezing,4.089658866086091,4.245905675244607,1.1214134255802939,0.22579560273012445,411.13895004177596,322.9728128692525,BITZER-CSH8561-90,screw,856,300.0,82.5,BAC-VXC-438,evaporative,425.0,4,64.87903523636471
635.5468432309315,7.294188713652957,49.93824553304519,R410A,cold_storage,3.5945432908236703,3.056734391352726,1.1957072181632191,4.169967343671496,404.43518599358396,799.4199947360711,COPELAND-ZP91K5E,screw,91,80.0,27.0,GUNTNER-GACV-240,air_cooled,250.0,4,156.3566603218191
567.3730225874114,-33.180119478518414,47.74194181995618,R717,blast_freezing,1.5686087210502886,18.78505096936893,1.1338177440739694,0.5612650275754391,2309.1829297367617,933.7589515218981,BITZER-CSH9563-160,screw,1417,500.0,135.0,BAC-VXC-584,evaporative,565.0,4,142.55795586074268
403.145039356354,-27.381202633941186,38.27926475582406,R717,process_cooling,2.128453801416421,10.943334669102082,1.1563590770631604,0.3936875087624553,1242.8807590486574,620.0281195234045,BITZER-CSH9563-160,screw,1417,500.0,135.0,BAC-VXC-584,evaporative,565.0,2,210.91908203777294
651.5588443430943,-37.9813419182463,43.84728769308034,R410A,hvac,1.3397965744337732,13.85729590106736,1.195297647693235,4.567231090128146,2219.6059186329185,1138.3247877714093,COPELAND-ZP91K5E,screw,91,80.0,27.0,GUNTNER-GACV-240,air_cooled,250.0,3,217.27296978346124
573.2392375782133,-19.94226177422636,32.4306822386947,R717,hvac,2.9206647683075007,6.577900830463644,1.1693659088856043,0.531295841525197,1218.0517842683382,792.1406338860525,BITZER-CSH9563-160,screw,1417,500.0,135.0,BAC-VXC-584,evaporative,565.0,4,147.52455117034305
778.128604480102,3.6627241730683266,33.72414827506322,R717,blast_freezing,6.105925836976723,2.648767435437338,1.1636127121025224,0.6699832237842425,629.0955757498286,884.2450893542232,BITZER-CSH9563-160,screw,1417,500.0,135.0,BAC-VXC-584,evaporative,565.0,3,253.26912876070068
439.51007613665604,-24.07339592913459,33.55615570897313,R717,process_cooling,2.5488775906995476,8.192930735060498,1.1445161915784696,0.38592133657267674,1054.032753079755,590.7064400726813,BITZER-CSH9563-160,screw,1417,500.0,135.0,BAC-VXC-584,evaporative,565.0,3,141.41921112644653
372.93712193166505,-14.179639328999947,49.066637188262305,R717,blast_freezing,2.36232424435166,8.116867184782135,1.1664969154447975,0.3584918850708863,650.4250739554677,529.0160683244335,BITZER-CSH9563-160,screw,1417,500.0,135.0,BAC-VXC-584,evaporative,565.0,4,92.9199114239039
702.8772491498237,-13.738060174559592,26.106299704885696,R717,ice_making,4.149508615804709,4.165419526359932,1.134013467883992,0.6080222679897203,1084.0604206759547,867.3880027031005,BITZER-CSH9563-160,screw,1417,500.0,135.0,BAC-VXC-584,evaporative,565.0,3,232.98235870606493
162.47729840281463,-22.409606088502123,48.17634012122298,R717,process_cooling,1.9802465362596424,11.365975541333453,1.1272378306577897,0.1605605009001104,408.35875666519183,248.85359778439334,BITZER-S6H-25.2,screw,418,190.0,55.0,BAC-VXC-292,evaporative,250.0,4,41.33814678187437
172.6308182134877,3.1794777909971117,38.552361478086105,R410A,blast_freezing,4.666436529938302,2.646688029981067,1.1003607015165449,0.9804066151745817,108.07017503802834,202.30497053561248,COPELAND-ZP91K5E,screw,91,80.0,27.0,GUNTNER-GACV-240,air_cooled,250.0,2,83.3013217131855
403.764430722932,1.3239165616916821,41.05485649410692,R717,hvac,4.405481311436722,3.549512993340239,1.1684059524318104,0.3614800875911864,368.15662964857086,485.9789324173011,BITZER-CSH9563-160,screw,1417,500.0,135.0,BAC-VXC-584,evaporative,565.0,3,132.0246974730755
403.2712669303603,-38.3134892902251,33.24555588486733,R410A,blast_freezing,1.692828949811608,10.847562913612345,1.121176740842212,2.446269012372314,1205.6290536010292,628.4692851668545,COPELAND-ZP91K5E,screw,91,80.0,27.0,GUNTNER-GACV-240,air_cooled,250.0,3,131.69434076287305
101.12309381496209,-23.229769304794182,27.88836703008896,R410A,blast_freezing,2.828216319503841,5.051087881791641,1.1421197749023242,0.570906083815602,154.73194910436237,137.4863660825631,COPELAND-ZP91K5E,screw,91,80.0,27.0,GUNTNER-GACV-180,air_cooled,185.0,3,33.8574723240283
413.47333998513335,2.806639064226239,25.905143230379988,R410A,cold_storage,7.800496761918673,1.940848562502706,1.141935534857759,2.1743758886135667,242.50856690794333,469.9356899149427,COPELAND-ZP91K5E,screw,91,80.0,27.0,GUNTNER-GACV-240,air_cooled,250.0,4,104.13423033554784
214.14251278632645,-19.06722842739848,34.48352177265177,R717,cold_storage,2.853032735773683,6.716707149646505,1.1649539615354456,0.19901828118993933,440.01597603115556,296.1804192147179,BITZER-CSH8561-90,screw,856,300.0,82.5,BAC-VXC-438,evaporative,425.0,2,109.65549602903721
436.3205996269169,-9.758772063838386,45.91157984639835,R410A,blast_freezing,2.4951064565983456,4.8233148182581305,1.186889341850397,2.9052467301009406,488.1706103042335,617.5384822605974,COPELAND-ZP91K5E,screw,91,80.0,27.0,GUNTNER-GACV-240,air_cooled,250.0,3,146.95062686645463
569.867186230341,-15.715491273383051,29.405530225177483,R410A,ice_making,3.3739260369544417,3.9648907074362434,1.1499758058748974,3.170587394415611,654.4952406167685,734.4077625100547,COPELAND-ZP91K5E,screw,91,80.0,27.0,GUNTNER-GACV-240,air_cooled,250.0,3,188.83397133676286
122.67782621135994,-8.56638944055447,25.789909527071224,R410A,blast_freezing,4.810591107565997,2.804537411127135,1.1549384345581095,0.6453572673100919,104.16365511408456,146.28118813125195,COPELAND-ZP91K5E,screw,91,80.0,27.0,GUNTNER-GACV-180,air_cooled,185.0,3,40.36875479054673
666.9831252656335,-33.62263315558713,42.771941202383516,R717,cold_storage,1.6927531180610067,16.813911522343858,1.1233872738032982,0.6371156378831875,2676.352944128225,1054.0000124508429,BITZER-CSH9563-160,screw,1417,500.0,135.0,BAC-VXC-584,evaporative,565.0,4,165.64476293293092
315.0579344406054,-24.51728360741145,44.6901959968028,R410A,ice_making,1.7842116073793988,8.061114264362367,1.126456551172432,2.10699263609336,599.2630243151126,485.54383825413925,COPELAND-ZP91K5E,screw,91,80.0,27.0,GUNTNER-GACV-240,air_cooled,250.0,4,77.78799479612704
449.5159994701048,-30.309550921212733,38.68460011095564,R410A,hvac,1.801243888584314,8.807959335812265,1.1628855785848748,2.8744728063594835,1021.8949100786035,696.9648633351532,COPELAND-ZP91K5E,screw,91,80.0,27.0,GUNTNER-GACV-240,air_cooled,250.0,2,224.0796857703988
57.30497910328147,-14.076231120660186,48.552658628306155,R717,ice_making,2.3932179252976886,7.973619157174579,1.199239960431979,0.05517987882160152,99.70574612660597,81.32689331463418,BITZER-4NES-20Y,screw,134,50.0,15.0,BAC-VXC-116,evaporative,105.0,2,28.679705102094207
90.23204430874146,-33.11232900041456,31.982002664084163,R410A,ice_making,1.9734182307347876,8.378882176894571,1.1705035352490356,0.5413157444541938,215.2120031081511,135.62029336927742,COPELAND-ZP91K5E,screw,91,80.0,27.0,GUNTNER-GACV-180,air_cooled,185.0,3,30.00312980148715
187.05291287096202,-6.727291362693002,42.10986653826931,R717,blast_freezing,3.351912240320068,4.971414002099361,1.1048772338306883,0.17133083009040942,233.43770182185048,240.4548398726154,BITZER-S6H-25.2,screw,418,190.0,55.0,BAC-VXC-292,evaporative,250.0,2,92.60107700999322
191.16555507943028,7.408575429451673,30.023771901465487,R410A,cold_storage,8.028771339244004,1.8769034320010722,1.1886745829391832,1.03534748318997,100.0628397755704,216.6586611096077,COPELAND-ZP91K5E,screw,91,80.0,27.0,GUNTNER-GACV-240,air_cooled,250.0,4,48.165547208925375
577.8548660739738,-16.141207774949127,44.165862402832246,R410A,hvac,2.2187607832076797,5.8029308373790025,1.1304669713157296,3.7291635848324503,781.4595872891674,824.3556881166782,COPELAND-ZP91K5E,screw,91,80.0,27.0,GUNTNER-GACV-240,air_cooled,250.0,3,189.4153470231604
417.91155967194646,-2.013778555359359,25.42657025744913,R717,hvac,6.624387486298126,2.553510574086852,1.1107913735370445,0.35965337662483526,412.3649294567211,483.28335062311885,BITZER-CSH9563-160,screw,1417,500.0,135.0,BAC-VXC-584,evaporative,565.0,2,209.94841788651166
158.65568806109772,8.823785777053025,27.798031809128315,R717,ice_making,10.281656313233881,1.850242732914803,1.1370828178110766,0.1346401376697729,106.17577209056569,172.56212326061424,BITZER-S6H-25.2,screw,418,190.0,55.0,BAC-VXC-292,evaporative,250.0,3,52.42210288945764
663.2456710766708,-24.142019629326125,45.678659285839956,R410A,ice_making,1.7560440866190241,8.13103946149072,1.163482194083436,4.529609249275839,1270.254047539617,1037.8864787259515,COPELAND-ZP91K5E,screw,91,80.0,27.0,GUNTNER-GACV-240,air_cooled,250.0,2,330.650446122651
69.13529015875625,-24.77494608562894,37.35626966142057,R717,blast_freezing,2.311627891723073,9.43509042464436,1.1185587798802175,0.06369622333926134,179.33217964604057,98.53715926508917,BITZER-6FE-35Y,screw,232,100.0,30.0,BAC-VXC-116,evaporative,105.0,4,17.19556462681424
452.01533880077614,-25.375902136700596,38.55254580809343,R717,hvac,2.2231039549896106,10.034448401106786,1.1906979836988623,0.4128721240566848,1193.2302028321114,642.3638485423958,BITZER-CSH9563-160,screw,1417,500.0,135.0,BAC-VXC-584,evaporative,565.0,4,110.7660218363598
725.9694244046435,2.0330787798981618,40.062744586072526,R410A,cold_storage,4.247864699143302,2.846084229181091,1.1943156741202448,4.426840098979682,505.9227251061681,912.4669270069594,COPELAND-ZP91K5E,screw,91,80.0,27.0,GUNTNER-GACV-240,air_cooled,250.0,3,246.19766137145152
589.2809067740013,-38.016559710841776,46.25282316270027,R410A,blast_freezing,1.2656260857742156,14.689869669669733,1.1063770861575064,4.2661667481436645,2076.372280264256,1055.368387290787,COPELAND-ZP91K5E,screw,91,80.0,27.0,GUNTNER-GACV-240,air_cooled,250.0,4,147.3877098965611
56.013664525804444,-10.986646020458682,34.209333248710735,R410A,ice_making,3.377099456001317,3.7881590056568646,1.119037068996632,0.3336284236082592,58.450121433135465,74.54880929338378,COPELAND-ZP61K5E,screw,61,55.0,18.5,GUNTNER-GACV-060,air_cooled,65.0,2,28.75862724172888
209.9047752950448,4.090351325979171,33.166338374663795,R410A,process_cooling,5.9585878054512476,2.2503639202719623,1.1773259010159505,1.1799574906555175,126.40503003608579,247.6004787310476,COPELAND-ZP91K5E,screw,91,80.0,27.0,GUNTNER-GACV-240,air_cooled,250.0,2,106.00923883111354
782.0369567438388,-3.377656803561848,49.24604627497526,R717,ice_making,3.09657629359164,5.278682199360963,1.1771381670288408,0.7508882382808348,904.4307417643522,1042.6263332627732,BITZER-CSH9563-160,screw,1417,500.0,135.0,BAC-VXC-584,evaporative,565.0,2,394.05734878005364
505.02139492395355,-38.07322523755702,31.528442741701664,R410A,hvac,1.769917910491081,10.27403654563794,1.1842497635270357,3.076062563853186,1500.7211473855396,792.2902170711943,COPELAND-ZP91K5E,screw,91,80.0,27.0,GUNTNER-GACV-240,air_cooled,250.0,4,126.56409781946934
237.60013572575082,9.499380329438338,30.79085907246084,R410A,process_cooling,8.617116932645134,1.7982931994995703,1.1891898237533651,1.2868164039513945,116.64992309536868,266.2381681293645,COPELAND-ZP91K5E,screw,91,80.0,27.0,GUNTNER-GACV-240,air_cooled,250.0,3,79.51812872720475
329.4791458485409,-27.131617070294098,40.444935645641706,R410A,blast_freezing,1.8619683575491268,8.077784893374195,1.1843542003543062,2.1216304936167636,666.4967836061985,503.051717465391,COPELAND-ZP91K5E,screw,91,80.0,27.0,GUNTNER-GACV-240,air_cooled,250.0,2,163.6402404066802
398.82035427694694,-7.79790525931719,37.59780367555247,R410A,hvac,3.357871004182383,3.6932087933038744,1.1868233218705906,2.3466387871267735,369.1230526028329,510.75817566491565,COPELAND-ZP91K5E,screw,91,80.0,27.0,GUNTNER-GACV-240,air_cooled,250.0,4,98.38864359272661
270.77323689160767,-23.459419585460054,42.00656218040223,R410A,cold_storage,1.9570450470386769,7.256275784560655,1.1739306664515892,1.741593401746558,476.08191077978654,402.9423660264776,COPELAND-ZP91K5E,screw,91,80.0,27.0,GUNTNER-GACV-240,air_cooled,250.0,2,133.33857772371118
217.1822854460982,-38.67015097546087,31.479656525961524,R410A,process_cooling,1.7470365562944086,10.53815447631602,1.1218646401906904,1.288466706986833,644.6719316722033,332.98997643422706,COPELAND-ZP91K5E,screw,91,80.0,27.0,GUNTNER-GACV-240,air_cooled,250.0,4,52.94302148775817
278.5345612955768,0.4783533313944588,48.95034567811983,R717,ice_making,3.4686063644326537,4.526835116383133,1.173783683932183,0.26075123750163726,273.5814522868018,354.5909392083533,BITZER-CSH8561-90,screw,856,300.0,82.5,BAC-VXC-438,evaporative,425.0,3,91.7464557703255
106.4462324114716,-11.30687521077503,37.20356670892798,R717,blast_freezing,3.3209458027159893,5.217340091353392,1.1040284995011336,0.09740441991563326,157.92528600307958,139.30624276101955,BITZER-6FE-35Y,screw,232,100.0,30.0,BAC-VXC-116,evaporative,105.0,4,26.766621436130436
626.3532282932974,4.071370922338701,26.52519796273455,R410A,cold_storage,8.069138497001802,1.8969329615993826,1.1926589532734118,3.345605319263958,358.6167247771418,717.9864569535686,COPELAND-ZP91K5E,screw,91,80.0,27.0,GUNTNER-GACV-240,air_cooled,250.0,3,212.9394525564279
97.42852156673376,4.662340250384048,38.56215836851102,R717,ice_making,5.349151866567435,2.93216912329909,1.194574631122746,0.08824784123806641,80.06726197144094,116.43589556496,BITZER-6FE-35Y,screw,232,100.0,30.0,BAC-VXC-116,evaporative,105.0,2,49.048542323927855
513.6100557670705,-23.863847153645633,26.051314125027197,R717,ice_making,3.0424237714243305,6.489269911401787,1.1134243018186796,0.44130613832650095,1194.4603486497326,665.9401027848262,BITZER-CSH9563-160,screw,1417,500.0,135.0,BAC-VXC-584,evaporative,565.0,3,167.0674256848501
416.52680583806546,-22.034467575963188,42.0742353459941,R410A,ice_making,2.0228123683306674,6.879466643050734,1.144693913133275,2.727382799676604,707.1423023920654,626.2162340506003,COPELAND-ZP91K5E,screw,91,80.0,27.0,GUNTNER-GACV-240,air_cooled,250.0,4,104.76319641587155
609.6347616417518,-36.35467085663751,45.37440119234182,R717,process_cooling,1.5232529789859024,20.736332832123267,1.1301291919863086,0.586381726249684,2806.2992833178023,993.4967183057158,BITZER-CSH9563-160,screw,1417,500.0,135.0,BAC-VXC-584,evaporative,565.0,3,199.92008310638687
128.59000665961807,-2.915795370843142,42.67945438054683,R410A,ice_making,3.3276419884999395,3.551362913955065,1.1052603815588857,0.8015538506559092,107.3442679187959,167.16586378998971,COPELAND-ZP91K5E,screw,91,80.0,27.0,GUNTNER-GACV-180,air_cooled,185.0,3,42.846131054712224
92.04045944324186,8.316782594715882,30.42658243360966,R717,ice_making,8.70225741079645,2.0373690505718574,1.1578542214850236,0.0801685749409491,64.29526300726303,103.22715155999484,BITZER-6FE-35Y,screw,232,100.0,30.0,BAC-VXC-116,evaporative,105.0,2,46.293826612905335
292.9987160405416,-17.13812785395361,28.854352830976204,R410A,blast_freezing,3.284528795189252,4.116866004304236,1.1333981678772722,1.6832612520497146,365.4360914487735,393.02828696704415,COPELAND-ZP91K5E,screw,91,80.0,27.0,GUNTNER-GACV-240,air_cooled,250.0,3,100.4321040948246
64.69852137041543,-30.241502812868042,29.881401714312215,R717,process_cooling,2.3483169036796037,9.852843348940644,1.1336392104502921,0.059937195756177224,215.24427624636374,94.6835672284612,BITZER-6FE-35Y,screw,232,100.0,30.0,BAC-VXC-116,evaporative,105.0,2,33.20280424755095
252.1870572412703,-31.21517935220821,26.359809621054154,R717,cold_storage,2.4669450922039995,9.293932835910338,1.1726034479921823,0.23109936477092077,867.8046175115304,364.8292531514517,BITZER-CSH8561-90,screw,856,300.0,82.5,BAC-VXC-438,evaporative,425.0,2,129.79924856298624
375.38623991886635,-12.679781095596454,47.84690746533441,R717,blast_freezing,2.513233871124928,7.382604580591094,1.1842691154981162,0.3602133000785005,616.0716142217759,526.1385213506097,BITZER-CSH9563-160,screw,1417,500.0,135.0,BAC-VXC-584,evaporative,565.0,3,125.45982811163651
432.74107354174515,-35.62643533264246,29.465407777191587,R717,cold_storage,2.0667389865497747,12.741834035258796,1.1727963114215054,0.3838823337157386,1773.8323285871522,627.5090918644111,BITZER-CSH9563-160,screw,1417,500.0,135.0,BAC-VXC-584,evaporative,565.0,3,140.9637957733613
636.6604157699903,-26.125302591512515,42.66775417209453,R717,ice_making,2.0152280414286445,11.643674882699457,1.1046277549010954,0.5955620773467103,1778.6613753618133,937.2601125307926,BITZER-CSH9563-160,screw,1417,500.0,135.0,BAC-VXC-584,evaporative,565.0,4,156.60447857782023
329.399987786303,0.8192249727810577,26.51464901101908,R717,cold_storage,7.195976421562457,2.373357299552293,1.1034076443251035,0.288097302099165,298.66506513172186,382.4666531132187,BITZER-CSH8561-90,screw,856,300.0,82.5,BAC-VXC-438,evaporative,425.0,4,83.95037016565604
270.62625490780624,-10.008603915896927,44.11142956064239,R410A,ice_making,2.6076691043998435,4.662663599309082,1.1547418973692287,1.813772908103657,307.3614681114963,388.98326262450746,COPELAND-ZP91K5E,screw,91,80.0,27.0,GUNTNER-GACV-240,air_cooled,250.0,2,140.58102430146786
185.48863264776568,-24.610612310085273,26.294283288515423,R717,hvac,2.9609162385654173,6.766817036304261,1.1960335931409225,0.16271801638338115,454.8657803265347,246.72828043807363,BITZER-S6H-25.2,screw,418,190.0,55.0,BAC-VXC-292,evaporative,250.0,4,46.10939288172156
665.8318627471966,6.9216562138592295,40.9902376264318,R717,cold_storage,5.358618947296033,2.893803033100264,1.1302808117089735,0.5911844891169842,496.8058202371802,773.1316746436174,BITZER-CSH9563-160,screw,1417,500.0,135.0,BAC-VXC-584,evaporative,565.0,3,217.18122938533966
35.23749679162694,-1.7637141136053245,29.954873514290327,R717,hvac,5.63987292390252,2.900406179391679,1.1351461686665307,0.0319833517886285,36.343075629796495,43.155910659223466,BITZER-4DC-10.2Y,reciprocating,67,37.5,12.0,BAC-VXC-116,evaporative,105.0,3,12.218800712140649
581.387700655826,-28.064166640683716,35.1861509994806,R717,hvac,2.225672468888899,10.355760772631514,1.1592438999209882,0.5392004938464604,1754.9152812070001,848.3262372347501,BITZER-CSH9563-160,screw,1417,500.0,135.0,BAC-VXC-584,evaporative,565.0,2,292.66709020520324
143.87275999929471,-34.8906609695685,25.575558833399334,R410A,process_cooling,2.197008811390996,7.65436862010423,1.1262059031061458,0.8123938818016077,347.2199561904332,208.30432709426427,COPELAND-ZP91K5E,screw,91,80.0,27.0,GUNTNER-GACV-240,air_cooled,250.0,2,71.57416026605382
421.5699357803218,-21.074985571174135,31.15375436023593,R717,process_cooling,2.916033587220246,6.66423628178218,1.1551078425472368,0.35942070579120955,863.9813693814729,538.3017335022489,BITZER-CSH9563-160,screw,1417,500.0,135.0,BAC-VXC-584,evaporative,565.0,2,200.42038710726158
271.68156984216955,-28.5602136662513,43.062848076318716,R717,process_cooling,1.890036190740341,13.21202901741073,1.1579655505776418,0.2586236562914994,860.6642145517446,413.74605875227087,BITZER-CSH8561-90,screw,856,300.0,82.5,BAC-VXC-438,evaporative,425.0,2,135.29156266684112
757.7341927306215,7.219624280333846,49.69569492182326,R717,blast_freezing,4.151551025146154,3.614987609197932,1.119528797637025,0.7071518504527717,588.3371209706197,929.4116440201554,BITZER-CSH9563-160,screw,1417,500.0,135.0,BAC-VXC-584,evaporative,565.0,2,374.4988494416766
448.2963297376684,4.262053582897501,48.62345388859533,R410A,ice_making,3.419698396772524,3.2526923766062557,1.1728576207850268,3.0325148575210914,323.1242512156166,594.1919861115555,COPELAND-ZP91K5E,screw,91,80.0,27.0,GUNTNER-GACV-240,air_cooled,250.0,2,229.87511814885391
136.83509591836074,-16.016996307614974,41.92485096969331,R410A,cold_storage,2.3629363925412212,5.475948418181399,1.1419952138536067,0.8493788009512226,177.21060690927413,189.26144531891924,COPELAND-ZP91K5E,screw,91,80.0,27.0,GUNTNER-GACV-240,air_cooled,250.0,4,33.24570439697537
748.4978016507686,9.071131857184106,40.80390738112018,R717,cold_storage,5.8488197218567475,2.669962037494022,1.1181720779578674,0.6724766031198998,525.9741883737618,870.3089799593852,BITZER-CSH9563-160,screw,1417,500.0,135.0,BAC-VXC-584,evaporative,565.0,2,371.61733939723865
638.8046031134606,-16.448582703639754,47.17934798664946,R717,ice_making,2.323362904203013,8.507769516190004,1.1750696224122636,0.6307217103102388,1253.0548198114839,941.1284080721497,BITZER-CSH9563-160,screw,1417,500.0,135.0,BAC-VXC-584,evaporative,565.0,4,164.48571029070627
47.19422577775999,-17.50479401806092,37.75335991545849,R717,ice_making,2.763082879409892,6.885493501167492,1.141907137533302,0.042924252641524024,89.01074673460471,63.61617182182633,BITZER-4NES-20Y,screw,134,50.0,15.0,BAC-VXC-116,evaporative,105.0,4,11.677709530147975
273.77763141172585,-2.424927445581112,48.34661107653995,R410A,process_cooling,2.837085307098945,3.994025325779596,1.1020137443724907,1.8620918442584444,245.43268344521903,377.4561564756969,COPELAND-ZP91K5E,screw,91,80.0,27.0,GUNTNER-GACV-240,air_cooled,250.0,3,93.02853858283409
229.9454076842726,-1.112501747386382,38.668321968535366,R717,process_cooling,4.36207006828277,3.638547354093349,1.177182010543898,0.20837448593322846,231.32420518696276,282.9403772102151,BITZER-CSH8561-90,screw,856,300.0,82.5,BAC-VXC-292,evaporative,250.0,2,115.08668618839741
637.011913225728,-16.16108323731795,46.527302933480854,R410A,cold_storage,2.082617557095633,6.139465762338596,1.1957099087114984,4.37468408797254,917.3753205636132,957.9231284204052,COPELAND-ZP91K5E,screw,91,80.0,27.0,GUNTNER-GACV-240,air_cooled,250.0,2,323.58660921206507
553.3169266426255,2.357323845927361,48.51919759549309,R410A,process_cooling,3.2395699583417783,3.4427337563552145,1.1063438579811582,3.6674088767988073,414.8606962871931,725.6405600322247,COPELAND-ZP91K5E,screw,91,80.0,27.0,GUNTNER-GACV-240,air_cooled,250.0,3,184.82718624242668
617.8773602804046,5.756566322513798,35.66419696899894,R717,hvac,6.184727830400972,2.597462804681266,1.1521897493710884,0.5515261990641782,482.08989960382115,722.0137495693913,BITZER-CSH9563-160,screw,1417,500.0,135.0,BAC-VXC-584,evaporative,565.0,2,310.7604516345861
698.9960366525762,-32.13826785731855,33.51582612467551,R410A,blast_freezing,1.9489457805195836,8.360075984889296,1.1430667371336083,4.447978805030991,1700.4708879818031,1104.515736013887,COPELAND-ZP91K5E,screw,91,80.0,27.0,GUNTNER-GACV-240,air_cooled,250.0,2,364.9848867079657
684.5218615058267,-27.954732956448453,32.10971444493579,R717,ice_making,2.3771949684874465,9.423162158728461,1.1655236789780927,0.6491847139230259,2102.563069464954,1015.0732846659912,BITZER-CSH9563-160,screw,1417,500.0,135.0,BAC-VXC-584,evaporative,565.0,2,357.2531535001589
247.5736685202929,-20.81280755010731,32.43866657516524,R717,ice_making,2.8510641206906775,6.839627515117339,1.1455006968581374,0.21901759333732254,520.715674648542,328.2053135964167,BITZER-CSH8561-90,screw,856,300.0,82.5,BAC-VXC-438,evaporative,425.0,2,121.49036792030283
287.53689496802014,-10.039074196651868,45.89870390129475,R717,ice_making,2.803117936812893,6.289300489847697,1.1252145661428674,0.2647660301468698,408.83046762241923,380.0637609059064,BITZER-CSH8561-90,screw,856,300.0,82.5,BAC-VXC-438,evaporative,425.0,2,140.06448958833946
74.36556417405578,-37.4646614647624,44.60361241598493,R410A,hvac,1.331533795477111,13.788568492912178,1.192709743882291,0.5133217802297341,244.10702466026848,127.24810766613102,COPELAND-ZP91K5E,screw,91,80.0,27.0,GUNTNER-GACV-120,air_cooled,125.0,2,36.335556468588806
276.6839373973703,-25.316396518815974,48.18589876738049,R717,blast_freezing,1.8530513216340123,12.99471892067183,1.1549393540165478,0.2769473255948665,798.3215591034459,437.3134521470661,BITZER-CSH8561-90,screw,856,300.0,82.5,BAC-VXC-584,evaporative,565.0,2,142.01712116509313
748.3133978137507,-27.404796367679445,39.2565540633731,R410A,blast_freezing,1.9041871941389146,7.93447394737962,1.1918389525205566,4.7910137559111625,1520.9649035968464,1141.8851713133613,COPELAND-ZP91K5E,screw,91,80.0,27.0,GUNTNER-GACV-240,air_cooled,250.0,2,374.3496846174748
366.680678182681,-17.20772454075801,31.140008186964636,R717,process_cooling,3.2552918972802396,5.6178319319367445,1.103299432117687,0.334912830895707,686.1531196277427,490.63816758001803,BITZER-CSH9563-160,screw,1417,500.0,135.0,BAC-VXC-584,evaporative,565.0,3,125.11248659897926
300.3619679282115,-29.290436354103058,41.81403639757819,R410A,cold_storage,1.711659892177577,9.11222347566524,1.1243988125809619,1.9704442277500092,673.027206529476,470.5686390167234,COPELAND-ZP91K5E,screw,91,80.0,27.0,GUNTNER-GACV-240,air_cooled,250.0,3,99.01112208614786
451.94806476830183,-22.095237147276862,48.402792989968674,R410A,ice_making,1.719296197266762,8.005440961479735,1.182088401434397,3.2061843331942868,833.1513283039571,718.7623660487175,COPELAND-ZP91K5E,screw,91,80.0,27.0,GUNTNER-GACV-240,air_cooled,250.0,4,113.61077582575608
111.78242601367724,-2.8684402479165527,42.951956453377335,R717,blast_freezing,3.669451607684119,4.377611032261148,1.1323137273094062,0.10256667990089248,121.28001791542175,141.15485295273683,BITZER-N320VLD,screw,320,150.0,42.5,BAC-VXC-116,evaporative,105.0,4,27.73135614295003
285.6546519765684,-28.90098625977496,40.76636445608696,R717,blast_freezing,1.957001074334362,12.611866295295902,1.1672895249489617,0.2794664573139928,944.4014009206473,446.35863473615876,BITZER-CSH8561-90,screw,856,300.0,82.5,BAC-VXC-584,evaporative,565.0,2,147.70443191565582
634.2657591371891,-23.183297314725678,39.41826984532289,R717,blast_freezing,2.3059400256837677,9.290504221286467,1.113280306517688,0.5902684503005814,1551.6337252265396,907.237538228766,BITZER-CSH9563-160,screw,1417,500.0,135.0,BAC-VXC-584,evaporative,565.0,2,316.40552096401433
248.92074751661576,-8.069377486404935,49.33271284632627,R717,blast_freezing,2.7336352429015975,6.359447309441323,1.1588838555565748,0.241509114602366,346.0339098934846,344.1666961513805,BITZER-CSH8561-90,screw,856,300.0,82.5,BAC-VXC-438,evaporative,425.0,2,125.99332136436225
381.79217696380744,-21.08888098582939,40.00538682700162,R717,cold_storage,2.400245304741743,8.589178676590501,1.153024101260123,0.3462082351203355,832.7071720223488,525.8510010726603,BITZER-CSH9563-160,screw,1417,500.0,135.0,BAC-VXC-584,evaporative,565.0,3,123.73336658566592
649.0301536304013,-18.96080601599348,40.867739857337554,R717,hvac,2.486990588408661,8.003190532204828,1.198293328643649,0.609451178551652,1341.5489213290891,915.1279751707054,BITZER-CSH9563-160,screw,1417,500.0,135.0,BAC-VXC-584,evaporative,565.0,4,163.17183856220745
741.2929026569778,-35.395904061387796,26.55286257254474,R410A,cold_storage,2.1193867806919466,8.02826996078708,1.1469143318560273,4.208452949119366,1836.4389366511764,1079.8167071186435,COPELAND-ZP91K5E,screw,91,80.0,27.0,GUNTNER-GACV-240,air_cooled,250.0,4,183.41339304274342
187.37662828002243,-28.042335809854144,38.29662795115764,R410A,process_cooling,1.9194144359705592,7.952335297334943,1.182155613714051,1.1551071075311603,375.84030179430147,277.04194807168597,COPELAND-ZP91K5E,screw,91,80.0,27.0,GUNTNER-GACV-240,air_cooled,250.0,2,91.07276924206498
54.37435463536659,-35.25129674264737,26.684807843857627,R410A,blast_freezing,2.1204903654476226,8.005925892152396,1.1025685886649452,0.3111650514497702,134.977157363071,79.75852942781535,COPELAND-ZP61K5E,screw,61,55.0,18.5,GUNTNER-GACV-060,air_cooled,65.0,2,27.099457682461466
659.5899367389984,-16.406011636521974,32.626194829831796,R410A,hvac,3.013685494967387,4.415462691645902,1.1816142304141832,3.918917816785314,828.9567754915362,902.3232695995632,COPELAND-ZP91K5E,screw,91,80.0,27.0,GUNTNER-GACV-240,air_cooled,250.0,2,338.75580844256535
429.9100804649542,-29.41598943727032,32.29600013387099,R717,hvac,2.281522056889738,10.164273734649214,1.1466363579535364,0.3885889512815046,1344.0776676819141,613.419815024435,BITZER-CSH9563-160,screw,1417,500.0,135.0,BAC-VXC-584,evaporative,565.0,2,213.24416137521897
567.7601777563174,-25.68960860064329,25.434156430887313,R410A,hvac,2.818302498512334,5.213642398305777,1.188430860344481,3.099653161047331,921.5463962440571,759.5771659706256,COPELAND-ZP91K5E,screw,91,80.0,27.0,GUNTNER-GACV-240,air_cooled,250.0,4,140.1616441797099
602.1095063817098,-16.901864042956852,31.940973915894084,R717,hvac,3.219816120063183,5.676144280794584,1.140546158768379,0.5318095654995026,1076.102055052124,778.7033789924737,BITZER-CSH9563-160,screw,1417,500.0,135.0,BAC-VXC-584,evaporative,565.0,2,297.084235555517
718.5845593063298,-2.3011782578603004,28.979679655018558,R410A,hvac,5.43057558278283,2.4750719946000834,1.1765895775456523,3.9208452675515653,514.7197274397693,857.3785522229243,COPELAND-ZP91K5E,screw,91,80.0,27.0,GUNTNER-GACV-240,air_cooled,250.0,3,241.3500404416675
345.0712639806056,-3.687183092247487,43.337884728924195,R717,hvac,3.5468418918385693,4.565098323919283,1.132893863139387,0.32003672853077236,389.84180971686345,442.51999064786037,BITZER-CSH8561-90,screw,856,300.0,82.5,BAC-VXC-584,evaporative,565.0,4,86.29882444467283
450.4202916627791,-13.704739857896417,35.30573215802735,R410A,process_cooling,3.0188740611991567,4.285000390776091,1.1766000313861726,2.599287807001754,500.08846047905956,586.0802872276893,COPELAND-ZP91K5E,screw,91,80.0,27.0,GUNTNER-GACV-240,air_cooled,250.0,3,146.74944192071348
614.4577024171336,-27.507036958781704,44.060586270954055,R410A,ice_making,1.68958408149781,8.943013771547019,1.1587043314736656,4.175677528386822,1330.8504071195364,980.1338693887002,COPELAND-ZP91K5E,screw,91,80.0,27.0,GUNTNER-GACV-240,air_cooled,250.0,4,153.9288727621574
279.7495496791799,5.292044564007234,41.74959522486309,R410A,ice_making,4.48026013160668,2.679595061091248,1.1461550388307755,1.6406434227796862,169.2922710092221,330.7857260423368,COPELAND-ZP91K5E,screw,91,80.0,27.0,GUNTNER-GACV-240,air_cooled,250.0,3,90.14207749888708
526.1374074391181,-14.940633348482859,25.591500535171132,R410A,process_cooling,3.881265146721009,3.488733289975817,1.1216665612210586,2.827816707376035,568.048608771998,659.3281453517895,COPELAND-ZP91K5E,screw,91,80.0,27.0,GUNTNER-GACV-240,air_cooled,250.0,4,131.06373419015824
595.8428122548262,-4.449375415834268,37.34368479456822,R410A,process_cooling,3.7552679366938193,3.2809523826217277,1.1226493387563137,3.641256238274377,512.6586305096797,781.2206081687868,COPELAND-ZP91K5E,screw,91,80.0,27.0,GUNTNER-GACV-240,air_cooled,250.0,3,205.64510352143554
351.9759424778384,-8.52080203096994,27.59024928148041,R717,blast_freezing,4.74566623749819,3.517228000807121,1.1595301855821538,0.30473772681550604,444.13344960231194,424.0054903391144,BITZER-CSH9563-160,screw,1417,500.0,135.0,BAC-VXC-438,evaporative,425.0,2,175.10489270016825
628.8517391011912,-4.095289060409705,27.515625032423685,R717,ice_making,5.613222204500695,2.947613535971853,1.173620453147439,0.5376481867753709,664.7375858143406,731.6383445490962,BITZER-CSH9563-160,screw,1417,500.0,135.0,BAC-VXC-584,evaporative,565.0,3,207.0018958127129
682.1923694084971,-26.54524374220306,36.39561418425295,R410A,ice_making,2.0856848731679434,7.145231552855215,1.1531651398030465,4.215979997375098,1294.9863476636046,1008.9706937314012,COPELAND-ZP91K5E,screw,91,80.0,27.0,GUNTNER-GACV-240,air_cooled,250.0,2,340.99316681435056
677.6152017438047,-16.114990373301406,35.194484046236475,R410A,hvac,2.8286772259543644,4.660615213298049,1.1037166889289076,3.895488705527832,815.5572093577515,888.7044859518005,COPELAND-ZP91K5E,screw,91,80.0,27.0,GUNTNER-GACV-240,air_cooled,250.0,3,218.8621980609953
228.7840134120802,1.2030214784294202,28.465052051451607,R717,process_cooling,6.75009041168352,2.4821111098040545,1.1191239050096489,0.19990727592629046,204.46452403477815,265.4844120605918,BITZER-CSH8561-90,screw,856,300.0,82.5,BAC-VXC-292,evaporative,250.0,2,115.61437925937429
450.82829525481617,-18.08130224099373,32.56678516883675,R717,hvac,3.066434892456293,6.084782383000615,1.1411123250047979,0.4050061724000151,859.862010305296,597.5658649336158,BITZER-CSH9563-160,screw,1417,500.0,135.0,BAC-VXC-584,evaporative,565.0,2,225.3075319332632
121.04720490947642,9.967587217992723,40.18562819525344,R410A,blast_freezing,5.679328261672867,2.241716671495216,1.1251069184604487,0.6963892066738923,62.233685305738604,138.4504363593262,COPELAND-ZP91K5E,screw,91,80.0,27.0,GUNTNER-GACV-180,air_cooled,185.0,4,29.43055967800003
402.9784596765534,-6.412923656309161,35.31570935408046,R410A,process_cooling,3.7629164351348594,3.3307584612622962,1.1674091353998473,2.2812705630795462,342.6635484157764,497.41436589597384,COPELAND-ZP91K5E,screw,91,80.0,27.0,GUNTNER-GACV-240,air_cooled,250.0,2,196.4897681906472
614.5509892991519,-24.839311915879318,46.722885563810465,R717,cold_storage,1.9242618195254202,12.228183767697038,1.1848353335111725,0.5884370069801359,1661.3409042285955,924.271548746716,BITZER-CSH9563-160,screw,1417,500.0,135.0,BAC-VXC-584,evaporative,565.0,4,152.0503773167252
213.98663622418113,-37.83042624242525,37.875738690367896,R410A,hvac,1.541430536348179,11.915418907650071,1.1771838416546343,1.3535271050185265,653.627460868902,342.85333462829885,COPELAND-ZP91K5E,screw,91,80.0,27.0,GUNTNER-GACV-240,air_cooled,250.0,4,51.98692153162762
119.4768287931938,-38.20423089709484,36.11846187909177,R410A,blast_freezing,1.5904145144722475,11.600381783917937,1.1631835830907487,0.7501321917482089,367.9960295840682,191.27355246927408,COPELAND-ZP91K5E,screw,91,80.0,27.0,GUNTNER-GACV-240,air_cooled,250.0,4,29.358644377401788
780.933838908498,-31.738751313167267,29.09109715247652,R410A,hvac,2.1877068419390793,7.341458861716461,1.105948291623197,4.576726236840809,1721.9695595112,1146.1708701184314,COPELAND-ZP91K5E,screw,91,80.0,27.0,GUNTNER-GACV-240,air_cooled,250.0,3,262.2037281471026
507.99889586394374,6.93452878077219,35.52074835547876,R410A,blast_freezing,6.086711316347735,2.1885937831984976,1.156590886585833,2.912768150163305,285.65175005583797,598.4541676484328,COPELAND-ZP91K5E,screw,91,80.0,27.0,GUNTNER-GACV-240,air_cooled,250.0,3,171.33559756828876
644.4448219691049,-19.72313389786295,47.944161893464425,R410A,process_cooling,1.8400629402597306,7.238955296994039,1.1262916016296343,4.546591056611074,1083.1882445838514,1008.2926763677265,COPELAND-ZP91K5E,screw,91,80.0,27.0,GUNTNER-GACV-240,air_cooled,250.0,3,217.75597064172553
416.34004356315546,9.081613200034027,46.261787696189856,R717,hvac,4.879940463699271,3.094253820497045,1.1131579882983205,0.39075185235407783,305.5184380657857,507.66301605923775,BITZER-CSH9563-160,screw,1417,500.0,135.0,BAC-VXC-584,evaporative,565.0,4,105.33122355938329
722.1420541502914,-30.01451634931769,44.3985777382042,R717,blast_freezing,1.7842508297513404,14.696012351337057,1.1624543787288129,0.6798411611960801,2416.2839825209344,1100.5893399648908,BITZER-CSH9563-160,screw,1417,500.0,135.0,BAC-VXC-584,evaporative,565.0,3,235.09944124098135
715.9045008395976,2.473290138221131,25.517663876095405,R717,blast_freezing,8.154692057621686,2.1657735644979352,1.1337634747677465,0.6195200580108434,606.1526948700159,815.2567686528637,BITZER-CSH9563-160,screw,1417,500.0,135.0,BAC-VXC-584,evaporative,565.0,4,181.5508335619256
433.647958996551,-17.17540585289806,29.377688940424953,R410A,ice_making,3.2317264302512574,4.178828919169498,1.1763318814758255,2.4430194343455405,531.084332637184,569.721573762783,COPELAND-ZP91K5E,screw,91,80.0,27.0,GUNTNER-GACV-240,air_cooled,250.0,4,108.77264268854256
582.6491820902269,-29.808158272470507,33.26319359290983,R717,process_cooling,2.215181167074654,10.655689352050791,1.1473491818051471,0.5159319904164518,1816.5818104542634,817.9296467113008,BITZER-CSH9563-160,screw,1417,500.0,135.0,BAC-VXC-584,evaporative,565.0,2,281.7667582687773
556.250404606466,-0.2746554802443626,30.007276373005965,R717,process_cooling,5.9732793772975645,2.746309586162192,1.1672595475719407,0.4892849130531964,527.2175559988817,655.4986768192113,BITZER-CSH9563-160,screw,1417,500.0,135.0,BAC-VXC-584,evaporative,565.0,2,280.74859160507674
325.13019038385613,1.9506545093134875,48.59099540952387,R410A,blast_freezing,3.1933273861210676,3.4927214224585423,1.140972900593379,2.1880808602461683,250.71797141661705,433.63156600110887,COPELAND-ZP91K5E,screw,91,80.0,27.0,GUNTNER-GACV-240,air_cooled,250.0,4,82.55541648030096
392.0059426315905,-34.87512759329923,26.347485557652412,R410A,ice_making,2.1578731293837903,7.807103791436168,1.1560084395286407,2.234446100363438,954.4020295637768,572.0094130123996,COPELAND-ZP91K5E,screw,91,80.0,27.0,GUNTNER-GACV-240,air_cooled,250.0,4,97.7179648707824
541.7032962195354,5.895564443788466,45.001889791396735,R717,hvac,4.555965998633095,3.3469897620717934,1.174632802878042,0.49528876040369846,430.8965351683011,653.0502201439193,BITZER-CSH9563-160,screw,1417,500.0,135.0,BAC-VXC-584,evaporative,565.0,3,178.50328812352612
425.5618721360002,-29.223757034055744,26.261993072258306,R717,cold_storage,2.6076913892021096,8.408494303730352,1.1090043469738167,0.36956615298610307,1267.2080470388548,576.1209611238365,BITZER-CSH9563-160,screw,1417,500.0,135.0,BAC-VXC-584,evaporative,565.0,4,104.10713579590134
237.99701198616444,2.6525929581428045,42.09025624975578,R717,cold_storage,4.463689034212961,3.477591901235945,1.1209859969336209,0.21730821034650769,211.29944557666136,290.48688561265453,BITZER-CSH8561-90,screw,856,300.0,82.5,BAC-VXC-292,evaporative,250.0,3,79.1066937724346
55.33274555319283,-29.16064116249509,49.01492511365503,R410A,cold_storage,1.4401891878380928,10.740055582066045,1.1179700542868902,0.3983730298065907,135.38027551632257,92.65361250077686,COPELAND-ZP61K5E,screw,61,55.0,18.5,GUNTNER-GACV-120,air_cooled,125.0,4,13.670941130591233
536.3466799020789,-13.076112971029794,28.621302227060173,R410A,ice_making,3.7511564856030395,3.5342061114981007,1.1781452376391934,2.9286732131512347,551.3040971453954,671.7947207754378,COPELAND-ZP91K5E,screw,91,80.0,27.0,GUNTNER-GACV-240,air_cooled,250.0,4,132.59966975760508
430.41673959789387,-7.5182831116093425,43.74128868428686,R410A,process_cooling,2.8215201280272386,4.244446459133907,1.1841222400754137,2.651102891712377,413.1358436637225,562.590832018969,COPELAND-ZP91K5E,screw,91,80.0,27.0,GUNTNER-GACV-240,air_cooled,250.0,2,207.68716416581412
139.6065258943416,-31.68143713966793,26.782961788952576,R410A,blast_freezing,2.3173100294627083,6.895258520900218,1.1563503458835462,0.7819021638611632,293.51468965090214,196.7487789458727,COPELAND-ZP91K5E,screw,91,80.0,27.0,GUNTNER-GACV-240,air_cooled,250.0,4,34.35976097248114
707.9047596580293,5.246312827767959,25.960092420367783,R717,cold_storage,9.242978125218118,1.9854450576116576,1.1202543362852175,0.6093140556700781,541.9214668320479,792.1291788512692,BITZER-CSH9563-160,screw,1417,500.0,135.0,BAC-VXC-584,evaporative,565.0,3,238.2651016453727
181.31139107596084,-27.432044809785292,37.66386712685838,R717,hvac,2.151700083952567,10.781587035133043,1.1231130465776216,0.1666776416182572,527.3963037215515,262.31367781106735,BITZER-S6H-25.2,screw,418,190.0,55.0,BAC-VXC-292,evaporative,250.0,4,44.77110349441445
44.71108636363657,-5.007419526454299,26.576280862061946,R410A,ice_making,5.352332303133464,2.5401611351643236,1.1264193895802503,0.23480878804019922,33.670357815084884,52.31083100370328,COPELAND-ZP61K5E,screw,61,55.0,18.5,GUNTNER-GACV-060,air_cooled,65.0,3,14.69197649115251
66.8449585656864,-18.799807837640913,37.33107098586396,R717,ice_making,2.6952738628018413,7.199871795020029,1.1453490763055971,0.06197765299555151,135.5251081716021,92.49137883654365,BITZER-6FE-35Y,screw,232,100.0,30.0,BAC-VXC-116,evaporative,105.0,4,16.86543441489492
365.42968084783774,-8.569224684534003,25.295846510690957,R717,process_cooling,5.105107808504059,3.285900949758014,1.1846331199352496,0.2990194737911375,436.5985845747806,414.8501238584415,BITZER-CSH9563-160,screw,1417,500.0,135.0,BAC-VXC-438,evaporative,425.0,3,115.6329351912267
340.5416579480207,-37.41914975668233,30.179866634438554,R410A,ice_making,1.853824230095485,9.641065418547548,1.1314490752393729,2.0099341820975085,953.9896441062411,517.3711120002995,COPELAND-ZP91K5E,screw,91,80.0,27.0,GUNTNER-GACV-240,air_cooled,250.0,4,84.02016259998513
294.849719806926,-25.63611016023804,25.658086130629094,R410A,blast_freezing,2.8058108328092555,5.233618302712857,1.1500304825900758,1.6506831939922475,489.7624809756436,404.1994035804564,COPELAND-ZP91K5E,screw,91,80.0,27.0,GUNTNER-GACV-240,air_cooled,250.0,3,99.33118197434113
459.5393520842599,-38.308207492049966,25.992299810695503,R717,hvac,2.0697092486561575,13.18993385660117,1.1054533403341709,0.41287475981767824,2173.6191733110322,682.1771975105885,BITZER-CSH9563-160,screw,1417,500.0,135.0,BAC-VXC-584,evaporative,565.0,4,114.98714866302906
627.1027518042073,0.8062997818451265,41.46238065472867,R717,blast_freezing,4.281028017499909,3.6590589937518825,1.1194309208575335,0.5717499962743046,592.992098929316,770.9754038440972,BITZER-CSH9563-160,screw,1417,500.0,135.0,BAC-VXC-584,evaporative,565.0,2,312.4928795797611
764.9707356235155,-30.56304791121915,35.51489122076845,R717,ice_making,2.079487309981772,11.796590403897087,1.1352275318399598,0.7025331932935651,2560.267354239473,1123.8106043670716,BITZER-CSH9563-160,screw,1417,500.0,135.0,BAC-VXC-584,evaporative,565.0,3,252.9587617858056
207.77039468596183,-18.57198666856074,36.3325735513719,R717,blast_freezing,2.77260044271503,6.929349366154482,1.1316435664297329,0.19122044705738886,414.2344879293166,284.559582918109,BITZER-S6H-25.2,screw,418,190.0,55.0,BAC-VXC-292,evaporative,250.0,2,104.56580779725441
679.3474736449768,8.682065734835192,34.1450792016315,R717,hvac,7.466230368238221,2.242711722021125,1.1111968634854563,0.5968620655318874,472.9001606746597,769.7445365850784,BITZER-CSH9563-160,screw,1417,500.0,135.0,BAC-VXC-584,evaporative,565.0,4,169.70628558601663
543.9321629957778,-32.67521947741007,27.824268030203726,R717,hvac,2.30204486213078,10.445810492361668,1.1456060091819606,0.4779365285304485,1920.4279226734361,763.7553746579565,BITZER-CSH9563-160,screw,1417,500.0,135.0,BAC-VXC-584,evaporative,565.0,2,266.22883842673895
169.0990117468853,-19.91566475425977,32.43496349169282,R410A,process_cooling,2.7447274499152927,5.004062213655415,1.1142887617567518,0.9846916608835158,236.24074218375236,230.645081850024,COPELAND-ZP91K5E,screw,91,80.0,27.0,GUNTNER-GACV-240,air_cooled,250.0,3,56.3510425265654
601.7210882236878,-37.42735957751987,36.09202527531515,R410A,blast_freezing,1.6200861706930798,11.199983086637337,1.1599940313521224,3.8450898560493307,1825.6511382911349,976.2477596917436,COPELAND-ZP91K5E,screw,91,80.0,27.0,GUNTNER-GACV-240,air_cooled,250.0,2,301.8231828284334
122.57882324042714,-39.33281510226713,28.867095288546473,R410A,ice_making,1.824279382260415,10.14978094876614,1.1739580291494824,0.7212059120377851,371.16061283060765,188.09355327737063,COPELAND-ZP91K5E,screw,91,80.0,27.0,GUNTNER-GACV-180,air_cooled,185.0,2,60.74738804795218
469.5506326252247,-5.7980529273108985,45.71271336595497,R410A,blast_freezing,2.7938194112760404,4.197078175535092,1.1976843195851012,3.016734974080233,444.00584144878167,629.443097437959,COPELAND-ZP91K5E,screw,91,80.0,27.0,GUNTNER-GACV-240,air_cooled,250.0,3,154.5101082644313
778.7630618012403,-28.145064391364812,29.4796889407931,R410A,ice_making,2.376687506346046,6.395732594990241,1.1838437482912223,4.345591582780804,1419.5724672628673,1067.7534763980816,COPELAND-ZP91K5E,screw,91,80.0,27.0,GUNTNER-GACV-240,air_cooled,250.0,2,375.7700916125004
139.92328366059644,5.996681096708549,40.84808200031579,R410A,cold_storage,4.74938954969286,2.566201069857216,1.1720488799174744,0.8441928450115884,85.22475495107729,170.34500838870463,COPELAND-ZP91K5E,screw,91,80.0,27.0,GUNTNER-GACV-180,air_cooled,185.0,4,35.17916100879249
536.4191179584767,-4.769047356012798,34.00721875795064,R717,ice_making,4.434691493344388,3.6660581781253145,1.1353141595024012,0.47754330895313946,605.1744120280579,657.1858793321684,BITZER-CSH9563-160,screw,1417,500.0,135.0,BAC-VXC-584,evaporative,565.0,3,178.75388340439488
656.8656766095595,8.708492269837514,48.45333973163277,R410A,hvac,3.9617756373622783,2.830974476561226,1.1973290150140212,4.333508874937959,402.43886265597683,831.9033235289024,COPELAND-ZP91K5E,screw,91,80.0,27.0,GUNTNER-GACV-240,air_cooled,250.0,3,221.41363365834613
418.6624786102116,-15.801872375884965,45.33658096135541,R410A,hvac,2.1691019887772143,5.892668812796912,1.1264542010325178,2.907457481131509,602.0093034506133,638.6051608945247,COPELAND-ZP91K5E,screw,91,80.0,27.0,GUNTNER-GACV-240,air_cooled,250.0,3,145.69844806143126
763.6207832080268,5.477560223142355,25.419642715408344,R410A,blast_freezing,9.244579297440616,1.7643195110578105,1.1829498635218618,3.989885540113396,409.33547823978654,854.3274742449198,COPELAND-ZP91K5E,screw,91,80.0,27.0,GUNTNER-GACV-240,air_cooled,250.0,2,385.4671749972414
735.4149732642843,-5.93161244087851,38.27952250271997,R410A,blast_freezing,3.4806669079668637,3.5267959567924296,1.1636244372037254,4.579846467879502,677.0484200564505,985.8195283316433,COPELAND-ZP91K5E,screw,91,80.0,27.0,GUNTNER-GACV-240,air_cooled,250.0,3,255.26775961188594
635.6029965770782,-33.211202385176726,48.35711975875472,R717,ice_making,1.5512726309146792,19.12115823337544,1.13658827639515,0.627235713263619,2584.368982483784,1044.8310449062126,BITZER-CSH9563-160,screw,1417,500.0,135.0,BAC-VXC-584,evaporative,565.0,4,158.8244415995538
179.31324950813186,-5.659433189331288,25.574310630788066,R410A,hvac,5.420243319763194,2.5279783414978656,1.1354450534693317,0.9502846685306363,139.2249158263149,212.88826641750768,COPELAND-ZP91K5E,screw,91,80.0,27.0,GUNTNER-GACV-240,air_cooled,250.0,4,44.93233926015845
318.7653476963005,-2.380222679296871,32.72568516601248,R410A,process_cooling,4.709717783940945,2.731679406380295,1.1473591888159982,1.8599339095974294,244.79357802862103,401.92784009030885,COPELAND-ZP91K5E,screw,91,80.0,27.0,GUNTNER-GACV-240,air_cooled,250.0,3,110.51139875123226
623.964028169159,-20.96145969006453,33.84213327904344,R717,ice_making,2.7504549912246508,7.172091959209924,1.1525711595226444,0.5783051511921643,1383.526134862479,869.3213203614498,BITZER-CSH9563-160,screw,1417,500.0,135.0,BAC-VXC-584,evaporative,565.0,4,159.38260625448814
632.6895144133681,-31.1735948524302,40.00501526515693,R717,ice_making,1.8821449116227866,13.794023906422025,1.1604665465186204,0.5979503918695066,2241.0767401588646,968.1552036351845,BITZER-CSH9563-160,screw,1417,500.0,135.0,BAC-VXC-584,evaporative,565.0,2,316.1201893136411
23.54582200374974,-6.637440033367959,47.99277119759854,R717,hvac,2.9229337751610345,5.8003487089827175,1.1973729068883947,0.02264918884596741,30.75626722037027,31.975018838581462,BITZER-4CC-9.2Y,reciprocating,48,25.0,8.0,BAC-VXC-116,evaporative,105.0,2,11.912113214409743
602.8821039090085,-22.6478179420755,44.537170538312566,R717,process_cooling,2.110542184512266,10.430074259404357,1.1116858367794977,0.5570940107844399,1431.3151282346255,860.1496050376867,BITZER-CSH9563-160,screw,1417,500.0,135.0,BAC-VXC-584,evaporative,565.0,4,145.9055944862756
388.0929905724951,-27.10843516082502,44.55158654232071,R410A,hvac,1.6849066853157706,8.90391658401634,1.1121503840217783,2.7130496846978547,851.5286475099055,634.3366315017088,COPELAND-ZP91K5E,screw,91,80.0,27.0,GUNTNER-GACV-240,air_cooled,250.0,2,199.03820810670274
454.0752556650999,-18.37842632603154,46.33842609989414,R717,process_cooling,2.255498970772896,9.046819250309934,1.1654251075919868,0.45297591128282944,973.4935167512695,683.0297983883505,BITZER-CSH9563-160,screw,1417,500.0,135.0,BAC-VXC-584,evaporative,565.0,3,157.74059226179514
124.72858960198423,-25.192823680902347,46.901167726128705,R410A,process_cooling,1.6617603620687298,8.719653282478076,1.1349859486788105,0.8761880628561388,255.63630887491814,200.96896559568955,COPELAND-ZP91K5E,screw,91,80.0,27.0,GUNTNER-GACV-240,air_cooled,250.0,3,41.822229853593896
551.7238048186892,-39.04124507489083,27.092195850697347,R717,ice_making,1.9887613106823627,14.178795997657412,1.1935801168945939,0.4929065162535256,2690.742871295969,820.4480173627103,BITZER-CSH9563-160,screw,1417,500.0,135.0,BAC-VXC-584,evaporative,565.0,2,272.96848171266015
125.19615806147173,-24.305030321383782,39.70016114675027,R410A,hvac,2.030910103160592,7.092857408580464,1.1860670270436893,0.789397109526427,222.73252946596998,184.86555031635936,COPELAND-ZP91K5E,screw,91,80.0,27.0,GUNTNER-GACV-180,air_cooled,185.0,4,30.96803444222312
350.97391037806324,-30.317582389662526,27.489320725706733,R717,process_cooling,2.465527162166017,9.20442466742442,1.164702715769646,0.30687439364184455,1105.8709457057782,482.791522195468,BITZER-CSH9563-160,screw,1417,500.0,135.0,BAC-VXC-584,evaporative,565.0,2,171.73947222684913
437.5196608251631,-5.888301649964333,36.91072861022735,R717,process_cooling,3.9354862819720884,4.161780031036904,1.1048168738733846,0.4022753910442821,531.2727722018313,558.7158278996567,BITZER-CSH9563-160,screw,1417,500.0,135.0,BAC-VXC-584,evaporative,565.0,3,148.50400754845094
107.43493880428842,-9.57989243969682,42.686583216389316,R717,cold_storage,3.0536098977783594,5.661213237626813,1.1487110616741625,0.10015692863656628,151.96382971795018,142.864910603125,BITZER-6FE-35Y,screw,232,100.0,30.0,BAC-VXC-116,evaporative,105.0,2,53.81051902675911
266.7574012645782,-34.547071839983765,47.98121486110911,R717,blast_freezing,1.5165042768599133,20.254523367616034,1.1141898925913392,0.2631617776541016,1154.9006454523983,442.22243510329315,BITZER-CSH8561-90,screw,856,300.0,82.5,BAC-VXC-584,evaporative,565.0,2,133.2467860921664
650.5578819384984,-36.71120170987281,42.77881544412654,R410A,process_cooling,1.4126866679953236,12.771963390252827,1.112378148207062,4.579132524489493,2110.0680810527742,1136.577179151623,COPELAND-ZP91K5E,screw,91,80.0,27.0,GUNTNER-GACV-240,air_cooled,250.0,3,221.8311850483441
683.0557856982732,-38.64494360121424,45.94635119648981,R410A,ice_making,1.257379570572108,14.999029761521076,1.190436273767878,4.79189655598578,2395.018916250352,1191.092992330334,COPELAND-ZP91K5E,screw,91,80.0,27.0,GUNTNER-GACV-240,air_cooled,250.0,3,221.14963366250927
376.7073461152728,1.1013914583315625,27.98334032858323,R717,ice_making,6.853304083321934,2.455597223424989,1.1046478194050815,0.33229275693161653,341.0823548260606,441.27537274033915,BITZER-CSH9563-160,screw,1417,500.0,135.0,BAC-VXC-584,evaporative,565.0,3,128.36186662262142
451.90572937622994,-9.075951594880518,39.155296817690285,R410A,hvac,3.086466865054607,4.0078781146044795,1.1204003048337985,2.6786935490972006,439.83483602837856,583.168838513451,COPELAND-ZP91K5E,screw,91,80.0,27.0,GUNTNER-GACV-240,air_cooled,250.0,3,146.8204976933536
90.61480580786086,-5.000362648424371,32.83525278100264,R410A,cold_storage,4.277372439200391,2.985322825132503,1.1218723904806933,0.5096647385570156,73.06631302842779,111.36604145151584,COPELAND-ZP91K5E,screw,91,80.0,27.0,GUNTNER-GACV-120,air_cooled,125.0,3,30.087828861524486
29.11357083091654,-27.61759397980328,28.836226342425043,R717,blast_freezing,2.5723114037769395,8.415693985201239,1.1872806733048198,0.02576509369146818,82.20132128356275,39.96357357144588,BITZER-4DC-10.2Y,reciprocating,67,37.5,12.0,BAC-VXC-116,evaporative,105.0,4,7.19413458222187
335.44489936031704,-32.292365526922765,39.503134005020456,R717,ice_making,1.8507594726267558,14.37722163099242,1.1433928046461237,0.313256546004157,1236.4554946321261,510.5466730640786,BITZER-CSH8561-90,screw,856,300.0,82.5,BAC-VXC-584,evaporative,565.0,3,110.48507137184826
219.59875287214862,-26.21381881267518,34.99574286810014,R717,ice_making,2.340322077724525,9.434651953150802,1.1749928703332153,0.19868061513448224,595.6788151440808,308.8780861880701,BITZER-CSH8561-90,screw,856,300.0,82.5,BAC-VXC-438,evaporative,425.0,3,72.13617805019881
149.73073299992166,8.49424964957091,32.92803852213916,R410A,ice_making,7.3433526418567965,1.9566632661294279,1.1729556758212412,0.8374297571998951,78.2811542876411,172.62729679642223,COPELAND-ZP91K5E,screw,91,80.0,27.0,GUNTNER-GACV-180,air_cooled,185.0,4,37.98422440000356
468.46726478308557,4.264961308978151,27.379779118556264,R717,process_cooling,8.178493434068969,2.147661882218887,1.1295915075027332,0.3982024755185957,366.2400331784761,520.749443337664,BITZER-CSH9563-160,screw,1417,500.0,135.0,BAC-VXC-584,evaporative,565.0,3,154.6712044383991
498.66200199976157,9.526242930968543,33.91947721015543,R410A,blast_freezing,7.360328480958045,1.9455354914922534,1.1969604637453366,2.7525246727290096,249.3120991578335,562.8027523379332,COPELAND-ZP91K5E,screw,91,80.0,27.0,GUNTNER-GACV-240,air_cooled,250.0,4,123.87112350398253
113.4705498295451,1.8379658344052388,37.43047586173045,R410A,blast_freezing,4.631139573264251,2.6850663022755112,1.149998665570704,0.6823846340851686,78.46923653506533,142.28869458345173,COPELAND-ZP91K5E,screw,91,80.0,27.0,GUNTNER-GACV-180,air_cooled,185.0,3,39.006835457258944
115.04207626355544,-24.058903417624045,47.02083263249397,R410A,cold_storage,1.701018265179855,8.36374153015942,1.1244998461040148,0.7815730431618602,218.4969171652113,178.0802558936602,COPELAND-ZP91K5E,screw,91,80.0,27.0,GUNTNER-GACV-180,air_cooled,185.0,4,28.03736759651715
693.8869824055523,8.058590456247828,45.51029663677477,R717,cold_storage,4.823614891258116,3.1431192631821965,1.1654061617357978,0.6352701310684123,513.8933528470593,829.0469129553017,BITZER-CSH9563-160,screw,1417,500.0,135.0,BAC-VXC-584,evaporative,565.0,4,171.67185285919686
465.5194726057374,-17.237135599980483,38.76877713523275,R717,process_cooling,2.720504650756665,7.002783129839949,1.1227575553908036,0.43351162849952846,889.2200141485529,642.4364608542176,BITZER-CSH9563-160,screw,1417,500.0,135.0,BAC-VXC-584,evaporative,565.0,4,117.44047808232807
333.0066125059529,-31.17939948099643,45.54503055262918,R410A,cold_storage,1.498213673877262,10.765352112734382,1.186193291810357,2.293707421169344,843.9891178567768,546.618705686797,COPELAND-ZP91K5E,screw,91,80.0,27.0,GUNTNER-GACV-240,air_cooled,250.0,4,81.9537203543148
45.85576583940405,-12.229844360412411,49.546658443240844,R410A,ice_making,2.116236971367176,5.721115243923452,1.1679666433761888,0.3310978816425816,60.53249250897411,70.10011146079583,COPELAND-ZP61K5E,screw,61,55.0,18.5,GUNTNER-GACV-060,air_cooled,65.0,4,11.901248920842791
709.6867026106339,-11.10703729600684,43.81250612435278,R410A,cold_storage,2.5533200778510707,4.809648762886732,1.1334007514261426,4.545741069238058,799.6738696997882,981.3573282873464,COPELAND-ZP91K5E,screw,91,80.0,27.0,GUNTNER-GACV-240,air_cooled,250.0,3,235.05897911095224
332.4566552855874,-36.68657186243821,35.85300355370284,R410A,process_cooling,1.6570947872508812,10.776240931606429,1.114112797795887,2.2093175860031637,1017.0114600183916,558.9622904539892,COPELAND-ZP91K5E,screw,91,80.0,27.0,GUNTNER-GACV-240,air_cooled,250.0,3,116.19877748000243
352.3098796429739,-7.313072230542353,28.48213356377132,R717,process_cooling,4.816005323269514,3.442903854849898,1.1732399494442,0.30539423211164357,425.30877263233424,422.82218015457596,BITZER-CSH9563-160,screw,1417,500.0,135.0,BAC-VXC-438,evaporative,425.0,2,175.0612110234563
145.40126435394254,-26.956003892076637,31.001510013735928,R717,process_cooling,2.4975059966627904,8.698183410206836,1.1002304209616487,0.12963018617759003,401.59652672871823,201.03999258139152,BITZER-N320VLD,screw,320,150.0,42.5,BAC-VXC-292,evaporative,250.0,3,47.85301178612749
733.3544924552648,-26.51659300825267,46.26741483761139,R717,ice_making,1.8675144986400705,13.066716787959395,1.1117592311391402,0.7066120193063282,2146.9903390728523,1121.214800934426,BITZER-CSH9563-160,screw,1417,500.0,135.0,BAC-VXC-584,evaporative,565.0,4,182.5522502002966
576.6861549285625,-6.756528833674636,44.00083917311869,R717,blast_freezing,3.19827008475698,5.23959230157131,1.1973166074475103,0.526694484540827,718.4023890942426,740.8681535956907,BITZER-CSH9563-160,screw,1417,500.0,135.0,BAC-VXC-584,evaporative,565.0,3,188.13276298392293
615.6514905889045,6.641164423686817,33.02551601554739,R717,blast_freezing,7.130968860260693,2.332601926547989,1.168179668920787,0.5469520049523134,463.9981258034321,711.3630972401941,BITZER-CSH9563-160,screw,1417,500.0,135.0,BAC-VXC-584,evaporative,565.0,4,155.9687468350415
576.977469073077,5.9691969051584906,43.256543284626204,R717,hvac,4.816101250378737,3.184670416573493,1.1106552556584306,0.5080550910004504,440.9015272955515,668.7206806533576,BITZER-CSH9563-160,screw,1417,500.0,135.0,BAC-VXC-584,evaporative,565.0,2,276.8715989976131
211.67845171289355,4.198030775927208,31.345595153564275,R717,ice_making,6.852713168137933,2.4235794573943497,1.1778436595894568,0.18767756650782955,173.01011197512963,246.4958402245564,BITZER-CSH8561-90,screw,856,300.0,82.5,BAC-VXC-292,evaporative,250.0,3,71.70198180894393
44.06129744008391,-5.6231582211900815,32.4038374671403,R410A,blast_freezing,4.248463877542424,3.0146285725422204,1.1042689107626276,0.25376881083902497,37.13483113229955,55.68189995924557,COPELAND-ZP61K5E,screw,61,55.0,18.5,GUNTNER-GACV-060,air_cooled,65.0,4,11.268179896503137
762.4804661394282,7.669636537166028,44.18271877956131,R410A,hvac,4.458914288847354,2.6422034693493117,1.1613658114632155,4.71267201259115,451.8205750340943,929.2740215319213,COPELAND-ZP91K5E,screw,91,80.0,27.0,GUNTNER-GACV-240,air_cooled,250.0,4,189.76086606308652
359.15054928155735,-13.05167240587868,30.01750654443791,R410A,hvac,3.596384697902384,3.6611578200376598,1.1951253640944308,1.9757046437835666,371.5992859054429,451.3661992253144,COPELAND-ZP91K5E,screw,91,80.0,27.0,GUNTNER-GACV-240,air_cooled,250.0,2,176.5829666939199
758.6300446368272,8.352563084047745,33.0637067870642,R410A,ice_making,7.246230648367377,1.9717300770791186,1.1912387550496368,4.1930803054766255,393.6655468823338,864.4351355224468,COPELAND-ZP91K5E,screw,91,80.0,27.0,GUNTNER-GACV-240,air_cooled,250.0,4,189.901806038754
502.90574854851195,-1.7766095531668142,47.03402693913759,R717,ice_making,3.4134967151341096,4.6851287747581924,1.1356198637676054,0.47739024986258694,542.7154389649199,655.84090480895,BITZER-CSH9563-160,screw,1417,500.0,135.0,BAC-VXC-584,evaporative,565.0,4,126.81049283096085
399.7756639284737,-20.970907082875403,37.22445489698435,R410A,cold_storage,2.3521028962566963,5.870832784947666,1.1671057314213555,2.4821150789267508,618.8657997250759,576.078012410566,COPELAND-ZP91K5E,screw,91,80.0,27.0,GUNTNER-GACV-240,air_cooled,250.0,2,202.1111528189991
553.3863830099938,-12.446431044407149,29.73452584629166,R410A,process_cooling,3.6976991966201123,3.5575630241385894,1.1539138461412382,2.9863529227064456,550.0646170249872,680.9572004442812,COPELAND-ZP91K5E,screw,91,80.0,27.0,GUNTNER-GACV-240,air_cooled,250.0,3,178.6672430926133
217.47456072249318,-29.63925749987783,35.058137024898066,R717,hvac,2.146164575718027,11.130823848138796,1.1624287089678567,0.20652624925683524,721.6153361374986,328.1328506278118,BITZER-CSH8561-90,screw,856,300.0,82.5,BAC-VXC-438,evaporative,425.0,2,111.91835061362988
724.2786847014977,-12.32829802167365,27.0315760572043,R717,hvac,4.233028986067279,4.0396439599427385,1.197981253159471,0.6504388910320541,1097.2708178702685,922.2852073578413,BITZER-CSH9563-160,screw,1417,500.0,135.0,BAC-VXC-584,evaporative,565.0,3,248.68070522580135
360.0950301910515,-39.447340308518136,29.079271976170148,R410A,ice_making,1.810590152353831,10.258625447257232,1.1116186297855495,2.1332614837837376,1103.2374970899605,556.473310554137,COPELAND-ZP91K5E,screw,91,80.0,27.0,GUNTNER-GACV-240,air_cooled,250.0,3,119.49389529375179
223.92176566936504,-16.646786855813236,47.6873403466883,R410A,cold_storage,1.9953682284419862,6.4207734706068695,1.1243970345666272,1.5296072916846846,326.3274221061722,334.13439631962865,COPELAND-ZP91K5E,screw,91,80.0,27.0,GUNTNER-GACV-240,air_cooled,250.0,2,111.2920194777887
192.18222087752775,5.534234147422289,34.28179659909035,R410A,blast_freezing,6.043933175111953,2.2140686549659643,1.1848770968219553,1.0278955397024987,105.2697111503459,213.48127827483728,COPELAND-ZP91K5E,screw,91,80.0,27.0,GUNTNER-GACV-240,air_cooled,250.0,2,91.5870826677802
646.9307344777679,-34.255554612020596,28.884015512712164,R410A,hvac,2.063968171633755,8.123812429494428,1.1553327147103898,3.911843913223258,1629.0791453954719,992.9387266265827,COPELAND-ZP91K5E,screw,91,80.0,27.0,GUNTNER-GACV-240,air_cooled,250.0,2,334.4345980994718
684.5574709334551,-15.82692382321251,27.443883042117495,R717,ice_making,3.7356480829344334,4.740125098346176,1.1742141515559328,0.5936806833224394,1150.300065080163,858.2237762188407,BITZER-CSH9563-160,screw,1417,500.0,135.0,BAC-VXC-584,evaporative,565.0,4,169.2493798216346
601.2209459514968,5.34452437414005,49.49300676296763,R410A,process_cooling,3.4345350748095096,3.2101550042990397,1.1265692792539284,3.9891966306734403,410.9602367453475,773.9446730125026,COPELAND-ZP91K5E,screw,91,80.0,27.0,GUNTNER-GACV-240,air_cooled,250.0,3,199.80599849298372
462.9575194521245,-22.588953832820987,47.959672214250006,R717,ice_making,1.9801206913766858,11.39384389966789,1.1710930837042717,0.45681443253350607,1170.732183862254,708.6021591966397,BITZER-CSH9563-160,screw,1417,500.0,135.0,BAC-VXC-584,evaporative,565.0,3,156.941943261956
120.85041586120832,-38.061142195562525,34.30618124384758,R410A,ice_making,1.662459531352895,11.016764673136647,1.158969712377194,0.775476296693444,378.1395501620039,198.45388449521678,COPELAND-ZP91K5E,screw,91,80.0,27.0,GUNTNER-GACV-240,air_cooled,250.0,2,61.9580406627691
321.42320054339876,-19.723795923091025,49.38410208834789,R717,blast_freezing,2.059243150983254,10.400172499355637,1.127015542144221,0.30797497825684295,699.6814754679239,470.16206637495657,BITZER-CSH8561-90,screw,856,300.0,82.5,BAC-VXC-584,evaporative,565.0,3,105.49210673491653
621.9691214151343,-20.775904505492928,34.92701618004291,R410A,cold_storage,2.509899810981234,5.504307278516788,1.1243779427745721,3.847262240673713,952.4159922565914,898.3696619455852,COPELAND-ZP91K5E,screw,91,80.0,27.0,GUNTNER-GACV-240,air_cooled,250.0,2,321.20829170877937
606.2689881029212,-18.766261016963533,27.456297012262752,R717,process_cooling,3.412197151647175,5.386199670772916,1.1394307561162091,0.5330458031373787,1163.9892070181156,783.1708975804936,BITZER-CSH9563-160,screw,1417,500.0,135.0,BAC-VXC-584,evaporative,565.0,4,151.41738991533265
729.2270539037698,3.3316395872651725,39.29594712394851,R717,ice_making,4.977271808482659,3.1406039181694947,1.1957423200622133,0.6624804983963986,629.1952725022578,880.3659071379167,BITZER-CSH9563-160,screw,1417,500.0,135.0,BAC-VXC-584,evaporative,565.0,4,183.27008337350264
169.1392736214173,-19.254077337418856,45.88579138724222,R410A,process_cooling,1.963207354209174,6.778774151300526,1.114415186687823,1.1484523749771505,268.99942098522257,256.21386496217355,COPELAND-ZP91K5E,screw,91,80.0,27.0,GUNTNER-GACV-240,air_cooled,250.0,3,56.58293911714649
808.1391607893194,-39.394820979410575,39.03053537515062,R717,hvac,1.586179281354865,20.4516022723737,1.1020897174985793,0.7553448318108222,4196.493023822627,1292.2167376633538,BITZER-CSH9563-160,screw,1417,500.0,135.0,BAC-VXC-584,evaporative,565.0,2,396.2771318830964
539.8956053377913,-33.54442214431315,26.86907349546796,R717,blast_freezing,2.2960458639522336,10.599743494153993,1.1621435951155554,0.4640201047253855,1942.0586556066921,744.2551628125422,BITZER-CSH9563-160,screw,1417,500.0,135.0,BAC-VXC-584,evaporative,565.0,2,259.22636680968196
379.53262622157814,-39.48017660316379,34.208182336385214,R410A,process_cooling,1.612257247942147,11.710745378345097,1.198542118365351,2.2729863118175473,1177.1468723958906,586.4559138203438,COPELAND-ZP91K5E,screw,91,80.0,27.0,GUNTNER-GACV-240,air_cooled,250.0,4,90.4885801733571
474.0119400424182,-25.270974830942986,30.580534610992764,R410A,blast_freezing,2.4930547260695306,5.865826584152628,1.1856418878349537,2.7618453867021353,808.1818640866602,667.2215974398878,COPELAND-ZP91K5E,screw,91,80.0,27.0,GUNTNER-GACV-240,air_cooled,250.0,2,238.1039072217592
156.40058328473992,-28.68387338308899,34.08564084570843,R717,blast_freezing,2.2407776465980866,10.33547342406405,1.128505236663967,0.14284473655182975,478.0184254179799,225.1801437818562,BITZER-S6H-25.2,screw,418,190.0,55.0,BAC-VXC-292,evaporative,250.0,3,51.898925470742434
451.4479866360706,2.84809732407205,44.56663839151642,R410A,hvac,3.743333786524505,3.090611206626094,1.1878383183843408,2.897896298524181,322.7814105857722,583.3065818399917,COPELAND-ZP91K5E,screw,91,80.0,27.0,GUNTNER-GACV-240,air_cooled,250.0,3,153.44420429269755
422.6904041587901,-32.72039104644153,35.64809023136888,R717,process_cooling,1.9688941965780906,13.174285688474653,1.1641741495290232,0.39292654403586386,1582.1779420140174,637.6734677130657,BITZER-CSH9563-160,screw,1417,500.0,135.0,BAC-VXC-584,evaporative,565.0,2,211.44431339775733
781.973747876924,-26.484475602346755,37.92374598796595,R717,process_cooling,2.190797317656807,10.384617357630642,1.176858640872667,0.7252826719192268,2200.6003444749963,1135.1130143882756,BITZER-CSH9563-160,screw,1417,500.0,135.0,BAC-VXC-584,evaporative,565.0,2,389.68356488800333
590.4135325095142,2.202649796613791,29.07191323169635,R410A,ice_making,6.539692716657404,2.1489770503980825,1.1107337437278786,3.152513813992558,358.36084441245936,676.2581949594367,COPELAND-ZP91K5E,screw,91,80.0,27.0,GUNTNER-GACV-240,air_cooled,250.0,2,293.28256192626117
450.16754951584153,5.070898290550701,37.36395480315111,R410A,ice_making,5.236713231288711,2.424669892748152,1.187589820424218,2.5550892999729315,265.4708674851292,525.3719641269388,COPELAND-ZP91K5E,screw,91,80.0,27.0,GUNTNER-GACV-240,air_cooled,250.0,3,147.0444561562322
586.2661994071135,-33.60226470138883,34.11019628861814,R717,process_cooling,1.9848731706877305,13.174911004203798,1.16583626516144,0.528755313395549,2219.030004683937,860.6341426705579,BITZER-CSH9563-160,screw,1417,500.0,135.0,BAC-VXC-584,evaporative,565.0,3,190.76741532829655
233.26535979779763,-0.43923338708713544,49.786480636616304,R717,cold_storage,3.3116736592404146,4.788068255898856,1.176179941292984,0.2237046223094699,242.45994224821723,305.9101453082511,BITZER-CSH8561-90,screw,856,300.0,82.5,BAC-VXC-438,evaporative,425.0,2,117.48043223779321
326.4257965488,-37.89932224914862,28.630732416954206,R717,cold_storage,1.9857079633728243,13.98400648757975,1.1559328238926385,0.29847077094004637,1540.0486042561668,494.5723530102965,BITZER-CSH8561-90,screw,856,300.0,82.5,BAC-VXC-584,evaporative,565.0,3,109.64191987117773
294.09160595092635,-1.1851109855153439,25.31835947325569,R717,ice_making,6.904605673975436,2.4663645055682966,1.175280842175329,0.25304338761947703,281.64208093763636,338.6470090656384,BITZER-CSH8561-90,screw,856,300.0,82.5,BAC-VXC-438,evaporative,425.0,3,98.6017585489272
57.59131910675505,-15.442623987016344,40.6840873197652,R717,process_cooling,2.7332653397993854,6.837408891812255,1.1289424870709819,0.05257069023548426,100.30169082105674,77.3098307185709,BITZER-4NES-20Y,screw,134,50.0,15.0,BAC-VXC-116,evaporative,105.0,4,14.150365798817203
135.08354503476733,-5.725411280937813,31.43213774833262,R410A,process_cooling,4.375296027199188,2.95096088327738,1.1556173251319117,0.7475984703653751,109.76851535771972,164.62735781391115,COPELAND-ZP91K5E,screw,91,80.0,27.0,GUNTNER-GACV-180,air_cooled,185.0,2,67.00034946603819
527.7041207223812,-14.872948416897582,43.608942680583525,R717,cold_storage,2.6024070082725754,7.229301806865073,1.1922481478885751,0.5039382603767214,939.8514254443704,741.5456363405382,BITZER-CSH9563-160,screw,1417,500.0,135.0,BAC-VXC-584,evaporative,565.0,3,178.56612319993806
568.4938976137926,4.687804807802536,32.1448514948752,R717,ice_making,6.778500838114021,2.4376866550744065,1.156553859121796,0.4919776084064887,445.98270961870446,645.1864563642613,BITZER-CSH9563-160,screw,1417,500.0,135.0,BAC-VXC-584,evaporative,565.0,4,140.56040573318677
343.8130156619662,-28.84601563307846,42.861493419044,R717,cold_storage,1.884585133831073,13.321725159294594,1.102297927694198,0.32848859960095544,1107.315187380311,526.3264305274719,BITZER-CSH8561-90,screw,856,300.0,82.5,BAC-VXC-584,evaporative,565.0,3,114.62156260428755
403.9217173380363,-3.4468867147544273,46.4180650631582,R410A,process_cooling,2.922161418720553,3.9479039191204057,1.1529654177814521,2.681906251333091,365.42084243747456,551.4449306467689,COPELAND-ZP91K5E,screw,91,80.0,27.0,GUNTNER-GACV-240,air_cooled,250.0,3,136.94924208488058
767.170101341838,-7.504979644778103,34.202032866825604,R717,process_cooling,4.032257467619278,4.1058456328692685,1.1097460864815727,0.6837246853204237,959.0678470700325,954.5238000188557,BITZER-CSH9563-160,screw,1417,500.0,135.0,BAC-VXC-584,evaporative,565.0,3,254.94758865926622
774.2289147194408,-19.765036823174857,40.611289986366174,R717,blast_freezing,2.4502240244000832,8.233964661295582,1.1415285171460865,0.7124074748561083,1621.2778178230074,1074.4630500940302,BITZER-CSH9563-160,screw,1417,500.0,135.0,BAC-VXC-584,evaporative,565.0,4,190.76117666941545
464.4384778883452,-32.64942946863445,47.80257913156012,R410A,ice_making,1.3726420217508823,12.071078306838244,1.1478603275208112,3.3320273382311756,1300.2400317437,794.3244237800488,COPELAND-ZP91K5E,screw,91,80.0,27.0,GUNTNER-GACV-240,air_cooled,250.0,3,153.17988315531213
94.57218694008708,-36.4378472217692,44.46513446584514,R717,process_cooling,1.5440148403325022,20.32369489683765,1.1841056892152084,0.0923090169276924,443.5524914682069,156.23025881851993,BITZER-6FE-35Y,screw,232,100.0,30.0,BAC-VXC-292,evaporative,250.0,4,23.704837949496287
142.95713959931462,-36.92839636676299,25.64368312721033,R410A,process_cooling,2.083469264331624,8.380012010992086,1.1953742929866367,0.7818697722182376,363.5640849038531,202.58451522022756,COPELAND-ZP91K5E,screw,91,80.0,27.0,GUNTNER-GACV-240,air_cooled,250.0,4,34.22108141090523
102.45678281699871,-28.860920876744643,37.91165952240637,R717,cold_storage,2.0684397479107433,11.625153469402996,1.10739336115693,0.09624941575560185,324.66894798155914,152.9323838397338,BITZER-6FE-35Y,screw,232,100.0,30.0,BAC-VXC-116,evaporative,105.0,4,25.77298622958407
227.92605783441383,-17.079589292475823,30.355141361915244,R410A,process_cooling,3.1514949976677493,4.270535566565122,1.1895521000665348,1.2732646773337613,275.8502447513961,296.00535224850637,COPELAND-ZP91K5E,screw,91,80.0,27.0,GUNTNER-GACV-240,air_cooled,250.0,2,112.35222340603987
104.05436544829762,-0.7592729070740418,34.114735147047206,R410A,ice_making,4.752204004711733,2.6849325025312676,1.1694713965402666,0.6003798811397854,74.99570852626113,128.20775284913543,COPELAND-ZP91K5E,screw,91,80.0,27.0,GUNTNER-GACV-120,air_cooled,125.0,2,52.9596478172271
481.6289463965248,-19.025326085036667,45.83285160008642,R410A,ice_making,1.9768837598314002,6.712742287283968,1.1775566774594293,3.273962319490377,760.540405682645,729.6875465758247,COPELAND-ZP91K5E,screw,91,80.0,27.0,GUNTNER-GACV-240,air_cooled,250.0,3,161.5232098345536
136.13912970144816,-32.16643325138724,32.43746359478207,R717,ice_making,2.1237379908433667,11.680223870606609,1.1005758789532754,0.12494111543638016,490.27614375617776,200.80112841129403,BITZER-N320VLD,screw,320,150.0,42.5,BAC-VXC-292,evaporative,250.0,3,45.506269119597
441.8126758810674,-33.61785599977125,25.581853827138858,R717,ice_making,2.354289998938136,10.228798361141472,1.1959215148723665,0.3912807403831078,1643.296217571464,626.2406943277124,BITZER-CSH9563-160,screw,1417,500.0,135.0,BAC-VXC-584,evaporative,565.0,4,109.88556475815611
117.5796429903425,-10.341634099535575,32.33702131505504,R410A,ice_making,3.6470029059089595,3.5330535057008583,1.1054546955296793,0.6730617022453087,115.3541881111875,150.8499520782188,COPELAND-ZP91K5E,screw,91,80.0,27.0,GUNTNER-GACV-180,air_cooled,185.0,2,59.19408968799441
684.6530013296918,-39.62484355203927,43.88646538614054,R410A,hvac,1.2910141407689495,14.929938051082718,1.139166289472112,4.915757424664568,2561.5870424790173,1237.0449663967484,COPELAND-ZP91K5E,screw,91,80.0,27.0,GUNTNER-GACV-240,air_cooled,250.0,3,232.36326014836752
643.6086453148504,6.939317771633171,47.63853220450942,R717,cold_storage,4.362413548213851,3.4594729615170587,1.1064941621743576,0.5826234165713419,489.3205775013127,765.7248909307607,BITZER-CSH9563-160,screw,1417,500.0,135.0,BAC-VXC-584,evaporative,565.0,4,155.7325171010715
356.986760362265,-11.508148073409188,47.5414775365516,R410A,hvac,2.2779492478570984,5.324739689932323,1.1122533403920962,2.3565326967275113,420.2830138332794,501.68349641079783,COPELAND-ZP91K5E,screw,91,80.0,27.0,GUNTNER-GACV-240,air_cooled,250.0,4,87.15888020981318
755.6418928085553,-36.83115649255017,28.184514399559212,R410A,hvac,1.968740515951447,8.920910698920839,1.1365013356382874,4.465524685123197,2068.0314583888103,1150.648365895042,COPELAND-ZP91K5E,screw,91,80.0,27.0,GUNTNER-GACV-240,air_cooled,250.0,4,190.76507742753014
243.6125941164056,-30.07373932521736,37.87249861538937,R717,ice_making,2.0106295039717055,12.314880590832864,1.1403256252428098,0.23180828544525467,826.1164447685063,371.2074932951697,BITZER-CSH8561-90,screw,856,300.0,82.5,BAC-VXC-438,evaporative,425.0,2,123.95426556639192
625.4489498248562,-11.542357624845138,36.71326022264689,R410A,ice_making,3.0857998146460655,4.111202545071882,1.109968086576298,3.7525869084358954,670.0514987822767,833.6868613584517,COPELAND-ZP91K5E,screw,91,80.0,27.0,GUNTNER-GACV-240,air_cooled,250.0,2,314.8209504820811
706.8653062476358,-12.272968878369596,29.516491088450543,R410A,process_cooling,3.74341396846682,3.5160100400751415,1.1494661344499755,3.899224270167344,713.929282109694,888.9777978425178,COPELAND-ZP91K5E,screw,91,80.0,27.0,GUNTNER-GACV-240,air_cooled,250.0,4,175.39118070988116
71.07610133226515,-7.923611734181257,39.443555571127725,R717,process_cooling,3.4621619967303383,4.843751229621194,1.1985720844579844,0.06749093940179035,96.17144835231797,95.0371135844738,BITZER-6FE-35Y,screw,232,100.0,30.0,BAC-VXC-116,evaporative,105.0,2,36.869334099950905
661.8909408810699,-29.105469220533834,27.42695830836564,R410A,hvac,2.4396589567117895,6.304353668900123,1.1662797075779978,3.6338379817012076,1232.2400060306345,901.4044255153317,COPELAND-ZP91K5E,screw,91,80.0,27.0,GUNTNER-GACV-240,air_cooled,250.0,4,159.83556858427733
483.8126344196228,-23.32117665052796,40.72279564580129,R717,blast_freezing,2.2384712980378176,9.69357557651845,1.140604146679573,0.45294378587816214,1197.703104400699,698.193000382141,BITZER-CSH9563-160,screw,1417,500.0,135.0,BAC-VXC-584,evaporative,565.0,4,120.6499029953792
317.3913246189171,-21.238577196302376,44.52716651920471,R717,process_cooling,2.1829451865550964,9.78397301112109,1.1460462426577358,0.2955186995032869,715.2768461189557,452.30145297681577,BITZER-CSH8561-90,screw,856,300.0,82.5,BAC-VXC-584,evaporative,565.0,3,103.39996677900957
596.7152879866233,-7.385163097844313,49.826598122341395,R410A,cold_storage,2.3756742517231326,4.871710192925948,1.1943321398617452,4.149837398002369,643.8247413524988,855.9556778602932,COPELAND-ZP91K5E,screw,91,80.0,27.0,GUNTNER-GACV-240,air_cooled,250.0,3,200.79661255534566
248.27910489689575,-19.218810354299595,39.96356125606413,R717,process_cooling,2.518471389518958,7.894722046004498,1.188864185068305,0.2325342207128578,517.3480927172782,349.23810578698965,BITZER-CSH8561-90,screw,856,300.0,82.5,BAC-VXC-438,evaporative,425.0,4,62.494907602089334
206.87278315302828,-9.810197628051128,25.55822360803484,R410A,blast_freezing,4.634516190845269,2.9089454298158715,1.1948619666050222,1.133249476450053,190.75270817875614,258.4032338473264,COPELAND-ZP91K5E,screw,91,80.0,27.0,GUNTNER-GACV-240,air_cooled,250.0,4,53.135616726862
610.114807302785,-1.8187512547445834,47.818482310214,R717,hvac,3.3440845735330367,4.790822886830311,1.1015938771896367,0.6029276521662297,686.4684748320336,829.0953870482313,BITZER-CSH9563-160,screw,1417,500.0,135.0,BAC-VXC-584,evaporative,565.0,2,319.1196035532602
104.90127524854722,-27.29784039330774,38.79354805214055,R717,process_cooling,2.111410506814788,11.058281146324989,1.1384415248287376,0.10003934647248496,314.6586675091179,157.60839785237604,BITZER-6FE-35Y,screw,232,100.0,30.0,BAC-VXC-292,evaporative,250.0,2,53.47671521628006
289.6517836152357,6.9669776909426915,26.858478750487468,R717,process_cooling,9.712355976856692,1.9193837231240127,1.1983308752317985,0.25679093397380565,215.4671578448771,331.5605066427783,BITZER-CSH8561-90,screw,856,300.0,82.5,BAC-VXC-438,evaporative,425.0,4,75.15232119196547
631.442377083788,-7.66582784286301,28.260891424288218,R717,process_cooling,4.789349285522114,3.468430264206357,1.176421028742603,0.5629509627817342,794.4401541466995,780.5802304014517,BITZER-CSH9563-160,screw,1417,500.0,135.0,BAC-VXC-584,evaporative,565.0,2,322.87491947626756
597.9394859506943,-3.4144432623717975,45.564931402713725,R410A,process_cooling,3.0013268641494535,3.8654807274138148,1.133214167175983,3.8576524757523094,525.0658576095457,796.2073260330163,COPELAND-ZP91K5E,screw,91,80.0,27.0,GUNTNER-GACV-240,air_cooled,250.0,4,149.30537532850738
530.543030972791,-22.025972452504824,44.22847095583319,R717,ice_making,2.154861419053903,10.056102888931209,1.1249524395932238,0.5067614304237634,1268.0437458914266,779.0579251276017,BITZER-CSH9563-160,screw,1417,500.0,135.0,BAC-VXC-584,evaporative,565.0,2,266.0595257729402
622.5145527201075,-29.490048827622196,42.56868311448052,R717,ice_making,1.8668056293202702,13.633444294183509,1.137053419919371,0.6110532752638135,2120.6566676036236,982.7501935400855,BITZER-CSH9563-160,screw,1417,500.0,135.0,BAC-VXC-584,evaporative,565.0,4,159.98674402205702
177.7140480193443,-19.61223411721906,29.873405813048905,R717,cold_storage,3.133036330473264,6.0115351222819475,1.1089342419526154,0.15541030835770625,351.4417894236892,230.32619006681742,BITZER-S6H-25.2,screw,418,190.0,55.0,BAC-VXC-292,evaporative,250.0,2,87.29905372694827
451.133034777522,2.785639423647382,32.21033762384291,R717,ice_making,6.235089000543964,2.616846784685756,1.1760765631215255,0.383119521319088,370.81052741000065,506.99362713767067,BITZER-CSH9563-160,screw,1417,500.0,135.0,BAC-VXC-584,evaporative,565.0,2,218.45967531804445
585.4909019943241,-26.289333951031406,43.02260375556299,R410A,ice_making,1.7833370017755565,8.30967171460282,1.1285361334106088,3.9941519669997274,1214.9133071882188,934.7471267336417,COPELAND-ZP91K5E,screw,91,80.0,27.0,GUNTNER-GACV-240,air_cooled,250.0,2,299.4551391628268
778.9241568149586,-17.22033724246884,38.46198314031299,R410A,cold_storage,2.511734225488648,5.261233449830073,1.1456086285660048,4.705302056144791,1024.5173750350932,1067.7358452693895,COPELAND-ZP91K5E,screw,91,80.0,27.0,GUNTNER-GACV-240,air_cooled,250.0,2,381.84391160339055
602.3355674150988,-5.508123075405464,27.852753761037786,R410A,blast_freezing,5.004946076264233,2.670799312629017,1.1055590742625783,3.255405229051916,474.56957527679265,724.093411013088,COPELAND-ZP91K5E,screw,91,80.0,27.0,GUNTNER-GACV-240,air_cooled,250.0,2,301.7552889128785
206.73134944691517,-25.020944601163183,33.18790760989906,R410A,cold_storage,2.3483720410710047,6.207364018521978,1.1594455922337001,1.245756185825607,361.10702877807296,298.5280032941651,COPELAND-ZP91K5E,screw,91,80.0,27.0,GUNTNER-GACV-240,air_cooled,250.0,3,69.79061344972605
683.9836586740196,-24.24925532110297,41.80372098962887,R410A,ice_making,1.9297379313657732,7.446591839457304,1.1548530773175052,4.541021519888279,1278.5913342206718,1055.7156050552871,COPELAND-ZP91K5E,screw,91,80.0,27.0,GUNTNER-GACV-240,air_cooled,250.0,2,347.68544073500743
714.4780957588691,-29.764240630176694,49.60451943968581,R410A,process_cooling,1.4001905514914552,11.159953749820074,1.1693704816985264,5.079540753201163,1767.4811281183354,1182.7312278410564,COPELAND-ZP91K5E,screw,91,80.0,27.0,GUNTNER-GACV-240,air_cooled,250.0,2,344.98283670600273
414.6979499043182,-31.19065915873928,46.77101632905686,R410A,cold_storage,1.454043473787106,11.084733775202558,1.122976633191983,2.9072728898281284,1070.2343068206815,689.8649537648655,COPELAND-ZP91K5E,screw,91,80.0,27.0,GUNTNER-GACV-240,air_cooled,250.0,3,136.2504569201541
291.74186086353643,-29.455802432114734,36.33597190443053,R410A,ice_making,1.944815586335214,8.025922215579907,1.1138879393675085,1.8127621812054218,623.1885492177769,440.51545576894296,COPELAND-ZP91K5E,screw,91,80.0,27.0,GUNTNER-GACV-240,air_cooled,250.0,3,96.97509620822355
416.0222022954569,-37.75147538612774,34.16394852635971,R717,cold_storage,1.7960272333300438,16.330892876993726,1.1804747148064667,0.384645112716032,1970.351945908095,644.0734596140039,BITZER-CSH9563-160,screw,1417,500.0,135.0,BAC-VXC-584,evaporative,565.0,2,206.86019433976367
721.0469272102453,-38.223553623167895,47.627355569660125,R410A,cold_storage,1.2196289710127681,15.309739160734345,1.1563359282220949,5.3726291241390305,2637.828106478266,1324.6077656041284,COPELAND-ZP91K5E,screw,91,80.0,27.0,GUNTNER-GACV-240,air_cooled,250.0,2,363.91893132980556
365.74438574547764,-34.66419981577773,31.698940709423535,R717,process_cooling,2.0261302165351927,12.95960297143807,1.1083769299162656,0.32008368155236233,1412.5511300499527,522.2190335786888,BITZER-CSH8561-90,screw,856,300.0,82.5,BAC-VXC-584,evaporative,565.0,2,174.82455939967028
232.37976110493375,-28.288744520470235,39.21395518947614,R410A,cold_storage,1.866142738665743,8.214291008678735,1.1778110065199259,1.534538179546679,504.086447409782,367.5011037272104,COPELAND-ZP91K5E,screw,91,80.0,27.0,GUNTNER-GACV-240,air_cooled,250.0,3,79.75986993718722
215.18833635917102,-33.47204338769709,43.22935956282783,R410A,blast_freezing,1.5033726770737874,11.223406354446507,1.112980645906306,1.4943840952448133,602.830624097325,363.58953886364634,COPELAND-ZP91K5E,screw,91,80.0,27.0,GUNTNER-GACV-240,air_cooled,250.0,3,72.7832207330261
283.3896695619025,-22.190612436651968,37.48631097085906,R410A,cold_storage,2.264258416038742,6.190409769314582,1.184948951028452,1.772795458554979,462.3008207266655,413.6238983457133,COPELAND-ZP91K5E,screw,91,80.0,27.0,GUNTNER-GACV-240,air_cooled,250.0,3,95.63697411356326
788.6424979680038,2.166961571046123,45.60815418439908,R410A,blast_freezing,3.539808150982721,3.235707099271747,1.1006562152949448,5.056417043370055,575.4345984394687,1016.0158470443843,COPELAND-ZP91K5E,screw,91,80.0,27.0,GUNTNER-GACV-240,air_cooled,250.0,3,264.07145098681457
52.02169891128765,-3.102985856920938,42.55956774005948,R717,ice_making,3.6815618625467303,4.370201475827607,1.1412715869513717,0.04570886814213897,54.50949738217659,62.95773784697827,BITZER-4NES-20Y,screw,134,50.0,15.0,BAC-VXC-116,evaporative,105.0,2,24.754858892707464
200.80840777510113,-25.38833937584579,29.855632316487284,R410A,blast_freezing,2.53192353042266,5.784080382086786,1.105883346936732,1.1227214377760073,329.9987557424286,271.884901893363,COPELAND-ZP91K5E,screw,91,80.0,27.0,GUNTNER-GACV-240,air_cooled,250.0,3,64.96854332027242
365.24779808527086,-33.04157544580359,39.04479431502092,R410A,cold_storage,1.675117677280348,9.962037751092963,1.1737301984439306,2.484852338697746,985.0905232431617,610.8537432341511,COPELAND-ZP91K5E,screw,91,80.0,27.0,GUNTNER-GACV-240,air_cooled,250.0,2,191.25362450684486
437.07257173278776,-30.93763183494199,31.555123462226202,R717,ice_making,2.2289494083758385,10.71173291027366,1.171233724194347,0.3906581336957651,1448.3569550712557,621.8383420728527,BITZER-CSH9563-160,screw,1417,500.0,135.0,BAC-VXC-584,evaporative,565.0,2,214.62804605629893
54.19561591110132,-5.474717691135993,34.652072412510144,R410A,blast_freezing,3.963071698073774,3.1748008429794896,1.165390136835962,0.3151690440787298,45.894424504038966,68.58896306590331,COPELAND-ZP61K5E,screw,61,55.0,18.5,GUNTNER-GACV-060,air_cooled,65.0,2,27.384550824865826
474.5571636446973,6.488221598339038,48.38220818830985,R410A,ice_making,3.6955899226522426,3.0215796474630032,1.1238605788607463,3.097066014832519,307.94087359722727,601.1382396265569,COPELAND-ZP91K5E,screw,91,80.0,27.0,GUNTNER-GACV-240,air_cooled,250.0,2,236.55818087602435
506.8201127457261,-12.676165659634478,31.13716795429511,R717,ice_making,3.7291225054404307,4.634270516730824,1.1286938681377532,0.44712571250895894,764.6094538334432,638.9324468613561,BITZER-CSH9563-160,screw,1417,500.0,135.0,BAC-VXC-584,evaporative,565.0,2,251.91326343373126
442.3349656739605,-23.728901542480806,40.09672633820313,R410A,process_cooling,2.0395474460755962,7.002380940374357,1.1349407509997025,2.799218489156433,772.9383355248694,652.743482322704,COPELAND-ZP91K5E,screw,91,80.0,27.0,GUNTNER-GACV-240,air_cooled,250.0,2,218.99663123084727
632.2912700612607,-9.961545074923233,40.13049470840109,R717,cold_storage,3.2113193916103087,5.359663247879341,1.101001990542315,0.5672549489444404,873.3139957726156,808.3294552659208,BITZER-CSH9563-160,screw,1417,500.0,135.0,BAC-VXC-584,evaporative,565.0,4,154.09684074761395
813.9250697051531,-15.204420724855215,43.144840211553536,R717,cold_storage,2.6063873144567777,7.240147488211442,1.1867722973320873,0.7451300083896152,1408.181158502308,1097.899712514662,BITZER-CSH9563-160,screw,1417,500.0,135.0,BAC-VXC-584,evaporative,565.0,4,198.3669274631826
248.88213661247232,8.222969129124884,49.33182953596731,R410A,process_cooling,3.780849380316251,2.9313361998797336,1.143726210696234,1.6175812160460825,152.47051203099892,309.7555427945778,COPELAND-ZP91K5E,screw,91,80.0,27.0,GUNTNER-GACV-240,air_cooled,250.0,4,61.2411602447792
592.8128735797048,-17.631282083694707,47.92196585359508,R410A,cold_storage,1.9360638046350145,6.693499537885546,1.158639343560615,4.072655638926469,899.8678183242256,893.3439834993866,COPELAND-ZP91K5E,screw,91,80.0,27.0,GUNTNER-GACV-240,air_cooled,250.0,2,294.5390609037917
446.00554350879474,-37.54931871932802,46.03607415500987,R717,process_cooling,1.46774490328475,22.459010127355025,1.1238698045680544,0.4394182689773112,2228.7594346641713,751.8332920880775,BITZER-CSH9563-160,screw,1417,500.0,135.0,BAC-VXC-584,evaporative,565.0,3,149.05639572837418
624.4994466035915,-19.227286810378395,28.947537600336602,R717,cold_storage,3.2412153209354413,5.749051557339911,1.1841326139757444,0.5534412903601824,1231.7420580675755,817.2162720089342,BITZER-CSH9563-160,screw,1417,500.0,135.0,BAC-VXC-584,evaporative,565.0,3,208.17727160092167
291.274267207997,2.6400267110312967,34.38822636444689,R717,cold_storage,5.722367547940715,2.8026248875265956,1.1519380046662486,0.2516666453763486,244.8145944010278,333.99872714233624,BITZER-CSH8561-90,screw,856,300.0,82.5,BAC-VXC-438,evaporative,425.0,4,71.0785100495693
306.9478747908806,-3.8091343213226523,44.10732434872419,R717,blast_freezing,3.46609135091994,4.683092766670954,1.1044387338300217,0.2914939143439146,356.65422130062046,403.6339433739116,BITZER-CSH8561-90,screw,856,300.0,82.5,BAC-VXC-438,evaporative,425.0,4,78.31412358917864
152.1299223335767,-23.317002390850902,25.855369685859543,R410A,blast_freezing,2.9807313152647383,4.8042508537640245,1.1532894235027948,0.8557613369025355,232.69127677091538,207.16547796961783,COPELAND-ZP91K5E,screw,91,80.0,27.0,GUNTNER-GACV-240,air_cooled,250.0,3,51.70780431373743
203.27442295058157,-27.828338713102067,45.144295352773824,R410A,process_cooling,1.6331254133678828,9.29492217434345,1.1321966809537647,1.4204966813622772,458.38160614171505,332.73033720315374,COPELAND-ZP91K5E,screw,91,80.0,27.0,GUNTNER-GACV-240,air_cooled,250.0,4,51.59176683402969
628.0509426950002,-34.47427558910819,44.64032610043654,R410A,ice_making,1.421702216628705,12.114042682305737,1.1435676543813744,4.368263588462975,1835.4656199269918,1064.0252421872997,COPELAND-ZP91K5E,screw,91,80.0,27.0,GUNTNER-GACV-240,air_cooled,250.0,2,312.3272207002546
600.9927757631704,-32.93977850641079,41.58647813940351,R717,cold_storage,1.755754621961953,15.729204473561763,1.1512184682094992,0.5769762758477346,2347.2376955510636,948.037851933587,BITZER-CSH9563-160,screw,1417,500.0,135.0,BAC-VXC-584,evaporative,565.0,2,302.00835500045804
179.40444345714795,-39.843170624127495,47.85499852426612,R717,blast_freezing,1.3560965974660961,26.608205851303932,1.1311150706784268,0.17840445151998133,1013.5955371462871,311.4838081413915,BITZER-S6H-25.2,screw,418,190.0,55.0,BAC-VXC-438,evaporative,425.0,4,44.82012036779422
406.5015538501504,-18.47497101367205,43.603972140947775,R717,ice_making,2.3781322066554997,8.442476620109472,1.1786218742599344,0.38028827975575996,820.5271592935591,571.5993189435048,BITZER-CSH9563-160,screw,1417,500.0,135.0,BAC-VXC-584,evaporative,565.0,4,100.5983977628057
618.8896597739786,-24.162913269121425,35.36702166679113,R410A,cold_storage,2.2721409587994876,6.3396077254957115,1.1336366313491326,3.787772577877878,1063.051428193638,898.2728126819155,COPELAND-ZP91K5E,screw,91,80.0,27.0,GUNTNER-GACV-240,air_cooled,250.0,3,207.91712781422282
315.785258947439,-7.2299981710086385,36.05219969747649,R717,process_cooling,3.864324671690036,4.282505282341186,1.1036584265317644,0.2903587444850956,403.1134792488626,405.7014197100546,BITZER-CSH8561-90,screw,856,300.0,82.5,BAC-VXC-438,evaporative,425.0,4,80.5744944745096
87.06655779871645,8.843155104860429,35.99252628654024,R410A,process_cooling,6.47917722608951,2.091108017574688,1.1291065038396433,0.50056020511012,46.294290842919054,101.81007174566179,COPELAND-ZP91K5E,screw,91,80.0,27.0,GUNTNER-GACV-120,air_cooled,125.0,3,29.399200754328906
335.4631275555407,-19.5099407864391,42.666504155117934,R410A,hvac,2.120617582113598,6.341176491766431,1.11894055760238,2.1931744918207112,518.4822513660326,496.01033550848206,COPELAND-ZP91K5E,screw,91,80.0,27.0,GUNTNER-GACV-240,air_cooled,250.0,3,112.35470871943384
323.9544855531972,-33.12531279103474,32.32004098717814,R410A,hvac,1.9571454175396812,8.455905876619934,1.1131612219216056,1.9344911462104883,769.5028952262417,484.30361833218717,COPELAND-ZP91K5E,screw,91,80.0,27.0,GUNTNER-GACV-240,air_cooled,250.0,2,160.26479484146097
241.9070448650402,-10.485884760071698,49.162148204340326,R717,cold_storage,2.581499529517566,6.980772763107514,1.1202543309518882,0.2281921835835617,358.4474373574591,329.6177780966486,BITZER-CSH8561-90,screw,856,300.0,82.5,BAC-VXC-438,evaporative,425.0,3,79.19477415015812
562.6313201244996,-9.3914167090906,28.877251986489927,R410A,cold_storage,4.2021906108105584,3.128293793546258,1.1732274505852074,3.0746952047608405,510.2622093806949,693.3905171162063,COPELAND-ZP91K5E,screw,91,80.0,27.0,GUNTNER-GACV-240,air_cooled,250.0,4,140.02558434689902
375.99948947593236,-7.841183712008899,39.853914604971244,R410A,process_cooling,3.1339605588909887,3.9084451666229647,1.1115874913461736,2.241392928757738,353.0788713694019,483.8704089702171,COPELAND-ZP91K5E,screw,91,80.0,27.0,GUNTNER-GACV-240,air_cooled,250.0,4,91.70568730183552
437.7711108704299,-29.440835168152653,34.08700001478885,R410A,ice_making,2.0539068281352937,7.582985680104006,1.16859179197382,2.694833729741504,925.8829839555194,658.8413165800278,COPELAND-ZP91K5E,screw,91,80.0,27.0,GUNTNER-GACV-240,air_cooled,250.0,3,147.70137127460268
128.22671358095545,8.553831316278377,36.2730420852914,R410A,cold_storage,6.318620073704167,2.123986227913501,1.162677290687767,0.7385035818035975,68.90789045813374,150.2232379188991,COPELAND-ZP91K5E,screw,91,80.0,27.0,GUNTNER-GACV-180,air_cooled,185.0,3,43.232356058563795
50.98545867068956,-32.2057779847788,34.29324041281903,R717,hvac,2.045995174801223,12.350926109577754,1.1175208128429603,0.048221163690367,189.5689634207308,77.79298698403568,BITZER-4NES-20Y,screw,134,50.0,15.0,BAC-VXC-116,evaporative,105.0,3,17.41785162360477
133.4890028361607,-33.346008632842064,42.99107582104631,R717,cold_storage,1.696779207547414,16.680689386212745,1.1675519600001352,0.12897967155934356,534.8033836405267,213.05296601238152,BITZER-N320VLD,screw,320,150.0,42.5,BAC-VXC-292,evaporative,250.0,2,67.02510940168597
101.00093882013935,-4.004749658006432,25.654857413952197,R410A,cold_storage,5.778205165953016,2.3982460834344357,1.1022240738013953,0.5397947707155895,74.90058974266672,120.06616238006598,COPELAND-ZP91K5E,screw,91,80.0,27.0,GUNTNER-GACV-120,air_cooled,125.0,2,51.17629982679251
683.0043705259608,-37.764138506784455,28.64141628647794,R410A,blast_freezing,1.9043286659489378,9.407311885365097,1.1365549475798071,4.137057401658504,1992.2505592585514,1070.334454885661,COPELAND-ZP91K5E,screw,91,80.0,27.0,GUNTNER-GACV-240,air_cooled,250.0,4,175.45092334837614
110.19057388391225,-7.185077962194164,32.11896097165524,R717,process_cooling,4.326350083098616,3.815717689194266,1.1316781379173044,0.09784008018073721,135.60603218099598,136.00805325005612,BITZER-N320VLD,screw,320,150.0,42.5,BAC-VXC-116,evaporative,105.0,3,36.82436961523362
780.3584315947775,-36.693343822393814,49.7959992891982,R410A,blast_freezing,1.196758199574108,15.044961837115054,1.151981427753782,5.957778303418518,2743.307759907667,1444.1201899364069,COPELAND-ZP91K5E,screw,91,80.0,27.0,GUNTNER-GACV-240,air_cooled,250.0,3,262.2444106975416
86.73764968191416,-25.32139481535996,38.933291438272455,R410A,hvac,2.019007679810443,7.245096890551899,1.1184191928850629,0.5428271916282388,159.14774180114975,128.1056405604986,COPELAND-ZP91K5E,screw,91,80.0,27.0,GUNTNER-GACV-120,air_cooled,125.0,2,42.8363057584078
192.43686200044112,-25.202468121677754,43.3528862631305,R410A,cold_storage,1.8149293715246997,8.022398298158798,1.1452331119918264,1.2545106803682466,366.14916440615934,291.55480462534524,COPELAND-ZP91K5E,screw,91,80.0,27.0,GUNTNER-GACV-240,air_cooled,250.0,2,93.99016964270598
631.3774433751283,-21.432449267679,33.65420390943171,R717,ice_making,2.7274079620154366,7.285563484485817,1.188775209837498,0.5850286885969439,1427.620852049435,881.603374199623,BITZER-CSH9563-160,screw,1417,500.0,135.0,BAC-VXC-584,evaporative,565.0,3,215.028073720842
774.0541254589011,-30.102137191003663,40.082691599809024,R717,hvac,1.927123139034712,13.117176493235249,1.141981797051263,0.7414287886119655,2645.7199324222165,1192.146748259,BITZER-CSH9563-160,screw,1417,500.0,135.0,BAC-VXC-584,evaporative,565.0,2,392.4354177413485
364.15014756793437,-10.128799766627196,33.555803399680016,R410A,process_cooling,3.5362912170850787,3.6170110585549553,1.1828405652375538,2.0581457045291294,350.19844495810315,459.06255091897907,COPELAND-ZP91K5E,screw,91,80.0,27.0,GUNTNER-GACV-240,air_cooled,250.0,3,119.28826062381161
450.49676284548514,-10.517857579837738,30.743901076512262,R717,cold_storage,4.035884270943134,4.1907296495620985,1.152842056688245,0.4079706338561899,641.6339186594099,576.0080817306374,BITZER-CSH9563-160,screw,1417,500.0,135.0,BAC-VXC-584,evaporative,565.0,4,115.40683978811084
212.3774295393131,-35.4007330369301,49.752764752137374,R410A,cold_storage,1.2321632751020408,14.20602870882333,1.1325012046477096,1.591278402919981,694.5228660092768,382.77773633065203,COPELAND-ZP91K5E,screw,91,80.0,27.0,GUNTNER-GACV-240,air_cooled,250.0,3,70.43162635011707
631.0259027313938,-25.052631288841226,30.020216044333424,R717,process_cooling,2.6841589269235637,7.727483562735507,1.1486367827074795,0.5644031924675662,1608.338435730934,863.7429502211489,BITZER-CSH9563-160,screw,1417,500.0,135.0,BAC-VXC-584,evaporative,565.0,3,209.7650505303055
77.45719969416868,-17.763174429546222,41.817270961223336,R410A,cold_storage,2.2657118811288357,5.822593136300106,1.1619937219739545,0.4964010917923925,110.20008754746172,111.62389055271753,COPELAND-ZP91K5E,screw,91,80.0,27.0,GUNTNER-GACV-120,air_cooled,125.0,3,25.814440490455038
300.66855409777276,9.359044498015876,28.40366214986904,R410A,hvac,9.776528720828422,1.6977281603576173,1.1493842678116297,1.5845172619601668,144.25269915348264,330.78149996518977,COPELAND-ZP91K5E,screw,91,80.0,27.0,GUNTNER-GACV-240,air_cooled,250.0,2,150.04343785017002
44.96805963107206,-1.6492800373309322,28.88678399144326,R410A,process_cooling,5.594561921020975,2.4175325434501493,1.1137562836808137,0.24963788892585823,32.0888874402659,54.454367894493245,COPELAND-ZP61K5E,screw,61,55.0,18.5,GUNTNER-GACV-060,air_cooled,65.0,3,15.39896744744055
616.1723652958527,3.5526364575780747,27.179474231878807,R410A,cold_storage,7.607034780417059,1.9611137333345892,1.1162419080353612,3.299882218436424,359.509653503095,708.2179607397737,COPELAND-ZP91K5E,screw,91,80.0,27.0,GUNTNER-GACV-240,air_cooled,250.0,3,208.64478096146567
416.33235163207354,-28.807146099905566,31.805050913276318,R410A,hvac,2.2059101731668598,6.974374014032387,1.1848673550413371,2.4502021314283033,821.2575934195411,600.6157930387651,COPELAND-ZP91K5E,screw,91,80.0,27.0,GUNTNER-GACV-240,air_cooled,250.0,3,137.75645775711456
304.58602951661976,-9.63101402721729,38.28463308141028,R717,hvac,3.392563588476774,5.022906574013046,1.1323263785219169,0.2732714168360229,415.432609739616,387.81613472720187,BITZER-CSH8561-90,screw,856,300.0,82.5,BAC-VXC-438,evaporative,425.0,2,149.76344351062144
535.9075609028071,-19.267195028357136,47.406931521576894,R717,hvac,2.162202456145689,9.677191476548153,1.1539519005322822,0.5087185287293712,1134.077317153704,772.367653511837,BITZER-CSH9563-160,screw,1417,500.0,135.0,BAC-VXC-584,evaporative,565.0,3,176.03924908150952
100.24777445046742,-36.793326479777036,30.895734618835718,R717,hvac,1.953406133181716,14.120398452227954,1.1592892581856147,0.09052142739885152,442.5229924532059,149.5761687354597,BITZER-6FE-35Y,screw,232,100.0,30.0,BAC-VXC-116,evaporative,105.0,4,24.732714720723184
505.7295063698994,-33.2357190757453,47.671468480823705,R717,hvac,1.5685844550463284,18.802578498607872,1.1591569144167773,0.4833518675493859,1993.8241767982586,804.3527094246865,BITZER-CSH9563-160,screw,1417,500.0,135.0,BAC-VXC-584,evaporative,565.0,2,245.6012598494066
589.4247706470098,-23.45725071340103,31.293838058417876,R410A,ice_making,2.5690195999205616,5.564821854189236,1.1439220201254183,3.4294987320551282,937.4117585520939,819.6879762353092,COPELAND-ZP91K5E,screw,91,80.0,27.0,GUNTNER-GACV-240,air_cooled,250.0,4,147.5051073419854
210.83937401488336,-35.27343603915459,34.58403911049889,R410A,hvac,1.7634158964458175,9.81646783167689,1.1490442923839785,1.36674772746241,593.4078768094748,344.2115587891441,COPELAND-ZP91K5E,screw,91,80.0,27.0,GUNTNER-GACV-240,air_cooled,250.0,2,109.82569349945692
290.1510740831199,-38.817532077716116,26.725185368163725,R410A,hvac,1.9392981156519304,9.377330963711419,1.1948964158055753,1.6789609448073874,845.3205566626519,438.4978970350543,COPELAND-ZP91K5E,screw,91,80.0,27.0,GUNTNER-GACV-240,air_cooled,250.0,2,144.6566683571671
201.70710765413364,-31.815815558629097,41.626181716758325,R717,process_cooling,1.8002111982239788,14.889514036735944,1.1479156257642213,0.19373017988092953,747.9428634927552,315.9296893810438,BITZER-S6H-25.2,screw,418,190.0,55.0,BAC-VXC-438,evaporative,425.0,3,67.70205583491929
175.4407621175459,-14.976502127128956,28.86306259796981,R410A,cold_storage,3.50723292048324,3.8064641962853263,1.176877045263528,0.9669664671347054,194.48763051672918,223.56153961796102,COPELAND-ZP91K5E,screw,91,80.0,27.0,GUNTNER-GACV-240,air_cooled,250.0,3,57.98697377710004
166.23138066122752,-25.185066218972757,49.709408974959004,R410A,blast_freezing,1.5483461696254144,9.303902341036332,1.1842211651816048,1.2151444572516477,354.4260656452209,275.5728014836292,COPELAND-ZP91K5E,screw,91,80.0,27.0,GUNTNER-GACV-240,air_cooled,250.0,4,41.85872554481488
511.8166846721223,4.045063234055867,37.1924543556226,R717,cold_storage,5.47604400075786,2.8848699942467753,1.1521176069653585,0.4540456028435531,420.76502883335627,600.1232218901436,BITZER-CSH9563-160,screw,1417,500.0,135.0,BAC-VXC-584,evaporative,565.0,4,126.86376005793116
688.5465438085944,-31.985330582686288,48.625054937159405,R410A,ice_making,1.3653471286569532,11.964548565222444,1.1422736462649659,4.78437120117916,1817.9145659540475,1132.6896674612956,COPELAND-ZP91K5E,screw,91,80.0,27.0,GUNTNER-GACV-240,air_cooled,250.0,4,163.45535147792364
623.3878473495427,-13.279294743950373,27.43124311040873,R717,cold_storage,4.054590437364559,4.254167996399816,1.1316659262348143,0.5581469317598419,977.3113020123096,795.872449002528,BITZER-CSH9563-160,screw,1417,500.0,135.0,BAC-VXC-584,evaporative,565.0,3,212.80569026479313
678.8388048787011,8.96369266849387,36.503003673275984,R717,blast_freezing,6.852675903673295,2.3759699450146647,1.1392640309381081,0.6008827540756986,471.6546948567923,775.4330209783843,BITZER-CSH9563-160,screw,1417,500.0,135.0,BAC-VXC-584,evaporative,565.0,4,169.1713513633454
578.3037008529703,-17.88975947573492,28.015634961533912,R410A,cold_storage,3.290086357826502,4.1409734063343135,1.1936404806794263,3.2302380051307127,720.3628840729186,758.5126337215422,COPELAND-ZP91K5E,screw,91,80.0,27.0,GUNTNER-GACV-240,air_cooled,250.0,3,193.90224036660456
790.804194050001,3.6244926250502942,43.47369448098638,R717,hvac,4.424231330770759,3.48536705412984,1.136421986238728,0.7238158899045082,680.538832224506,964.0303144412691,BITZER-CSH9563-160,screw,1417,500.0,135.0,BAC-VXC-584,evaporative,565.0,4,196.57592296850837
112.94044621142314,-39.928052485030186,34.12877764988941,R717,hvac,1.7077456595889264,18.30834334406165,1.150687838618344,0.10525069700461417,600.5215047353142,178.9447594152623,BITZER-N320VLD,screw,320,150.0,42.5,BAC-VXC-292,evaporative,250.0,3,37.6195027913604
376.0766084916377,-35.49383823509772,41.14203089431393,R717,process_cooling,1.6698816964400174,17.684704573282318,1.1138598090859642,0.3576571857440969,1642.169849940424,597.6184638763439,BITZER-CSH9563-160,screw,1417,500.0,135.0,BAC-VXC-584,evaporative,565.0,2,186.89070298739486
571.7394396711744,-17.67150024951318,36.709041561498175,R717,cold_storage,2.8162350431662286,6.733822565466748,1.1324661135811638,0.5229605394564887,1091.8446549943458,774.6168447534212,BITZER-CSH9563-160,screw,1417,500.0,135.0,BAC-VXC-584,evaporative,565.0,3,190.54583715328533
469.834849408956,-29.592539222169734,44.685005867515805,R717,ice_making,1.7921507346044392,14.509172694783953,1.1927429481310354,0.4744205277294813,1654.1437423759774,766.241443445155,BITZER-CSH9563-160,screw,1417,500.0,135.0,BAC-VXC-584,evaporative,565.0,3,163.9381604934667
719.9692301302214,-18.894884268490006,47.34550069876474,R717,hvac,2.1839596795239498,9.504394569828598,1.1878622922101685,0.6895077510733132,1513.6512244957173,1044.3848577029578,BITZER-CSH9563-160,screw,1417,500.0,135.0,BAC-VXC-584,evaporative,565.0,3,238.79012809082283
318.78614517365475,-12.282297857693344,40.42203314237817,R410A,ice_making,2.7194080472803948,4.6204131294652155,1.1509852309041262,2.0240983638100456,370.72178809778956,445.3290063759993,COPELAND-ZP91K5E,screw,91,80.0,27.0,GUNTNER-GACV-240,air_cooled,250.0,2,162.79892770998498
199.18968687441082,-27.410853145938717,33.715051230895064,R410A,process_cooling,2.1803609277182914,6.918010803011899,1.1893022076580377,1.1937656684651894,379.0636605498109,289.11784538039115,COPELAND-ZP91K5E,screw,91,80.0,27.0,GUNTNER-GACV-240,air_cooled,250.0,2,99.105300923465
43.80047668815957,-24.789600448668146,26.14593473322114,R410A,cold_storage,2.8361993727766666,5.1276294411325845,1.1604832043382944,0.25068604162777264,72.03445821045264,61.07045248188871,COPELAND-ZP61K5E,screw,61,55.0,18.5,GUNTNER-GACV-060,air_cooled,65.0,2,22.575466261409517
479.871477243184,-15.150306731770954,34.40694784671481,R717,cold_storage,3.1870516828749955,5.657013824115188,1.1843345117621717,0.43402624537184475,818.4714733391485,631.6257847076206,BITZER-CSH9563-160,screw,1417,500.0,135.0,BAC-VXC-584,evaporative,565.0,2,240.38681303277343
139.69455283241902,-14.76715422708348,36.48604670463858,R717,process_cooling,3.0644858046663255,5.906914035627669,1.1926199187124773,0.12481382850682865,231.8005529259144,181.78566155040804,BITZER-N320VLD,screw,320,150.0,42.5,BAC-VXC-292,evaporative,250.0,4,34.26507103761653
400.3537951248041,-32.29970737535316,48.36475210473645,R410A,hvac,1.3645219174037457,12.050749748668629,1.167475953078761,2.869006332596048,1103.944864185891,681.1384313956412,COPELAND-ZP91K5E,screw,91,80.0,27.0,GUNTNER-GACV-240,air_cooled,250.0,4,98.26810142723015
547.1668763673792,-18.314335778457956,28.106793965651473,R717,hvac,3.4014346793351975,5.3853566755698665,1.1526483347116596,0.4791357799951349,1027.0088079315599,702.9260519428732,BITZER-CSH9563-160,screw,1417,500.0,135.0,BAC-VXC-584,evaporative,565.0,2,271.6111023199143
136.05569005089927,-6.334982380536616,47.697052396589,R717,hvac,2.9663114018714904,5.687069032801803,1.1567409228617191,0.12513525367929654,168.02429379415733,176.31113190355097,BITZER-N320VLD,screw,320,150.0,42.5,BAC-VXC-292,evaporative,250.0,2,65.92948307029029
210.2709298425447,-32.68355706447146,48.41455232444814,R410A,process_cooling,1.3513242535222851,12.261538928327262,1.199006922505324,1.5432163474508267,603.0286461372008,367.1301623629396,COPELAND-ZP91K5E,screw,91,80.0,27.0,GUNTNER-GACV-240,air_cooled,250.0,4,52.74813669971706
605.4178408896058,-5.278297808691889,39.65125391455835,R410A,hvac,3.4032776200608166,3.5683764143722896,1.141218118531915,3.4393311806559437,497.5984491235206,734.2388726747399,COPELAND-ZP91K5E,screw,91,80.0,27.0,GUNTNER-GACV-240,air_cooled,250.0,2,283.74530733291726
156.33707698691134,-1.783660342575267,37.880932664313605,R717,blast_freezing,4.366581935944475,3.6505779257313753,1.1371048328490874,0.1401590310160205,159.37844575738492,190.8055656353371,BITZER-S6H-25.2,screw,418,190.0,55.0,BAC-VXC-292,evaporative,250.0,3,51.750390728252874
163.730582516683,-32.234371959295984,33.51873844271521,R410A,process_cooling,1.9442644123592996,8.394541911122532,1.1671995103957857,0.9996476433580844,383.64132987662214,248.35505977285496,COPELAND-ZP91K5E,screw,91,80.0,27.0,GUNTNER-GACV-240,air_cooled,250.0,4,41.00072519971097
759.8669910991006,-25.24730229420861,25.22963294909545,R717,process_cooling,2.982535205113222,6.746095790243289,1.1553930114975297,0.659887052654412,1896.4495319846394,1002.4106974262953,BITZER-CSH9563-160,screw,1417,500.0,135.0,BAC-VXC-584,evaporative,565.0,4,187.67726090766766
419.43336543790514,-25.235589489380875,31.714719810267376,R717,ice_making,2.5730325901991726,8.193693728768135,1.1697850654648887,0.36919241984935985,1060.4803797999855,567.3006565391245,BITZER-CSH9563-160,screw,1417,500.0,135.0,BAC-VXC-584,evaporative,565.0,2,204.2638908081142
341.26282287179157,2.200691214781237,47.758816282151926,R717,cold_storage,3.7588843515714956,4.116698382404847,1.1822031637206598,0.32659478360293126,322.5926107539544,439.7227462074608,BITZER-CSH9563-160,screw,1417,500.0,135.0,BAC-VXC-584,evaporative,565.0,2,173.66118060879677
762.810224581953,-39.33850254342975,44.64125766951636,R410A,blast_freezing,1.2766855704636155,15.004462827124748,1.1186118443355773,5.45212746855426,2806.5575388512243,1366.5049048460924,COPELAND-ZP91K5E,screw,91,80.0,27.0,GUNTNER-GACV-240,air_cooled,250.0,2,383.14405744432656
159.90177079633455,-23.399283790070662,29.203861591654764,R410A,process_cooling,2.7180463070961784,5.261462955268754,1.143214236481763,0.9052569203796089,246.90627276530313,217.4738752457083,COPELAND-ZP91K5E,screw,91,80.0,27.0,GUNTNER-GACV-240,air_cooled,250.0,2,79.49121859689116
595.2023718714636,-33.2789487649204,46.71252321922376,R717,process_cooling,1.5929529788977226,18.371661608791044,1.1702936322124584,0.5826568770110864,2408.3397321882658,968.3057531459681,BITZER-CSH9563-160,screw,1417,500.0,135.0,BAC-VXC-584,evaporative,565.0,2,297.43415065964336
109.02302601676763,0.615794684309833,32.16696527802798,R717,ice_making,5.722109044628087,2.8312621502199726,1.1467286740740354,0.09826639266460882,102.60321098240594,131.39314262096156,BITZER-N320VLD,screw,320,150.0,42.5,BAC-VXC-116,evaporative,105.0,3,37.28224206629233
534.7283529509198,8.703219774335174,26.282740241085953,R717,process_cooling,11.152548187233851,1.774472837882243,1.1864451567186003,0.4688322160468277,371.1996957113717,600.3627227190165,BITZER-CSH9563-160,screw,1417,500.0,135.0,BAC-VXC-584,evaporative,565.0,2,275.4802569709779
328.4436985438002,-38.59928865268216,32.95887366401445,R717,cold_storage,1.7996786777105183,16.489850671225557,1.1841604306471798,0.31385778194853464,1676.2383144488933,527.3514110738583,BITZER-CSH9563-160,screw,1417,500.0,135.0,BAC-VXC-584,evaporative,565.0,3,112.99666847795653
209.64056940325116,-26.906341200381693,43.66497029561316,R410A,blast_freezing,1.7301293371821822,8.648257583797754,1.144355744425326,1.4028646029915939,436.90635046239356,328.6694699218884,COPELAND-ZP91K5E,screw,91,80.0,27.0,GUNTNER-GACV-240,air_cooled,250.0,4,52.070856534482054
509.2893089818407,0.6262363501308741,49.18918760715403,R717,process_cooling,3.462415507095601,4.530155989138027,1.1044872940455952,0.4655247953487231,485.89113463371046,632.6951949543047,BITZER-CSH9563-160,screw,1417,500.0,135.0,BAC-VXC-584,evaporative,565.0,2,245.4560372954225
258.28417482184403,-14.6321562970791,48.98155389127521,R410A,process_cooling,2.0249501453631766,6.150626813660127,1.1390558285302346,1.8317131237853357,363.9978438618794,393.6969466913065,COPELAND-ZP91K5E,screw,91,80.0,27.0,GUNTNER-GACV-240,air_cooled,250.0,2,131.77352536761987
519.8131882479423,-10.968774122243978,27.047571927146997,R410A,hvac,4.230184164918352,3.1496217280511916,1.1880331659572236,2.8475828513037653,498.5787437626342,649.9540083972925,COPELAND-ZP91K5E,screw,91,80.0,27.0,GUNTNER-GACV-240,air_cooled,250.0,4,131.421048836545
675.04884279213,-0.26588661562711735,29.914641482173145,R410A,cold_storage,5.681014066730096,2.374794007995331,1.1622388290507681,3.7417144075535784,460.06000761792245,808.7880332247233,COPELAND-ZP91K5E,screw,91,80.0,27.0,GUNTNER-GACV-240,air_cooled,250.0,4,171.9325894190728
721.3891120748757,-20.78880084626472,35.289893001226694,R717,blast_freezing,2.675430823148812,7.4198043663051045,1.125686077244224,0.6655857529537463,1580.8423378478242,1001.8055772343125,BITZER-CSH9563-160,screw,1417,500.0,135.0,BAC-VXC-584,evaporative,565.0,4,182.30934338731726
510.5639137679047,-25.4704078877359,45.514949287418176,R410A,ice_making,1.7092236071019336,8.533648734343107,1.184422145395138,3.4692423122420504,1022.8829545388465,801.1368378140402,COPELAND-ZP91K5E,screw,91,80.0,27.0,GUNTNER-GACV-240,air_cooled,250.0,4,126.3574176861244
745.0373914916731,2.257376839081495,49.51462233191201,R410A,ice_making,3.1285405131593023,3.5339229325343413,1.1138457361648355,5.146153518718669,583.9770548831192,1013.4217388518005,COPELAND-ZP91K5E,screw,91,80.0,27.0,GUNTNER-GACV-240,air_cooled,250.0,3,255.98480922483054
749.5366743019969,4.465857624718126,42.28448473184125,R410A,blast_freezing,4.270958716495054,2.7839636711846985,1.1794554940921769,4.534214178412647,480.0693506789929,915.4343481759847,COPELAND-ZP91K5E,screw,91,80.0,27.0,GUNTNER-GACV-240,air_cooled,250.0,3,247.25307855196763
389.50345273722826,-18.84334630741876,39.36432766820862,R410A,process_cooling,2.350401142356432,5.711328031758663,1.1597259873374577,2.504047906662741,577.8828059838813,571.0398706665568,COPELAND-ZP91K5E,screw,91,80.0,27.0,GUNTNER-GACV-240,air_cooled,250.0,4,100.15015421420226
779.4060232686531,-30.535025436279614,26.416838819167182,R717,hvac,2.508883606319102,9.004476374556049,1.1487867732360009,0.6778712212341488,2467.2241629595233,1065.696841591979,BITZER-CSH9563-160,screw,1417,500.0,135.0,BAC-VXC-584,evaporative,565.0,2,380.99145414243907
605.7490047646268,5.721171959356859,33.97866322739125,R717,hvac,6.588528688950015,2.477764677205634,1.1175976584676557,0.5305070137882987,464.2743368656437,693.5488048211334,BITZER-CSH9563-160,screw,1417,500.0,135.0,BAC-VXC-584,evaporative,565.0,2,301.0772170107777
659.1985579094012,-39.08318296748849,32.66559385407558,R717,cold_storage,1.7887502769461612,16.774056903784757,1.1562219137492127,0.6204169409130504,3393.87105250887,1045.3380276667451,BITZER-CSH9563-160,screw,1417,500.0,135.0,BAC-VXC-584,evaporative,565.0,2,335.2484985745719
746.9734681755011,-18.98875941365009,32.59849497174314,R410A,hvac,2.8036703353031096,4.8534183168662235,1.1086246374455333,4.355477928475447,1010.4414601282813,1015.2140979228836,COPELAND-ZP91K5E,screw,91,80.0,27.0,GUNTNER-GACV-240,air_cooled,250.0,4,187.07757241145578
633.6973083485711,-19.112699231484733,44.74747048293489,R717,process_cooling,2.2875805663523803,8.95424619027119,1.1797346880828725,0.6026720749182126,1334.9722928220297,910.7990851100433,BITZER-CSH9563-160,screw,1417,500.0,135.0,BAC-VXC-584,evaporative,565.0,2,316.8783615941869
515.7556738445071,1.4529507978437834,34.302757520512856,R410A,ice_making,5.125268590284722,2.514395447157738,1.114159542107386,2.9195740554151075,339.84890094372486,617.0703397816931,COPELAND-ZP91K5E,screw,91,80.0,27.0,GUNTNER-GACV-240,air_cooled,250.0,4,129.08214488323452
224.21007223650923,-6.646801429021288,37.231277950733585,R410A,ice_making,3.5172827301128526,3.5204286427819547,1.1351124059538327,1.3605015569823375,205.9497116912248,294.949755972359,COPELAND-ZP91K5E,screw,91,80.0,27.0,GUNTNER-GACV-240,air_cooled,250.0,3,76.55204429401606
333.50612506888854,-1.7649668182873626,37.44516085658454,R717,blast_freezing,4.42578752556885,3.603463511590445,1.1732502734977117,0.3026888446876402,343.96451153155493,411.83600225468973,BITZER-CSH8561-90,screw,856,300.0,82.5,BAC-VXC-438,evaporative,425.0,4,83.98313759843809
312.51020728209653,-23.3353789765049,32.46564803516364,R410A,ice_making,2.500235215182245,5.7064655310989485,1.1674877762694522,1.7930403228151912,487.88233760702377,426.95537418893844,COPELAND-ZP91K5E,screw,91,80.0,27.0,GUNTNER-GACV-240,air_cooled,250.0,3,101.65877398070005
486.0208762500338,-38.718269749848716,46.061976210341484,R717,ice_making,1.4304091466777382,23.900176798307466,1.1388148066877222,0.4811820756963761,2585.0390272068294,830.3719276548602,BITZER-CSH9563-160,screw,1417,500.0,135.0,BAC-VXC-584,evaporative,565.0,4,122.17815281076936
341.31413171986264,4.3224224345507665,36.035433991646386,R717,ice_making,5.7625121109904285,2.7638151345180417,1.154821974346065,0.3075322144946599,282.2907783440782,405.49541504178694,BITZER-CSH8561-90,screw,856,300.0,82.5,BAC-VXC-438,evaporative,425.0,4,86.38329225066488
749.757701684745,-14.834639899787938,32.553501947726865,R410A,ice_making,3.160932895950774,4.163401433087661,1.1787994305952068,4.38019571181219,876.6255815849589,1001.3989998837931,COPELAND-ZP91K5E,screw,91,80.0,27.0,GUNTNER-GACV-240,air_cooled,250.0,2,380.36602846746973
555.7058877590014,-2.4361691570475585,46.81934050579491,R410A,ice_making,2.9710007359556414,3.8558659869517014,1.1532468629473556,3.6539367027068383,481.78187994871814,746.2268749256898,COPELAND-ZP91K5E,screw,91,80.0,27.0,GUNTNER-GACV-240,air_cooled,250.0,4,139.5769443278988
615.3821924951931,-22.174289617607254,43.34915658326365,R717,ice_making,2.1846017209618918,9.885948040742079,1.163308132247539,0.5936904210828455,1494.9345883063645,912.3395955047793,BITZER-CSH9563-160,screw,1417,500.0,135.0,BAC-VXC-584,evaporative,565.0,3,208.61830615764958
143.91822238031992,-20.97881626345741,28.498235830886113,R717,process_cooling,3.1150081452025806,6.131239203386264,1.1559132515245398,0.12832856814152543,307.23461653879934,191.24927392038896,BITZER-N320VLD,screw,320,150.0,42.5,BAC-VXC-292,evaporative,250.0,4,36.19330904123659
428.4483526436525,-6.5234551200502295,30.607147128025044,R410A,cold_storage,4.376825933419599,2.9674701727991426,1.1492709049976197,2.3720893210755087,357.6141622813439,525.5415474277229,COPELAND-ZP91K5E,screw,91,80.0,27.0,GUNTNER-GACV-240,air_cooled,250.0,2,213.89978979738152
166.1009634764816,-16.06591878246013,36.785109597844155,R410A,hvac,2.711304147367052,4.839901169324284,1.1962827303204786,1.032426541275863,215.77358382446707,234.27760357227436,COPELAND-ZP91K5E,screw,91,80.0,27.0,GUNTNER-GACV-240,air_cooled,250.0,4,42.78804787875957
455.2211301186412,5.361784535097058,39.05141819027478,R410A,blast_freezing,4.963067289607736,2.5047218239256006,1.1189699797589123,2.6652064920468574,274.41776240788795,543.5184486487656,COPELAND-ZP91K5E,screw,91,80.0,27.0,GUNTNER-GACV-240,air_cooled,250.0,3,150.79032891278337
728.5513925543131,-38.452835590289126,40.150480706168565,R717,ice_making,1.5892401964721474,20.07078280694731,1.168380654036084,0.7095509352696293,3762.2340410731294,1208.3647063689787,BITZER-CSH9563-160,screw,1417,500.0,135.0,BAC-VXC-584,evaporative,565.0,4,185.41942979801317
641.2835961615095,-8.483936189785556,28.798337146043714,R717,hvac,4.575620062880929,3.64215725722092,1.1554358095359951,0.5777519926774882,840.8590594524048,805.0267515636192,BITZER-CSH9563-160,screw,1417,500.0,135.0,BAC-VXC-584,evaporative,565.0,4,165.1608482136734
62.68019747207716,-6.255698023361838,42.68883751074712,R410A,ice_making,3.015970538195563,3.966920882081394,1.1726027180460885,0.39326153531633823,58.763695403503164,83.31690404149042,COPELAND-ZP91K5E,screw,91,80.0,27.0,GUNTNER-GACV-120,air_cooled,125.0,2,31.285255398774225
41.111088027135665,-22.478698363957033,28.310697118059952,R410A,blast_freezing,2.855889745787101,4.961139724447479,1.1493857390722475,0.23158799856486004,61.03967048856276,55.51513604442141,COPELAND-ZP61K5E,screw,61,55.0,18.5,GUNTNER-GACV-060,air_cooled,65.0,3,13.705881842918657
26.708429637513404,-4.758883618531968,41.38440313113502,R717,cold_storage,3.614327773300856,4.5114246412439565,1.1201915517549133,0.025085366632374546,31.77797203562758,34.81060896424942,BITZER-4CC-9.2Y,reciprocating,48,25.0,8.0,BAC-VXC-116,evaporative,105.0,4,6.816645726436949
518.0074407597715,-1.971495154355594,37.59705959459648,R717,cold_storage,4.3759930529677336,3.647430805775544,1.1581976734506467,0.46758288009780885,535.2987490335684,636.9585663946496,BITZER-CSH9563-160,screw,1417,500.0,135.0,BAC-VXC-584,evaporative,565.0,3,172.8255123663508
778.306945416478,-17.193871635267836,34.73494503718501,R717,cold_storage,2.985937864787626,6.234102618430975,1.1583010303104748,0.7177459155736365,1469.6552565701513,1057.129273717461,BITZER-CSH9563-160,screw,1417,500.0,135.0,BAC-VXC-584,evaporative,565.0,2,395.957292040802
152.9738222863133,-11.690059230758546,39.50011973880787,R717,blast_freezing,3.1069484244854775,5.653022166216736,1.1247366557555474,0.1394647238209319,229.50166646019625,200.47778845436454,BITZER-S6H-25.2,screw,418,190.0,55.0,BAC-VXC-292,evaporative,250.0,3,50.55449810123965
687.2926420460578,-1.250202202900958,44.18129343298298,R717,ice_making,3.7279663899715176,4.255640367606938,1.162240681758644,0.6425651943148317,716.8523324153621,877.93981018149,BITZER-CSH9563-160,screw,1417,500.0,135.0,BAC-VXC-584,evaporative,565.0,2,346.12451049956445
261.9448738343595,8.16192062195752,29.392838896230206,R717,blast_freezing,9.088890880737395,1.9864034759555984,1.154569818642307,0.22129004805407326,178.39347267476,284.87170284752244,BITZER-CSH8561-90,screw,856,300.0,82.5,BAC-VXC-292,evaporative,250.0,4,64.15888160547084
65.1400397307671,-19.252203792273818,41.9404620533853,R410A,process_cooling,2.1748907526792376,6.1719773462435485,1.156072546774053,0.4162713302718191,97.4956929362511,94.26963619750593,COPELAND-ZP91K5E,screw,91,80.0,27.0,GUNTNER-GACV-120,air_cooled,125.0,4,16.144347632384942
485.0051086168302,-7.260480568844194,31.104647004789264,R717,hvac,4.447908354382029,3.714744430497082,1.1617456422281234,0.4292044398731507,596.5574480132768,596.1009404825817,BITZER-CSH9563-160,screw,1417,500.0,135.0,BAC-VXC-584,evaporative,565.0,3,162.22754255736837
670.3781394568539,-26.47145132315533,40.50133199760227,R717,process_cooling,2.083485469908002,11.151675028216777,1.1631843072751145,0.613764453072112,1861.1706005072676,964.6356466786044,BITZER-CSH9563-160,screw,1417,500.0,135.0,BAC-VXC-584,evaporative,565.0,3,217.2654261142716
520.2508905373666,-33.61679024481525,37.57931718746761,R410A,process_cooling,1.7103954470538187,9.848346695661904,1.1334252797377327,3.4129833512635055,1384.8883318039066,845.1521375409395,COPELAND-ZP91K5E,screw,91,80.0,27.0,GUNTNER-GACV-240,air_cooled,250.0,2,266.66669059105794
769.5022962089411,-11.85594852907893,40.94937358853883,R717,blast_freezing,2.9892594148896663,5.924975786552779,1.1241175231391702,0.7076626844816546,1172.0489608867254,1020.0801652456769,BITZER-CSH9563-160,screw,1417,500.0,135.0,BAC-VXC-584,evaporative,565.0,3,254.79117139065792
260.60260300785876,-37.36418546391164,35.18143370885181,R410A,hvac,1.6563875522327558,10.918317661539733,1.1083306948567986,1.6556803308686914,784.0393677450746,421.17584870722226,COPELAND-ZP91K5E,screw,91,80.0,27.0,GUNTNER-GACV-240,air_cooled,250.0,2,131.311869857494
270.3136620767852,2.0107093343012963,44.65409454930601,R717,blast_freezing,4.063886621381702,3.816794921982747,1.1566673876411322,0.24762084591194608,246.21107592270417,332.83667053429895,BITZER-CSH8561-90,screw,856,300.0,82.5,BAC-VXC-438,evaporative,425.0,3,89.0363860556118
347.4277182254825,5.984319714866544,39.074684131385915,R410A,blast_freezing,5.076366647773659,2.4589678329874403,1.1507252913825896,2.100675317548497,212.15310216131948,427.1670514835206,COPELAND-ZP91K5E,screw,91,80.0,27.0,GUNTNER-GACV-240,air_cooled,250.0,4,89.21682556685687
220.02796320375532,-35.86248629179529,35.81061449924539,R410A,process_cooling,1.6908123548928804,10.383996911358645,1.1630691433434603,1.3904737599304324,618.5549798811093,350.23177342508257,COPELAND-ZP91K5E,screw,91,80.0,27.0,GUNTNER-GACV-240,air_cooled,250.0,3,73.35779825082447
428.6914155735645,-17.14172878345023,27.904987970560285,R410A,process_cooling,3.3761528202485867,4.016822414819564,1.1420777218850806,2.3551349243759505,511.36547132770704,551.2945613589017,COPELAND-ZP91K5E,screw,91,80.0,27.0,GUNTNER-GACV-240,air_cooled,250.0,4,106.32939276637482
398.25112616789414,-23.041037049124395,41.21217066774672,R717,ice_making,2.231882991337992,9.700202689356548,1.1662580498353157,0.38002708676358726,992.9119580431726,585.2271363208099,BITZER-CSH9563-160,screw,1417,500.0,135.0,BAC-VXC-584,evaporative,565.0,2,202.07391405019732
634.3674528645323,-10.434792375955684,45.11716052846735,R717,process_cooling,2.8231689247628653,6.259381820443531,1.1030074843220814,0.5863769476834095,919.2826229859394,842.8332507614127,BITZER-CSH9563-160,screw,1417,500.0,135.0,BAC-VXC-584,evaporative,565.0,4,155.5947885858899
585.7898972520368,-35.733326733365544,48.17998671776768,R717,blast_freezing,1.4732030635334454,21.633330765440096,1.1898539738547758,0.5875871436374915,2729.0839227740153,996.1168166915786,BITZER-CSH9563-160,screw,1417,500.0,135.0,BAC-VXC-584,evaporative,565.0,3,197.7843183231703
123.26629598537546,-34.91413183892646,40.741855164997865,R410A,cold_storage,1.5422718906116515,11.246807771488616,1.1302997164157391,0.8187092546588974,350.2560854493413,202.3672845605002,COPELAND-ZP91K5E,screw,91,80.0,27.0,GUNTNER-GACV-240,air_cooled,250.0,3,40.92210799188995
736.6766068337329,-28.036953069271767,45.55645323840601,R410A,ice_making,1.6089580748305619,9.465108314376463,1.1515095867735194,5.113931571474774,1663.5870218768634,1197.4583460614983,COPELAND-ZP91K5E,screw,91,80.0,27.0,GUNTNER-GACV-240,air_cooled,250.0,2,369.23940897249247
578.5708291117776,-18.237766375674152,44.20367794046702,R410A,ice_making,2.10301420141339,6.27302279648545,1.1917145855411015,3.8907722762077404,878.5595372087928,869.1851301914685,COPELAND-ZP91K5E,screw,91,80.0,27.0,GUNTNER-GACV-240,air_cooled,250.0,3,196.3583958265925
215.92273115684333,-23.894292566129074,25.64034421198807,R717,hvac,3.0701961021960567,6.4170716138361,1.1322510573999467,0.18621586739701226,504.6822750790039,280.84828419452293,BITZER-S6H-25.2,screw,418,190.0,55.0,BAC-VXC-292,evaporative,250.0,3,70.61570546746273
432.8771449752075,-16.735861881001487,26.6772619953775,R410A,process_cooling,3.5450746965328084,3.8320800512534396,1.1542933114053526,2.3056922839840652,493.4558672951357,540.4343266491865,COPELAND-ZP91K5E,screw,91,80.0,27.0,GUNTNER-GACV-240,air_cooled,250.0,3,140.50961274654068
450.43610666067934,0.24669782951731634,46.642687127660786,R410A,cold_storage,3.2300424777572685,3.522538076869186,1.191828638272924,2.882632777380993,348.6737159231574,581.6369840119432,COPELAND-ZP91K5E,screw,91,80.0,27.0,GUNTNER-GACV-240,air_cooled,250.0,3,148.04517723497966
68.1568967577144,-36.86579967942458,49.46954322814013,R410A,blast_freezing,1.2017858104842754,15.0457408214071,1.1213478858951011,0.5211003500609526,241.67601025158547,126.59514190685266,COPELAND-ZP91K5E,screw,91,80.0,27.0,GUNTNER-GACV-120,air_cooled,125.0,3,23.032855799059465
294.1225037345458,2.1383550694738673,44.42269385486061,R410A,blast_freezing,3.677344843502318,3.1492296332949534,1.1108182742447739,1.8830607101266215,214.49139013391627,380.55189972054484,COPELAND-ZP91K5E,screw,91,80.0,27.0,GUNTNER-GACV-240,air_cooled,250.0,4,74.79780799497851
238.35421575392317,-32.6820964519924,46.91543242027224,R410A,ice_making,1.4014302313820084,11.840275999339543,1.1066659365501081,1.6564868367517671,647.2522953154439,396.23624660393403,COPELAND-ZP91K5E,screw,91,80.0,27.0,GUNTNER-GACV-240,air_cooled,250.0,2,115.6180694953023
732.2088156802591,-27.965445421198773,43.043364174922196,R410A,ice_making,1.7136577465271576,8.892064103571169,1.1027689135002188,4.942498829617318,1603.376658040107,1167.1067927548106,COPELAND-ZP91K5E,screw,91,80.0,27.0,GUNTNER-GACV-240,air_cooled,250.0,3,245.67352545818812
790.7191978280024,-34.46873323065495,25.56357740963275,R410A,blast_freezing,2.2214364424680886,7.514199984512225,1.19856200111807,4.409031264900837,1852.176071196408,1128.0890566911721,COPELAND-ZP91K5E,screw,91,80.0,27.0,GUNTNER-GACV-240,air_cooled,250.0,2,388.95352828430725
705.1211176648245,-38.473954738419884,44.85853513805482,R717,ice_making,1.466913645355031,22.84632318699842,1.168606733868468,0.6856042412891298,3639.052687716279,1178.3685694135638,BITZER-CSH9563-160,screw,1417,500.0,135.0,BAC-VXC-584,evaporative,565.0,4,175.174852288098
614.6444373346444,-16.233331323269933,31.161668345648984,R410A,hvac,3.1572838081654573,4.227032340292461,1.1571487418452724,3.5947622017712155,755.7541505668662,830.5467790790356,COPELAND-ZP91K5E,screw,91,80.0,27.0,GUNTNER-GACV-240,air_cooled,250.0,2,315.3828339022371
34.63676427330168,-18.80676583582108,40.52051280356829,R717,hvac,2.515102282642106,7.87334630289674,1.152359004891885,0.032018254134428915,70.03365563772302,48.00918751712783,BITZER-4DC-10.2Y,reciprocating,67,37.5,12.0,BAC-VXC-116,evaporative,105.0,4,8.587802530554072
542.986107974563,-11.070208274780207,42.78979588314365,R410A,ice_making,2.63012435608026,4.687825106687877,1.1158353058700101,3.422019701491243,601.235006605408,741.6866724621752,COPELAND-ZP91K5E,screw,91,80.0,27.0,GUNTNER-GACV-240,air_cooled,250.0,4,134.3430686166113
594.9364400247981,-21.88532832717487,41.59565176872075,R717,blast_freezing,2.278164349046652,9.301853212480365,1.1751246311841645,0.5588591553547457,1390.100467801642,855.0257134841268,BITZER-CSH9563-160,screw,1417,500.0,135.0,BAC-VXC-584,evaporative,565.0,2,297.1005859642448
105.20330584732642,-1.1244917235654697,29.220428527364188,R410A,hvac,5.6397897247615925,2.3976443626138972,1.1408863405098397,0.5943428699901313,75.11767995183055,129.2235882473146,COPELAND-ZP91K5E,screw,91,80.0,27.0,GUNTNER-GACV-120,air_cooled,125.0,2,54.88079407666752
307.90529537622257,-32.42123295196791,37.809218316454924,R717,cold_storage,1.9039313455332278,13.799664653724932,1.1485276939415003,0.289810205725837,1150.7933429140128,471.2819531317358,BITZER-CSH8561-90,screw,856,300.0,82.5,BAC-VXC-584,evaporative,565.0,3,102.99698080349197
392.38624687101446,7.237732049320783,35.37300411446406,R717,ice_making,6.6538814800991695,2.444034402385067,1.1028479808272833,0.35536502798242825,295.4773486345606,461.8640036465448,BITZER-CSH9563-160,screw,1417,500.0,135.0,BAC-VXC-584,evaporative,565.0,3,133.84008049505277
163.58142600968816,-26.85298471940351,36.8509775699388,R717,blast_freezing,2.2180252534074114,10.251501703950707,1.1526601298791495,0.14806319950372016,456.61524321339044,231.84407771837527,BITZER-S6H-25.2,screw,418,190.0,55.0,BAC-VXC-292,evaporative,250.0,4,39.94965691209284
72.11450365535366,-35.71901217069774,47.93314395712258,R717,process_cooling,1.4797142810681203,21.47757946415574,1.1052219986108058,0.07295818283091228,338.62562945096323,123.61709865448373,BITZER-6FE-35Y,screw,232,100.0,30.0,BAC-VXC-116,evaporative,105.0,4,18.441437755527986
153.46900804702565,-37.686525368724304,28.48778201723821,R410A,hvac,1.9146503588436796,9.337596194065155,1.1882048644806729,0.9110872355434384,437.3161064706658,235.69121526270044,COPELAND-ZP91K5E,screw,91,80.0,27.0,GUNTNER-GACV-240,air_cooled,250.0,3,51.60896554993784
271.9582004575949,-1.909386117580091,48.865761700943885,R717,cold_storage,3.25184952356565,4.941294516675384,1.100628975933839,0.2661563766328354,304.0223412750457,366.52559848116914,BITZER-CSH8561-90,screw,856,300.0,82.5,BAC-VXC-438,evaporative,425.0,2,140.16089776809355
412.2198108300804,-30.974252582657943,42.056062117383206,R410A,cold_storage,1.6365439587009083,9.824496957986401,1.1120615719915108,2.7665071633961644,1009.7057014683808,666.2755078326561,COPELAND-ZP91K5E,screw,91,80.0,27.0,GUNTNER-GACV-240,air_cooled,250.0,2,206.7837999771442
532.759318626307,-7.033993175186765,32.925600670408926,R410A,blast_freezing,3.9824267170585164,3.2027719412596656,1.1962550307371405,3.100960488631778,475.49931951294224,683.5057104559814,COPELAND-ZP91K5E,screw,91,80.0,27.0,GUNTNER-GACV-240,air_cooled,250.0,2,273.1612080979047
256.13023211952736,7.17903213241371,43.91392701205362,R717,blast_freezing,4.918919454270778,3.1057214520007825,1.1474806663193238,0.24549228121755767,204.52362397385536,321.37902497977194,BITZER-CSH8561-90,screw,856,300.0,82.5,BAC-VXC-438,evaporative,425.0,4,66.77052924866743
406.80986025795033,-7.608199622506696,28.192204642524864,R410A,process_cooling,4.577298280604113,2.891552665212492,1.1177769322809121,2.2148238334376535,346.18625355627654,496.60455086238267,COPELAND-ZP91K5E,screw,91,80.0,27.0,GUNTNER-GACV-240,air_cooled,250.0,2,203.78210402585344
649.371091960323,-30.722375423959,27.376827649329282,R410A,hvac,2.3413593490857174,6.729372663068266,1.1623142060639804,3.709886919029206,1340.573804789474,927.8300912562488,COPELAND-ZP91K5E,screw,91,80.0,27.0,GUNTNER-GACV-240,air_cooled,250.0,3,216.71655470802057
145.71092752373926,-6.341238680184858,42.759215062419706,R717,hvac,3.3348950109993165,4.983732564348083,1.1081992724365954,0.13338089732784178,179.1377175329482,186.94095831896414,BITZER-N320VLD,screw,320,150.0,42.5,BAC-VXC-292,evaporative,250.0,3,47.938759582985966
509.7430862316779,-38.14755951460438,32.40648357761965,R410A,hvac,1.7319984928258614,10.541194914931951,1.1327847624433518,3.135778079303207,1534.658967085196,806.4168486428835,COPELAND-ZP91K5E,screw,91,80.0,27.0,GUNTNER-GACV-240,air_cooled,250.0,4,127.81053595990049
112.74755238412855,-16.38534974127843,37.30082923942834,R717,hvac,2.8764509100420494,6.477173743266817,1.1855148822626527,0.10430645679558816,206.69729548925662,153.4949348073939,BITZER-N320VLD,screw,320,150.0,42.5,BAC-VXC-116,evaporative,105.0,3,37.96605496106436
461.43839961514425,-15.767190156174998,46.098837573027765,R717,hvac,2.414961022487201,8.029190739128952,1.1788476976538242,0.4529268386650372,875.4763694438534,672.1596714991915,BITZER-CSH9563-160,screw,1417,500.0,135.0,BAC-VXC-584,evaporative,565.0,2,237.6658762529745
683.2679117547991,9.249472798124586,26.55696383576938,R410A,ice_making,10.875439767478788,1.622805165651961,1.1217395102827525,3.529246606047281,322.3749814510567,741.6537104718699,COPELAND-ZP91K5E,screw,91,80.0,27.0,GUNTNER-GACV-240,air_cooled,250.0,4,169.80024349608533
61.0538617999128,-31.828450804211275,36.54672661677468,R410A,hvac,1.8278281053454943,8.901591695298844,1.1879901454933441,0.38216756755408193,144.30440512610363,93.99066250470187,COPELAND-ZP91K5E,screw,91,80.0,27.0,GUNTNER-GACV-120,air_cooled,125.0,2,30.37645291122588
376.0418650439871,-27.90843427138028,36.27844637797746,R717,ice_making,2.185932983043133,10.604715863695127,1.1955015922121959,0.3595311713362887,1162.0340317311186,566.1782903652283,BITZER-CSH9563-160,screw,1417,500.0,135.0,BAC-VXC-584,evaporative,565.0,3,129.48878771979795
551.9300308896145,9.352761125281141,31.208231629187345,R717,ice_making,8.842425401691553,2.0110905124551666,1.1399447447494782,0.4631493640698348,358.8874271691565,593.9887514882895,BITZER-CSH9563-160,screw,1417,500.0,135.0,BAC-VXC-584,evaporative,565.0,2,266.81945811732663
528.4362462835074,1.4929424397498963,40.76140074824241,R717,blast_freezing,4.468550957117931,3.4989836922233204,1.10161069113799,0.4732604065431869,479.1561765340267,635.5424627264789,BITZER-CSH9563-160,screw,1417,500.0,135.0,BAC-VXC-584,evaporative,565.0,4,129.83118848005688
611.9447025011738,-38.18123228665881,36.08409162962025,R717,process_cooling,1.717398828280036,17.649401753684963,1.1641510042139298,0.570223745755715,2983.286206462653,961.4218972070087,BITZER-CSH9563-160,screw,1417,500.0,135.0,BAC-VXC-584,evaporative,565.0,2,303.8098093225369
178.07799575468832,-32.01721579837499,25.359372718264822,R717,ice_making,2.4676690751840398,9.377928620692444,1.1850034866995993,0.1596343894249556,622.0890709510901,252.7848414577854,BITZER-S6H-25.2,screw,418,190.0,55.0,BAC-VXC-292,evaporative,250.0,2,89.94360799949906
540.3432789280225,-0.10198997496682694,34.751498847609426,R717,blast_freezing,5.0985196504215375,3.1345815211051233,1.1981604339428178,0.48159260477211885,515.7622571370761,647.9793854096343,BITZER-CSH9563-160,screw,1417,500.0,135.0,BAC-VXC-584,evaporative,565.0,2,270.8637357059867
702.6828353377233,-16.708623595571357,45.45272985510205,R717,process_cooling,2.3913036747614944,8.217480915589029,1.1142468528600111,0.6837122017445737,1372.6862642667918,1019.4645626140478,BITZER-CSH9563-160,screw,1417,500.0,135.0,BAC-VXC-584,evaporative,565.0,3,239.6177191887269
575.3370792601371,-20.666912446057793,30.719983331449747,R410A,blast_freezing,2.81539760028882,4.927393064869215,1.1076902422631392,3.283550207325721,809.6326723881225,775.5309502444625,COPELAND-ZP91K5E,screw,91,80.0,27.0,GUNTNER-GACV-240,air_cooled,250.0,3,190.75582722166675
351.21773726936146,4.006961562996196,32.481610842784605,R717,cold_storage,6.494781109650507,2.523069057198525,1.1189575042782658,0.31337527862851894,290.7859777184508,412.417932523388,BITZER-CSH8561-90,screw,856,300.0,82.5,BAC-VXC-438,evaporative,425.0,4,89.34764599012163
295.15883186436105,8.360799025578089,32.60844041574813,R717,process_cooling,7.869915925868895,2.1690611771926833,1.1433513867884444,0.2571871114011675,205.9620190634072,331.73348212941926,BITZER-CSH8561-90,screw,856,300.0,82.5,BAC-VXC-438,evaporative,425.0,3,98.11121232615727
788.0988929749378,-11.513888959793011,25.750740959007782,R410A,ice_making,4.334330900123422,3.102148265211265,1.1943395641364178,4.1270701531576774,736.1997039799487,947.5188967063161,COPELAND-ZP91K5E,screw,91,80.0,27.0,GUNTNER-GACV-240,air_cooled,250.0,2,384.94616375879656
715.0718898791689,-34.58712726504089,38.80117773145488,R717,process_cooling,1.7774197301575787,15.822934080784602,1.1148388252738217,0.6767310215860598,2975.5331050202576,1118.7842711126164,BITZER-CSH9563-160,screw,1417,500.0,135.0,BAC-VXC-584,evaporative,565.0,4,178.99250297619838
653.310683500296,-23.893096664083405,44.010807354424166,R717,cold_storage,2.070234987436746,10.885797244822118,1.1364760083053924,0.6080247305769672,1647.7838232207075,945.394796088035,BITZER-CSH9563-160,screw,1417,500.0,135.0,BAC-VXC-584,evaporative,565.0,4,159.36804445024592
633.0820226373148,6.202332676876388,42.77673753660177,R717,hvac,4.928354296003804,3.117428444630334,1.101473226402567,0.5765805811760025,496.43597645042894,757.7587233916034,BITZER-CSH9563-160,screw,1417,500.0,135.0,BAC-VXC-584,evaporative,565.0,4,157.48482940192727
616.1980009060326,5.679432508911724,28.818716753263637,R410A,blast_freezing,7.808421784743992,1.9172224162969889,1.1606497733902263,3.250770472581367,331.42332016962763,687.94930117226,COPELAND-ZP91K5E,screw,91,80.0,27.0,GUNTNER-GACV-240,air_cooled,250.0,2,304.9239944082109
120.09541652462696,-2.144244426644903,47.16458912331488,R410A,process_cooling,2.9644490303256417,3.85042704255057,1.1163394086559348,0.7816079813112655,102.08807697831288,159.1351977916225,COPELAND-ZP91K5E,screw,91,80.0,27.0,GUNTNER-GACV-180,air_cooled,185.0,2,59.497319700097755
353.54308192933047,-17.93526738478256,44.40429355176322,R717,blast_freezing,2.3707308015026296,8.425848340918302,1.1517175616933024,0.3309352933899449,698.4168825598109,496.36553529096,BITZER-CSH9563-160,screw,1417,500.0,135.0,BAC-VXC-584,evaporative,565.0,4,87.27699812115219
61.35070235128767,9.677675277377432,34.6940362407706,R717,blast_freezing,7.637724790859454,2.201018881977101,1.1101982380035238,0.055383758912936704,42.457742026981364,71.13240135191371,BITZER-4NES-20Y,screw,134,50.0,15.0,BAC-VXC-116,evaporative,105.0,2,31.448657973786787
704.276581000372,-8.644095143638832,36.52569862005293,R410A,ice_making,3.381169136424494,3.7018609234586726,1.1992810039314745,4.158973875287823,673.0337096473035,912.2336711981699,COPELAND-ZP91K5E,screw,91,80.0,27.0,GUNTNER-GACV-240,air_cooled,250.0,3,234.67224069020062
656.5305822357852,-8.159011474305032,44.31347907864013,R717,process_cooling,3.055081205501112,5.587253189129822,1.1763147369543254,0.6255307326867964,899.2934051672572,886.9762334159678,BITZER-CSH9563-160,screw,1417,500.0,135.0,BAC-VXC-584,evaporative,565.0,2,334.1220906697509
167.0913537180442,-2.315954025133891,25.86743480862843,R410A,process_cooling,6.15166337151489,2.2822573076929022,1.1490929564252148,0.8882352953219308,116.66131081745364,196.06795815347982,COPELAND-ZP91K5E,screw,91,80.0,27.0,GUNTNER-GACV-240,air_cooled,250.0,2,84.32612203928346
384.60240034379825,-29.010093629722714,27.519157823291245,R717,ice_making,2.5510087847319696,8.646428345294735,1.114210608254323,0.34394635863672174,1168.032411847357,536.7593206114277,BITZER-CSH9563-160,screw,1417,500.0,135.0,BAC-VXC-584,evaporative,565.0,2,192.8012327164475
679.9828378168379,-6.935326704347247,31.321865009454857,R717,process_cooling,4.467938844862496,3.690687369810918,1.1048481449640768,0.6038320073483637,829.1311835688977,837.4680887567645,BITZER-CSH9563-160,screw,1417,500.0,135.0,BAC-VXC-584,evaporative,565.0,2,342.1541746580375
506.1960454988381,0.39287832465630856,28.7069206456699,R717,cold_storage,6.453797081557375,2.57660007940526,1.1441515601101113,0.4306663455072419,453.22200705978213,574.2943690211468,BITZER-CSH9563-160,screw,1417,500.0,135.0,BAC-VXC-584,evaporative,565.0,2,248.6235728038569
413.63247111543177,-8.818537342686724,31.323905500233565,R717,hvac,4.195163845077628,3.979204345200809,1.1847165517218,0.3604229032390396,531.2468599887378,504.7625324314069,BITZER-CSH9563-160,screw,1417,500.0,135.0,BAC-VXC-584,evaporative,565.0,2,203.8012264437466
772.1204011889281,-2.943018399071889,45.14151051305786,R717,blast_freezing,3.4619950867672955,4.657434522616366,1.1267681595436247,0.7056202839048984,836.6160610198459,973.6160551032705,BITZER-CSH9563-160,screw,1417,500.0,135.0,BAC-VXC-584,evaporative,565.0,3,251.8046997378258
672.9683407635267,-33.309903993819546,35.307113426696844,R717,blast_freezing,1.953877259827986,13.437325743195052,1.1204788892361421,0.6276358075403619,2598.028785063469,1021.9253080279332,BITZER-CSH9563-160,screw,1417,500.0,135.0,BAC-VXC-584,evaporative,565.0,2,337.98232711855536
168.40997210227974,-7.704187351995735,43.928372457783986,R717,hvac,3.12132958948175,5.429923984622496,1.103096845815675,0.16107230468647474,227.6341536633601,227.72544328556808,BITZER-S6H-25.2,screw,418,190.0,55.0,BAC-VXC-292,evaporative,250.0,4,43.117527303517264
658.5074448692388,-28.85667829277964,49.42707447414431,R410A,cold_storage,1.4352239986375135,10.709073362956502,1.1319099992157897,4.665837814983244,1566.9138636861824,1081.5310056205249,COPELAND-ZP91K5E,screw,91,80.0,27.0,GUNTNER-GACV-240,air_cooled,250.0,4,159.35282087044203
94.84625295907318,-29.43501144474596,47.921572429665616,R410A,ice_making,1.470603922214963,10.589491971376718,1.1776786188289918,0.6965503789917651,239.26415612868882,162.9449226616277,COPELAND-ZP91K5E,screw,91,80.0,27.0,GUNTNER-GACV-180,air_cooled,185.0,4,24.24786104083116
40.15233700948982,1.557725023903025,41.73763357120501,R717,cold_storage,4.351535933345123,3.58561419170571,1.1846994895953684,0.036552952452253595,36.92450846757642,49.115807583934966,BITZER-4EC-6.2Y,reciprocating,103,50.0,15.0,BAC-VXC-116,evaporative,105.0,4,9.984479421366824
438.4726143816649,-4.328017763576931,42.845772178206616,R717,cold_storage,3.5253632839710876,4.617451109182749,1.1581209079894008,0.3996189027180235,498.30258300033137,554.151130673768,BITZER-CSH9563-160,screw,1417,500.0,135.0,BAC-VXC-584,evaporative,565.0,4,107.9241558776062
43.85383769471188,-5.043877984669308,44.40230499408297,R717,process_cooling,3.322195125582515,4.952076771570581,1.1862593525097143,0.03960361021379451,50.6978787685742,55.21903533298597,BITZER-4NES-20Y,screw,134,50.0,15.0,BAC-VXC-116,evaporative,105.0,3,14.14778098415835
751.6717096697795,8.287203594156637,35.11554229114449,R717,hvac,7.038789287334003,2.3382567627720197,1.1669497614495654,0.6803204610290934,546.1556556542881,879.6991932830772,BITZER-CSH9563-160,screw,1417,500.0,135.0,BAC-VXC-584,evaporative,565.0,4,192.56684795537222
433.2654038926619,-5.716645097681045,28.588376385331433,R410A,cold_storage,4.835112961434936,2.7415233776160584,1.1696943106833797,2.3033899155641233,338.1046284047302,511.6790707137236,COPELAND-ZP91K5E,screw,91,80.0,27.0,GUNTNER-GACV-240,air_cooled,250.0,2,211.9947054370744
47.32903952496094,6.046442011672575,43.366482552940305,R717,blast_freezing,4.812423262763082,3.185404998743702,1.1123257670082187,0.043403261239512526,37.567895547295564,57.11226445999352,BITZER-4NES-20Y,screw,134,50.0,15.0,BAC-VXC-116,evaporative,105.0,4,11.821592202220916
576.7945246421668,-1.990267856590961,32.9127584657402,R410A,hvac,4.74502642973458,2.7101590167271006,1.138082321293188,3.3003280310313614,428.92517537730447,711.5322710146288,COPELAND-ZP91K5E,screw,91,80.0,27.0,GUNTNER-GACV-240,air_cooled,250.0,2,293.8402001163173
40.530627906659454,9.281857778722191,41.28278687821752,R410A,process_cooling,5.2857776440506905,2.3492401933256604,1.1297614653899979,0.24402521128593901,22.268178434040625,48.42286450360767,COPELAND-ZP61K5E,screw,61,55.0,18.5,GUNTNER-GACV-060,air_cooled,65.0,3,13.573101539595868
548.8636668457343,-31.243764402711108,42.08834253010721,R717,blast_freezing,1.8087877929492073,14.659191994881658,1.1417462560757505,0.5172021310494973,1944.712288078461,840.883943147487,BITZER-CSH9563-160,screw,1417,500.0,135.0,BAC-VXC-584,evaporative,565.0,4,135.37696007778064
710.8860242078443,7.868144917443729,48.48375939878147,R410A,process_cooling,3.849930202886224,2.9051431702911614,1.1530121172291319,4.472571072060369,426.1933491011874,861.9228802501543,COPELAND-ZP91K5E,screw,91,80.0,27.0,GUNTNER-GACV-240,air_cooled,250.0,3,228.06808829667887
483.912288019825,-2.1061336448611527,36.93797552177558,R410A,cold_storage,4.1089283037430215,3.0085192111134655,1.1411823151240124,2.8647657364960604,373.71450554622834,609.0922363434356,COPELAND-ZP91K5E,screw,91,80.0,27.0,GUNTNER-GACV-240,air_cooled,250.0,2,244.93555014934134
484.2975941049132,-9.984073737096512,26.120260392915227,R717,process_cooling,4.719562419831944,3.568342053617587,1.125292033366857,0.412573852033773,635.7234990820842,577.1818413534742,BITZER-CSH9563-160,screw,1417,500.0,135.0,BAC-VXC-584,evaporative,565.0,4,119.06705128420032
564.3035490662896,6.5809722889023305,39.892692953729465,R410A,hvac,5.031828727890205,2.4633653154057478,1.1474737583406973,3.2680136152199797,324.0079883250899,660.4608686405543,COPELAND-ZP91K5E,screw,91,80.0,27.0,GUNTNER-GACV-240,air_cooled,250.0,4,137.74122751141522
171.34584353074771,-33.338476765915644,41.23291414720389,R717,process_cooling,1.7508932666632637,15.891699605128643,1.1275372081351778,0.1624230427141776,673.2352235739207,267.43541450547434,BITZER-S6H-25.2,screw,418,190.0,55.0,BAC-VXC-292,evaporative,250.0,2,85.10887576036451
776.5891471024094,-35.53034651665703,35.3815866184682,R717,blast_freezing,1.8507850452974204,15.072631766738873,1.1071642521484653,0.7420876049237505,3413.239627969202,1226.6984419435043,BITZER-CSH9563-160,screw,1417,500.0,135.0,BAC-VXC-584,evaporative,565.0,2,398.1982323051332
258.35463403588176,-20.025853924728104,36.67851238946028,R410A,hvac,2.4452606638015006,5.58889450861925,1.1585521839271222,1.5849027713345274,381.7657422255955,366.7576352351665,COPELAND-ZP91K5E,screw,91,80.0,27.0,GUNTNER-GACV-240,air_cooled,250.0,3,86.76827929761178
275.67236512422136,-13.87120568847197,36.005990526942185,R717,process_cooling,3.1788623123012356,5.61048104154386,1.1111992668273862,0.25450724589266666,456.16077147246585,368.5796689981199,BITZER-CSH8561-90,screw,856,300.0,82.5,BAC-VXC-438,evaporative,425.0,3,93.45956955872758
318.58813482806994,7.7796421293999956,39.383161690674925,R717,hvac,5.851558749961188,2.6853594458119643,1.1899517489719833,0.28230138953553674,230.50248736353086,367.1945456761759,BITZER-CSH8561-90,screw,856,300.0,82.5,BAC-VXC-438,evaporative,425.0,3,104.53389927275657
85.49140399750746,-27.74169716844483,30.706697065441034,R410A,process_cooling,2.329310584681675,6.494446198209455,1.1338542522866693,0.49528428206112185,159.2898520129347,121.0894483067703,COPELAND-ZP91K5E,screw,91,80.0,27.0,GUNTNER-GACV-120,air_cooled,125.0,4,21.17968018153469
261.75684221010255,-17.98468949100417,47.98622339187535,R410A,hvac,1.9163381832938622,6.791549723513693,1.1273369228287877,1.7661031473580768,395.19333278021173,388.01156701019534,COPELAND-ZP91K5E,screw,91,80.0,27.0,GUNTNER-GACV-240,air_cooled,250.0,2,127.48202277787722
270.5874040435969,-1.1189196762888827,41.5678135316038,R410A,cold_storage,3.642794112108404,3.2623863457669176,1.1643596744531255,1.657744915827524,209.48117699042882,344.4686543473967,COPELAND-ZP91K5E,screw,91,80.0,27.0,GUNTNER-GACV-240,air_cooled,250.0,4,67.56859961709318
321.99462625241114,-13.21146611929877,49.26392509833302,R410A,cold_storage,2.0812443215699665,5.8846197856422595,1.1433703726946025,2.189193348721133,414.03829529285883,466.4699816733345,COPELAND-ZP91K5E,screw,91,80.0,27.0,GUNTNER-GACV-240,air_cooled,250.0,2,157.53992530618424
392.39102793108833,7.875729461967751,44.78391692784461,R410A,blast_freezing,4.393702901321661,2.663534766948151,1.130009427589049,2.38131435913842,226.8636785018076,467.73872305856275,COPELAND-ZP91K5E,screw,91,80.0,27.0,GUNTNER-GACV-240,air_cooled,250.0,3,127.00643832021954
63.98846233576774,-18.88495081602954,28.296009966390535,R717,cold_storage,3.3280187965671755,5.553351267241894,1.138401510820094,0.05706843806437093,125.22895584716984,84.0169214163726,BITZER-4NES-20Y,screw,134,50.0,15.0,BAC-VXC-116,evaporative,105.0,2,32.30229659875455
747.6580974846182,-1.3008993947927792,42.767401918183936,R410A,hvac,3.4854794404692897,3.377321812103801,1.1038270734979496,4.558933264349192,579.47267114132,943.2571986733801,COPELAND-ZP91K5E,screw,91,80.0,27.0,GUNTNER-GACV-240,air_cooled,250.0,4,183.24148046405654
613.1575265009965,5.798498300546505,41.53039907338889,R410A,hvac,4.598129465374784,2.624573926818898,1.1790298855675205,3.589330532209002,364.59094972191923,722.7259311068677,COPELAND-ZP91K5E,screw,91,80.0,27.0,GUNTNER-GACV-240,air_cooled,250.0,4,148.40615154433704
747.0343207795523,-16.827104492038938,43.59072190375734,R410A,ice_making,2.21412519958666,5.869315552905273,1.1904159089189512,5.005514020330509,1074.7397723953918,1112.8396352951877,COPELAND-ZP91K5E,screw,91,80.0,27.0,GUNTNER-GACV-240,air_cooled,250.0,2,383.30278483283297
291.7137654219834,-4.2144865737673385,31.91054817671178,R717,ice_making,4.821613146591604,3.375512070744676,1.1479275277167214,0.24484480545652942,304.04273088537184,335.171485610545,BITZER-CSH8561-90,screw,856,300.0,82.5,BAC-VXC-438,evaporative,425.0,2,138.79892056453508
241.17051086919633,-0.5958930993238454,43.532717786554144,R410A,process_cooling,3.4759281224606733,3.362515102943765,1.1190464758533296,1.4747927767794244,183.2590639702272,303.11229524605744,COPELAND-ZP91K5E,screw,91,80.0,27.0,GUNTNER-GACV-240,air_cooled,250.0,2,117.69587474185707
367.42826112522505,-6.643509776979812,32.81259146503239,R410A,blast_freezing,4.049243388591687,3.151903005136456,1.1492787958758228,2.122004122032405,321.1891677342137,467.0887340965184,COPELAND-ZP91K5E,screw,91,80.0,27.0,GUNTNER-GACV-240,air_cooled,250.0,2,187.29102786957517
101.52244496427826,-38.70832015865238,34.76408444747282,R717,cold_storage,1.7371338352034953,17.474457241325396,1.1711391562639704,0.09639003373157685,517.5782774993213,162.684966677426,BITZER-6FE-35Y,screw,232,100.0,30.0,BAC-VXC-292,evaporative,250.0,3,34.4162394082445
735.3055690792247,-37.348529079620484,36.96587423396441,R410A,ice_making,1.591091392460087,11.40528865834638,1.1735434755390295,4.79120606958223,2267.3645237617343,1213.212497691471,COPELAND-ZP91K5E,screw,91,80.0,27.0,GUNTNER-GACV-240,air_cooled,250.0,4,186.24699691402697
94.04311665679707,-32.076093608337764,38.882910032849054,R717,cold_storage,1.881523938883599,13.979634629055607,1.1711822962858076,0.08764100285878658,342.46827025120376,142.47062027001232,BITZER-6FE-35Y,screw,232,100.0,30.0,BAC-VXC-116,evaporative,105.0,2,46.51390866623851
604.200165345022,-39.0817458211855,41.668877304398244,R717,ice_making,1.5269505787054025,21.637264676503595,1.1218586046881167,0.5764555717129097,3153.1638891327684,989.0913689312418,BITZER-CSH9563-160,screw,1417,500.0,135.0,BAC-VXC-584,evaporative,565.0,4,149.41859675742316
406.90417562834324,-36.34562584884821,36.65173198132893,R717,hvac,1.7740148472204988,16.298531136317724,1.1655282264877607,0.38499386184820816,1841.693829021035,641.5785905875748,BITZER-CSH9563-160,screw,1417,500.0,135.0,BAC-VXC-584,evaporative,565.0,4,102.57424780022181
554.9980298779419,-11.204646228582213,46.774600929792896,R410A,process_cooling,2.3451482523560205,5.175091892764579,1.122751072445039,3.792527631798743,669.4002901645006,808.9104610930123,COPELAND-ZP91K5E,screw,91,80.0,27.0,GUNTNER-GACV-240,air_cooled,250.0,4,141.77360844984182
675.9189967371883,-0.8194266009569304,49.5907456091186,R717,ice_making,3.292703440339948,4.832315166241712,1.1593547808163778,0.6558749865143492,720.5413929388495,898.5540601723312,BITZER-CSH9563-160,screw,1417,500.0,135.0,BAC-VXC-584,evaporative,565.0,2,344.6164039026372
575.4256102142169,-37.05635838058088,26.326211568236015,R410A,process_cooling,2.0440450454152383,8.58091727656738,1.1392819986794251,3.2645033719603007,1526.1054804426976,845.3024200079062,COPELAND-ZP91K5E,screw,91,80.0,27.0,GUNTNER-GACV-240,air_cooled,250.0,2,283.80595518733156
131.5453876519767,-4.654306948537844,48.97474878351238,R410A,hvac,2.618515623365585,4.359883938664316,1.1481779992338963,0.8639530147704303,122.45764750867907,176.51759775059503,COPELAND-ZP91K5E,screw,91,80.0,27.0,GUNTNER-GACV-180,air_cooled,185.0,4,31.9339568775296
440.1407310400842,-35.89596457405146,47.76015238152776,R410A,cold_storage,1.2791243372949495,13.860696812521073,1.1931072110171916,3.2685635361302023,1456.0413617046645,794.3168906095931,COPELAND-ZP91K5E,screw,91,80.0,27.0,GUNTNER-GACV-240,air_cooled,250.0,3,148.59947885497812
445.976936910122,6.6112779828719255,43.52077383637046,R410A,blast_freezing,4.4012612198805074,2.6854312715739392,1.1804037855049798,2.830789995107935,280.39665616810674,562.703336344596,COPELAND-ZP91K5E,screw,91,80.0,27.0,GUNTNER-GACV-240,air_cooled,250.0,2,229.26167349906828
577.2196110759105,-2.927901736473146,44.62641474760865,R410A,cold_storage,3.132267595851629,3.721151286669985,1.1471950193975102,3.7430312744690117,501.46473674189264,774.0347141070687,COPELAND-ZP91K5E,screw,91,80.0,27.0,GUNTNER-GACV-240,air_cooled,250.0,2,293.35997691627995
40.55448399256724,-39.271478654413684,42.95605480375731,R717,process_cooling,1.4879687146340703,22.63849898504062,1.1855028620450598,0.03985295364843515,220.0573290975155,68.64605069553768,BITZER-4NES-20Y,screw,134,50.0,15.0,BAC-VXC-116,evaporative,105.0,3,13.684949120319843
517.3085884662296,-6.444213237245528,25.282824830786176,R717,cold_storage,5.54083547933246,3.0181398616067048,1.1448034946133114,0.44282248603897684,597.0163124787176,607.8668277832479,BITZER-CSH9563-160,screw,1417,500.0,135.0,BAC-VXC-584,evaporative,565.0,4,128.73317547632433
268.57381814589576,-21.671123977320832,45.511800148273586,R717,hvac,2.1194889457409416,10.243186951653662,1.12453709125461,0.2558649731909723,630.6972583224326,393.22229050250223,BITZER-CSH8561-90,screw,856,300.0,82.5,BAC-VXC-438,evaporative,425.0,4,66.79221440076543
612.5692940262945,-16.80463711309803,31.98454631332401,R717,cold_storage,3.2253934606148222,5.6595947730442795,1.1778287589250658,0.5549739418786701,1118.5588995563828,812.2326797446738,BITZER-CSH9563-160,screw,1417,500.0,135.0,BAC-VXC-584,evaporative,565.0,2,310.0030799693776
717.6833718432226,2.322217367339505,25.508473293814237,R410A,process_cooling,7.762076270666298,1.949850001148504,1.1350150473486356,3.794987003127555,429.7683367067381,822.7901756320916,COPELAND-ZP91K5E,screw,91,80.0,27.0,GUNTNER-GACV-240,air_cooled,250.0,3,242.9622044184572
756.6913718162718,-11.49407327951609,48.68824758056982,R410A,process_cooling,2.2075265897408722,5.465772202130522,1.1078330871902098,5.288309219643082,942.7049828320072,1119.8885563569174,COPELAND-ZP91K5E,screw,91,80.0,27.0,GUNTNER-GACV-240,air_cooled,250.0,2,385.3722949034283
339.9633590603307,6.251791475843142,26.909323250750052,R410A,ice_making,8.892722466957691,1.7923615589442154,1.1246972433111577,1.8113670751385897,181.4259794492369,384.8375740344521,COPELAND-ZP91K5E,screw,91,80.0,27.0,GUNTNER-GACV-240,air_cooled,250.0,2,172.96824772837843
505.1118857187003,-30.65956087481947,41.24040185781094,R717,process_cooling,1.8618896052363392,13.917118320808562,1.1806555859627426,0.47971962427143255,1756.0045573364775,775.7585455943374,BITZER-CSH9563-160,screw,1417,500.0,135.0,BAC-VXC-584,evaporative,565.0,2,252.346695968393
106.05030621977185,-38.540941171615174,43.76867822431194,R410A,process_cooling,1.3257632473240264,14.180679757770886,1.1733521968798442,0.7307074321170012,363.606427855093,182.7664500380817,COPELAND-ZP91K5E,screw,91,80.0,27.0,GUNTNER-GACV-180,air_cooled,185.0,3,34.72767381964647
220.15428281705107,-16.099427799400164,47.43972805349347,R410A,cold_storage,2.035711693684373,6.257685351830213,1.1342652263667938,1.4746302679228258,308.5579028982977,321.5511264147035,COPELAND-ZP91K5E,screw,91,80.0,27.0,GUNTNER-GACV-240,air_cooled,250.0,4,53.90707799439765
417.7097237646164,-36.01801070988168,41.53047624339281,R717,ice_making,1.6390816469490384,18.362821758364905,1.1585859909866636,0.3982512860549708,1875.2213697255663,668.3787490282583,BITZER-CSH9563-160,screw,1417,500.0,135.0,BAC-VXC-584,evaporative,565.0,3,138.37229350968627
654.3030464768422,-14.518986391714758,44.24012709609581,R410A,blast_freezing,2.3078608513283707,5.4821178892959,1.102737058711628,4.41102392657761,873.0952273572112,966.8620306725304,COPELAND-ZP91K5E,screw,91,80.0,27.0,GUNTNER-GACV-240,air_cooled,250.0,3,224.856599628821
300.13117638326526,4.290138636446741,29.689294067110218,R717,cold_storage,7.3774171659267065,2.299877656180111,1.1189574824788158,0.2559808172540123,235.2308424271099,335.50708116306805,BITZER-CSH8561-90,screw,856,300.0,82.5,BAC-VXC-438,evaporative,425.0,3,98.4860309901407
488.4033821839768,-28.820093343606736,30.507771066142773,R717,process_cooling,2.404314835955388,9.369631234686564,1.1612753508260638,0.43964188890033906,1480.2763940125046,689.135274774821,BITZER-CSH9563-160,screw,1417,500.0,135.0,BAC-VXC-584,evaporative,565.0,2,243.35266345251273
263.47691869475653,4.405453678986163,35.58261658149261,R717,ice_making,5.875898127353359,2.7201586178779955,1.1243511455698962,0.23336693674812445,213.6040221845436,307.4529773842028,BITZER-CSH8561-90,screw,856,300.0,82.5,BAC-VXC-438,evaporative,425.0,2,131.36919283855258
320.1356880681596,-31.12978208942115,29.45616405832612,R717,blast_freezing,2.3156754407154314,10.161481511723892,1.1506034979603172,0.28184804956322146,1054.2188122227471,447.39354735498466,BITZER-CSH8561-90,screw,856,300.0,82.5,BAC-VXC-584,evaporative,565.0,3,104.15356473299754
422.7417971825315,-3.5005766293789478,34.5001118582054,R410A,process_cooling,4.2558789216164,2.9630356514212703,1.1039062777683957,2.4017056598120328,327.81540186157724,518.3798710772563,COPELAND-ZP91K5E,screw,91,80.0,27.0,GUNTNER-GACV-240,air_cooled,250.0,4,104.93782294120258
313.6663417322861,7.1282022748252345,30.05820974673,R410A,ice_making,7.900158785057871,1.8945249514860063,1.1039365778007009,1.684966951131906,164.2588167842558,352.9658356613213,COPELAND-ZP91K5E,screw,91,80.0,27.0,GUNTNER-GACV-240,air_cooled,250.0,4,78.32686513712994
506.0055688080921,-25.557712839986454,37.53958925380178,R717,process_cooling,2.2586733738239677,9.835871890281801,1.1847216940458207,0.47393422265071794,1380.6287376581893,736.9659063712113,BITZER-CSH9563-160,screw,1417,500.0,135.0,BAC-VXC-584,evaporative,565.0,3,170.27023773004274
142.9664948921265,-34.616884664393886,34.685093752419476,R410A,process_cooling,1.7868288410856012,9.566399948695766,1.1111523245346058,0.8930751287943838,377.44794303547684,224.06148088987464,COPELAND-ZP91K5E,screw,91,80.0,27.0,GUNTNER-GACV-240,air_cooled,250.0,2,71.83066113138463
318.29361072295956,-15.11175237827224,29.5856011365833,R717,blast_freezing,3.606077575703737,4.903340736549669,1.1452389691902392,0.27423572188691187,516.3484685899513,396.1827825414499,BITZER-CSH8561-90,screw,856,300.0,82.5,BAC-VXC-438,evaporative,425.0,4,77.5424330420854
592.0166413668592,-8.5679715829128,29.265582311216228,R410A,blast_freezing,4.2668136484395065,3.072044769636203,1.1645434487177528,3.266367472793111,527.2348924124049,733.1336911616954,COPELAND-ZP91K5E,screw,91,80.0,27.0,GUNTNER-GACV-240,air_cooled,250.0,2,296.9674881611188
144.02831861551797,-20.973682709856014,44.88627527466621,R717,hvac,2.1813575910284415,9.762200055057935,1.1828563427278798,0.13966488135338012,334.3030979741957,213.5245463630186,BITZER-S6H-25.2,screw,418,190.0,55.0,BAC-VXC-292,evaporative,250.0,2,73.2035580334281
146.06825603281843,-33.69484132930652,49.21512136237966,R410A,blast_freezing,1.2959367254509375,13.038655836510369,1.1012199188895062,1.0855910331299874,441.8977923519836,259.0199304394087,COPELAND-ZP91K5E,screw,91,80.0,27.0,GUNTNER-GACV-240,air_cooled,250.0,4,36.55081570401819
116.02490107439272,-38.843115405119555,28.918905693469156,R717,process_cooling,1.9295042375476799,14.825211786503115,1.103824154703827,0.10707635718803019,578.8088475668419,178.6894588113602,BITZER-N320VLD,screw,320,150.0,42.5,BAC-VXC-292,evaporative,250.0,4,29.423243663767657
630.3588926370626,-15.960608345123422,35.02212591364477,R717,ice_making,3.06919962904728,5.960608452522511,1.1742527396557723,0.5888590790874866,1147.105035877591,861.621866895313,BITZER-CSH9563-160,screw,1417,500.0,135.0,BAC-VXC-584,evaporative,565.0,3,216.62650769428032
319.88821388849925,-29.741431331255207,44.692017149422796,R717,blast_freezing,1.7858872161313868,14.617129423704638,1.1349459225998348,0.30742209887141514,1079.1469897106942,497.0198236318598,BITZER-CSH8561-90,screw,856,300.0,82.5,BAC-VXC-584,evaporative,565.0,3,106.20450869275886
673.8490463483552,-32.62238217025705,47.978868084553035,R410A,process_cooling,1.3675935645080535,12.106825852519549,1.1425511587945192,5.151257572858382,2007.963876252169,1227.0240741561965,COPELAND-ZP91K5E,screw,91,80.0,27.0,GUNTNER-GACV-240,air_cooled,250.0,4,177.19154297299565
138.49817230367123,-34.27925320891824,39.69207475652779,R717,ice_making,1.7615676126535922,15.96929596165483,1.1221010652772239,0.13046575054970608,565.3243136021484,215.59273369111105,BITZER-N320VLD,screw,320,150.0,42.5,BAC-VXC-292,evaporative,250.0,4,34.38094141290824
91.09465990094932,-11.815340452658216,25.155268989711125,R717,hvac,4.559593715605103,3.73426006420592,1.194444184240324,0.07786333922043093,128.75592142242783,109.8093411500267,BITZER-6FE-35Y,screw,232,100.0,30.0,BAC-VXC-116,evaporative,105.0,3,30.01933878831433
732.0937290869689,-33.08873470464736,49.39441951052224,R410A,blast_freezing,1.307566775513257,12.759572959357152,1.1839439642962388,5.593057878260547,2221.5263270460405,1328.828455367325,COPELAND-ZP91K5E,screw,91,80.0,27.0,GUNTNER-GACV-240,air_cooled,250.0,4,188.24286658058327
274.77599377138426,-31.453586263687637,40.79578691331048,R410A,process_cooling,1.6677421660150702,9.723074449015796,1.1145631055215346,1.7888059630177495,665.4222557287395,433.6582166302971,COPELAND-ZP91K5E,screw,91,80.0,27.0,GUNTNER-GACV-240,air_cooled,250.0,2,135.55097316499038
753.1109905705172,-29.92987145807469,43.98565553347044,R410A,cold_storage,1.6005294217753274,9.852527895302082,1.1017325974972507,5.1879397136834955,1816.9833066001472,1234.3672239803257,COPELAND-ZP91K5E,screw,91,80.0,27.0,GUNTNER-GACV-240,air_cooled,250.0,3,253.23575047357312
649.1323896149453,9.216391133412841,42.04745150181628,R717,cold_storage,5.630246111214338,2.748837113097913,1.1924391586612386,0.5952860327588477,463.3647528972929,770.5895021811808,BITZER-CSH9563-160,screw,1417,500.0,135.0,BAC-VXC-584,evaporative,565.0,2,327.18306946856035
573.4079834596561,-32.80287600176167,44.743331585733195,R717,ice_making,1.665583058820454,17.020042037453074,1.1141680344194598,0.5339812105948709,2158.459465478023,881.4803742921924,BITZER-CSH9563-160,screw,1417,500.0,135.0,BAC-VXC-584,evaporative,565.0,4,137.69771431859562
593.2291666729974,-5.2297006985534225,42.02513481005211,R410A,ice_making,3.169625973459893,3.7729246994285472,1.139050411131472,3.6206635735135255,522.9957226714473,765.4601308808977,COPELAND-ZP91K5E,screw,91,80.0,27.0,GUNTNER-GACV-240,air_cooled,250.0,3,193.96002806416868
255.88544350403455,-19.528677199693465,27.100760177146793,R717,blast_freezing,3.3656355583939526,5.510502979855286,1.1617330030905655,0.22975035824775744,517.755344490387,338.8063932538896,BITZER-CSH8561-90,screw,856,300.0,82.5,BAC-VXC-438,evaporative,425.0,4,65.29970432105844
94.8445193432492,-2.6181233448517816,48.110293772263425,R410A,hvac,2.8420505876086017,3.997214152046234,1.1249394915500046,0.6582045890995963,87.29943428855239,133.7038987920156,COPELAND-ZP91K5E,screw,91,80.0,27.0,GUNTNER-GACV-120,air_cooled,125.0,4,24.725939668322223
623.0258116707301,-39.6990350693749,46.90089360369803,R410A,hvac,1.2016315265323603,16.082683106128343,1.1075282900776389,4.559949384192329,2383.7294871959602,1137.1320965848736,COPELAND-ZP91K5E,screw,91,80.0,27.0,GUNTNER-GACV-240,air_cooled,250.0,3,206.87896841066313
34.598850436045325,-32.227036997128174,47.4400617017351,R717,process_cooling,1.609971149420304,17.769945240538863,1.171861469441295,0.03309896121651013,130.24862391979173,54.67453345465708,BITZER-4DC-10.2Y,reciprocating,67,37.5,12.0,BAC-VXC-116,evaporative,105.0,2,16.863102392829912
528.9992475358023,0.7176992242952309,31.951202670433744,R717,cold_storage,5.789741545981233,2.8027773382925214,1.1128775892661706,0.4604904602719599,479.09069556864085,615.2823425094933,BITZER-CSH9563-160,screw,1417,500.0,135.0,BAC-VXC-584,evaporative,565.0,4,131.16573424817497
243.04342548005974,7.634398229874577,29.630969276523693,R410A,process_cooling,8.290172084412907,1.8453795195744693,1.1997746961529971,1.3010696129196222,124.873383380026,272.3816971371286,COPELAND-ZP91K5E,screw,91,80.0,27.0,GUNTNER-GACV-240,air_cooled,250.0,2,121.53117947620528
265.05607950553826,-1.1507355820536418,25.300567705845324,R410A,ice_making,6.636729832351918,2.1650974702769625,1.1499029135241428,1.4064537230805172,177.9086477355386,309.47679578232,COPELAND-ZP91K5E,screw,91,80.0,27.0,GUNTNER-GACV-240,air_cooled,250.0,4,67.2380039649986
532.619137162956,-22.523212043010517,29.79676253809113,R410A,cold_storage,2.74103949447065,5.164962122540809,1.1722495781616407,3.060533587771375,807.9967405882419,731.0612756389057,COPELAND-ZP91K5E,screw,91,80.0,27.0,GUNTNER-GACV-240,air_cooled,250.0,2,267.82233017936613
718.6146923528412,7.4341416071100355,30.251387357180025,R410A,ice_making,7.947038890251866,1.8864882674894226,1.1045609765900783,3.7986935625145613,366.8421166862127,794.2058559129028,COPELAND-ZP91K5E,screw,91,80.0,27.0,GUNTNER-GACV-240,air_cooled,250.0,3,235.14613423972472
760.4622363964394,-35.88725265137115,36.14501961970399,R410A,process_cooling,1.6769137902351539,10.4819617863928,1.1552517652724716,4.810012539029725,2141.9360776068456,1210.6688070704333,COPELAND-ZP91K5E,screw,91,80.0,27.0,GUNTNER-GACV-240,air_cooled,250.0,4,189.60147553029813
732.6854578994399,1.3862665021814848,32.366826467511615,R717,ice_making,5.85667434903074,2.7676364727589773,1.1638385653409122,0.6287004399841984,638.9150640491807,837.7013773332353,BITZER-CSH9563-160,screw,1417,500.0,135.0,BAC-VXC-584,evaporative,565.0,2,357.76412288479276
503.0603925343287,-20.637811428216338,47.58595742558497,R717,cold_storage,2.0864473536527774,10.33283289383772,1.1350374141276067,0.48602186421410054,1147.078857302387,744.3545184587487,BITZER-CSH9563-160,screw,1417,500.0,135.0,BAC-VXC-584,evaporative,565.0,3,167.72860371647224
574.4629846053225,-5.783373963660253,31.840223787045463,R717,cold_storage,4.574736481670366,3.5809747643445697,1.1354332345074583,0.5113921716655901,672.7611733199601,705.5622430743109,BITZER-CSH9563-160,screw,1417,500.0,135.0,BAC-VXC-584,evaporative,565.0,4,144.74950269371683
213.55976847824888,-25.252475929039143,49.726947042414395,R717,ice_making,1.80471579948768,13.488613814973906,1.1326864030119583,0.2135001352024266,613.7165343713634,337.76158545084274,BITZER-CSH8561-90,screw,856,300.0,82.5,BAC-VXC-438,evaporative,425.0,2,108.66763574307407
155.1828839153159,-11.562085168582641,43.39356264865524,R410A,process_cooling,2.5521479481546496,4.838273222576943,1.1726579832077144,0.9857135039837858,176.12529708816356,213.63970148306845,COPELAND-ZP91K5E,screw,91,80.0,27.0,GUNTNER-GACV-240,air_cooled,250.0,4,38.37397356067606
154.7669494393295,-2.4957529792322077,45.22670257320066,R410A,ice_making,3.1140916707231656,3.7215319499345787,1.155031310909886,0.998840973744015,131.95448771549863,205.56864197690345,COPELAND-ZP91K5E,screw,91,80.0,27.0,GUNTNER-GACV-240,air_cooled,250.0,3,51.86722829550868
97.56098802208422,-39.7807671006031,43.1294223533142,R717,cold_storage,1.4671517428134504,23.371706771887542,1.1384697603315534,0.09325495177458372,528.1724968091283,161.28378256073466,BITZER-6FE-35Y,screw,232,100.0,30.0,BAC-VXC-292,evaporative,250.0,3,31.97044032128667
325.99039637137747,-0.7458793281056799,32.62224824218532,R410A,hvac,5.022267263908841,2.584520183273139,1.1598458037109756,1.8019425008136742,224.99069938239606,386.78528948510547,COPELAND-ZP91K5E,screw,91,80.0,27.0,GUNTNER-GACV-240,air_cooled,250.0,4,80.63985756594087
154.79385443908552,6.407031203254675,35.57545454925828,R717,cold_storage,6.374121684036638,2.531575633602879,1.1423983096732095,0.1327763030530624,113.53219648755945,173.27301961310664,BITZER-S6H-25.2,screw,418,190.0,55.0,BAC-VXC-292,evaporative,250.0,4,37.443893622115375
648.7184439395694,-29.251310884939315,32.89133364688462,R717,blast_freezing,2.2633295304193353,10.260394369084798,1.1473027454464082,0.5837828444615822,2004.232964519971,921.5938227746424,BITZER-CSH9563-160,screw,1417,500.0,135.0,BAC-VXC-584,evaporative,565.0,4,159.79619087609112
247.36771550652162,-4.240327882077786,48.992742851939504,R410A,hvac,2.646683310477167,4.302469319558758,1.1327763584020185,1.6658750418659907,232.94088623148437,339.6317384330399,COPELAND-ZP91K5E,screw,91,80.0,27.0,GUNTNER-GACV-240,air_cooled,250.0,4,61.6243293759894
507.51439546493646,-23.738256363290102,35.252644087423086,R717,blast_freezing,2.4793844089427752,8.471887376905547,1.116388486657201,0.45668333275157164,1229.416120281159,699.5764573842091,BITZER-CSH9563-160,screw,1417,500.0,135.0,BAC-VXC-584,evaporative,565.0,2,249.25658643002143
626.682269053013,5.142106779608348,38.90919326885919,R717,cold_storage,5.381682610391676,2.9101636852971544,1.1241469823257124,0.5507501780999153,491.5771496181348,725.2062700564137,BITZER-CSH9563-160,screw,1417,500.0,135.0,BAC-VXC-584,evaporative,565.0,2,305.7837729311702
209.3469966147957,-10.276820170393478,26.14538871387015,R410A,cold_storage,4.46656109653896,3.002576308471682,1.1370424595124156,1.08986825861512,186.3784500496039,248.62037887762915,COPELAND-ZP91K5E,screw,91,80.0,27.0,GUNTNER-GACV-240,air_cooled,250.0,2,101.57008149096433
294.44254551552615,-3.678343681405586,37.522599107340696,R410A,ice_making,3.8272348558516325,3.2128415514928736,1.189190938685944,1.7400803052406857,238.8891503180941,371.7787713851344,COPELAND-ZP91K5E,screw,91,80.0,27.0,GUNTNER-GACV-240,air_cooled,250.0,2,147.380924587297
571.0923199331336,-36.86326132049433,38.929109117192525,R717,hvac,1.683005956897752,17.85053709176857,1.1363659715499723,0.5474150007722816,2685.1986846515324,919.6132585498392,BITZER-CSH9563-160,screw,1417,500.0,135.0,BAC-VXC-584,evaporative,565.0,2,288.4292128018772
81.70275159221117,-5.01057031556855,47.7630524286388,R717,process_cooling,3.0682885391537367,5.408754365348368,1.1525761181063816,0.078265829484929,100.0679491844918,109.48414162493536,BITZER-6FE-35Y,screw,232,100.0,30.0,BAC-VXC-116,evaporative,105.0,4,20.64313615749289
421.0104273184732,-36.342662688350785,43.06010487519603,R717,cold_storage,1.584779191884142,19.46979943076695,1.1928060167289147,0.4092962616677394,1957.6686569951619,690.4580626058549,BITZER-CSH9563-160,screw,1417,500.0,135.0,BAC-VXC-584,evaporative,565.0,4,105.83337001494282
237.1442738871484,-29.66200901445478,32.9203655573535,R410A,ice_making,2.1011420378182177,7.430154473825773,1.1760547442803573,1.4431438115477355,500.1471448560661,354.30231786355864,COPELAND-ZP91K5E,screw,91,80.0,27.0,GUNTNER-GACV-240,air_cooled,250.0,4,60.013334207298975
345.70474707063005,-8.06623761674016,41.6598914364149,R410A,ice_making,2.9522949878765843,4.1141842262897965,1.1986671823761517,2.241031527550206,355.6921992170586,480.90563862528813,COPELAND-ZP91K5E,screw,91,80.0,27.0,GUNTNER-GACV-240,air_cooled,250.0,3,119.74269050514509
699.3053644528286,-12.78696592647448,37.51368580433342,R717,ice_making,3.160165671848818,5.595759361235034,1.1724774294044908,0.6149449270787587,1056.1604214699123,887.045780789604,BITZER-CSH9563-160,screw,1417,500.0,135.0,BAC-VXC-584,evaporative,565.0,4,168.4555283926868
192.15099415546254,-12.108869401334108,42.063660955000714,R410A,blast_freezing,2.60988110387018,4.777666500726876,1.1448452639563764,1.2084484686815542,220.01504936767284,264.0002285109491,COPELAND-ZP91K5E,screw,91,80.0,27.0,GUNTNER-GACV-240,air_cooled,250.0,2,95.43378133277629
424.777503020683,2.7343223103109366,32.789811357960886,R717,cold_storage,6.087804863458452,2.666515257012623,1.1906581209407034,0.3843085181248007,372.62388046477116,508.9894207584756,BITZER-CSH9563-160,screw,1417,500.0,135.0,BAC-VXC-584,evaporative,565.0,4,109.29435596899287
116.62794351870575,-22.934945362563354,37.85431171085533,R410A,hvac,2.2011817929404804,6.42831516451261,1.1290674104797382,0.7340212323596966,196.76977300207307,171.70499776721883,COPELAND-ZP91K5E,screw,91,80.0,27.0,GUNTNER-GACV-180,air_cooled,185.0,2,59.03349751575874
458.4726064119549,-18.105003406520396,34.13091937861614,R717,process_cooling,2.953184369028631,6.374095509658822,1.1601855390614908,0.40204229790326684,854.398374945288,594.6951856379421,BITZER-CSH9563-160,screw,1417,500.0,135.0,BAC-VXC-584,evaporative,565.0,2,222.13035904951883
729.6647765651925,-35.70208266215779,25.084327536048388,R717,process_cooling,2.2531736114159804,11.20041894664193,1.1847749067845665,0.6408121291336975,2971.82493130918,1038.5250068891655,BITZER-CSH9563-160,screw,1417,500.0,135.0,BAC-VXC-584,evaporative,565.0,3,239.7635273349548
389.5313670694598,-7.455444793919305,35.95003102414146,R410A,blast_freezing,3.5692735619123237,3.5047833560766994,1.1119079076982457,2.2471992422601383,349.4594325044827,491.21821744799,COPELAND-ZP91K5E,screw,91,80.0,27.0,GUNTNER-GACV-240,air_cooled,250.0,4,95.92838844677452
117.48490300451405,9.145661440184988,41.09142219657083,R717,cold_storage,5.806120365636678,2.6842395214819046,1.142153561816565,0.10742357768749772,83.81356034785152,139.00671395912053,BITZER-N320VLD,screw,320,150.0,42.5,BAC-VXC-116,evaporative,105.0,2,59.29146632148805
128.18889364818347,-27.188546804831557,47.36877650897624,R717,hvac,1.8029371919335928,13.887930647021708,1.1032961076605112,0.12298745317616147,384.96569644412637,196.34811397740162,BITZER-N320VLD,screw,320,150.0,42.5,BAC-VXC-292,evaporative,250.0,4,31.5743176724258
451.3987135148324,-22.111064408423722,44.69043847618373,R410A,blast_freezing,1.88939958754643,7.343345787711782,1.1317990219582832,3.0652494750235175,796.9941932790707,697.3944907233388,COPELAND-ZP91K5E,screw,91,80.0,27.0,GUNTNER-GACV-240,air_cooled,250.0,4,114.0078434295699
613.5121910044103,-38.45298862015225,37.34356412238027,R717,cold_storage,1.6689178457534928,18.555233375606292,1.1770403533909668,0.5735417314155645,3041.0988304366897,971.3281842149177,BITZER-CSH9563-160,screw,1417,500.0,135.0,BAC-VXC-584,evaporative,565.0,3,202.4624503771428
663.1712822895038,-35.19746421130497,40.61174531247573,R717,hvac,1.6969194334887414,17.165485246206057,1.1496259935940818,0.6333589304122947,2867.0629803134934,1055.0704758242462,BITZER-CSH9563-160,screw,1417,500.0,135.0,BAC-VXC-584,evaporative,565.0,2,331.92863900467916
549.6259644051416,-15.655949400720434,31.407405897877144,R717,blast_freezing,3.383894810078702,5.296680596936045,1.142920364836963,0.4760418619244537,916.057416613188,691.6695695405949,BITZER-CSH9563-160,screw,1417,500.0,135.0,BAC-VXC-584,evaporative,565.0,4,133.47361011473325
524.8934464036414,-18.956161690864263,34.31455647317104,R410A,process_cooling,2.6790045008534222,5.0620711024905525,1.142357734187018,3.236717928641528,750.0138299347303,750.5374388595969,COPELAND-ZP91K5E,screw,91,80.0,27.0,GUNTNER-GACV-240,air_cooled,250.0,2,273.26593053874194
273.7520492045328,-28.012038138807846,43.92632175941664,R717,cold_storage,1.8838596788724198,13.174254064369537,1.1764185239654195,0.2641575613534522,857.7413675383133,421.6836212241622,BITZER-CSH8561-90,screw,856,300.0,82.5,BAC-VXC-438,evaporative,425.0,4,68.86541473263658
219.48463916403986,8.37997231506857,41.768315774071276,R717,hvac,5.508909516370488,2.8085774679390973,1.1458841324677227,0.19549380276814626,156.45648817717577,254.02657651846113,BITZER-CSH8561-90,screw,856,300.0,82.5,BAC-VXC-292,evaporative,250.0,2,107.4995297809815
598.9345967881654,-26.982829137767972,34.39101554407559,R717,ice_making,2.3240910573575357,9.614347342696483,1.1050674117530324,0.5438937827068508,1686.9954566394129,848.72933220574,BITZER-CSH9563-160,screw,1417,500.0,135.0,BAC-VXC-584,evaporative,565.0,3,197.80086416209053
51.70869910795872,-14.478580395861304,47.99783390616308,R410A,cold_storage,2.0874230167462113,5.97890069563392,1.1271528484309097,0.3454572526858303,68.2814975419819,74.51851452937723,COPELAND-ZP61K5E,screw,61,55.0,18.5,GUNTNER-GACV-060,air_cooled,65.0,3,16.794120485881518
381.8307027633314,-31.9481623460388,28.424326225343368,R717,ice_making,2.3165485141459907,10.258546887022,1.1193891507235678,0.3453996916395934,1341.7045242351182,550.0412717572715,BITZER-CSH9563-160,screw,1417,500.0,135.0,BAC-VXC-584,evaporative,565.0,3,128.0645913840324
43.663587526830604,-20.485359754775764,26.652088474250167,R717,cold_storage,3.3085403293637903,5.671734358048306,1.148924790309501,0.03850269338311827,90.2939330106363,57.04348316939274,BITZER-4NES-20Y,screw,134,50.0,15.0,BAC-VXC-116,evaporative,105.0,3,14.601284129188207
640.9566132742822,-14.858435717771705,44.96810199742119,R717,process_cooling,2.529065246656995,7.49440688071101,1.1668806237499576,0.614822781845453,1145.989598020402,906.2361475281812,BITZER-CSH9563-160,screw,1417,500.0,135.0,BAC-VXC-584,evaporative,565.0,4,162.36100679556287
251.7728338777696,1.8612028799876157,47.52217345999009,R410A,cold_storage,3.2958507343384817,3.41664912355387,1.1058984017983093,1.6400563714427763,188.4558676797358,326.9408112687372,COPELAND-ZP91K5E,screw,91,80.0,27.0,GUNTNER-GACV-240,air_cooled,250.0,2,125.41731307049454
292.7079296503202,-24.14784665094288,44.88662591394754,R410A,process_cooling,1.791029301750382,7.982444778866327,1.1171226715114901,1.9367377903226748,543.2448781870231,445.1049575748258,COPELAND-ZP91K5E,screw,91,80.0,27.0,GUNTNER-GACV-240,air_cooled,250.0,4,71.40699139838084
463.10878866480357,4.934065412727158,37.389916140466624,R410A,hvac,5.203885389402289,2.4364292626525796,1.1447792562452952,2.6799496949716657,279.6325767314789,551.3191664051197,COPELAND-ZP91K5E,screw,91,80.0,27.0,GUNTNER-GACV-240,air_cooled,250.0,3,154.1508036159613
111.28443457490114,-36.369699005158274,41.54418075328904,R717,hvac,1.6257824573830204,18.706350890149867,1.1445639286168088,0.10728006328623785,513.7929980093759,180.49693309696295,BITZER-N320VLD,screw,320,150.0,42.5,BAC-VXC-292,evaporative,250.0,3,37.25222890106239
698.0784089128274,-18.733928593306178,39.525607498785796,R717,cold_storage,2.573859774528278,7.634624465568452,1.1947879691499803,0.6578554829454537,1434.6190854031747,984.5545853258077,BITZER-CSH9563-160,screw,1417,500.0,135.0,BAC-VXC-584,evaporative,565.0,2,354.5334180510689
557.3904730834645,-31.450710743250024,41.697473108620166,R410A,blast_freezing,1.6325320256506908,9.935524236504579,1.1103316407917105,3.664036962176486,1362.8379450141222,885.7630495030853,COPELAND-ZP91K5E,screw,91,80.0,27.0,GUNTNER-GACV-240,air_cooled,250.0,3,183.0983164195801
344.1200357350266,-35.834163936835544,48.44134350147349,R410A,hvac,1.2600422650629517,14.043902931268866,1.1627466512180717,2.4495299628058333,1088.403009874362,593.6151502518057,COPELAND-ZP91K5E,screw,91,80.0,27.0,GUNTNER-GACV-240,air_cooled,250.0,4,82.73962284485589
548.2801208755596,-29.728156377938422,46.75131454825703,R410A,ice_making,1.5034837273257828,10.429119269837496,1.1219900178366213,3.9221347705663203,1362.8176846579092,923.0645427023059,COPELAND-ZP91K5E,screw,91,80.0,27.0,GUNTNER-GACV-240,air_cooled,250.0,4,138.58813061936607
41.416778468598466,-26.999989780483723,25.126432192587504,R717,cold_storage,2.845025424911439,7.301454602331383,1.112743933463729,0.03677640227143493,114.15612831226737,56.43992000738797,BITZER-4NES-20Y,screw,134,50.0,15.0,BAC-VXC-116,evaporative,105.0,2,20.88061711642453
601.4261479244735,6.8504661452425,47.433641841450736,R410A,process_cooling,3.8631407152706663,2.923407461481508,1.106997386422817,3.7899657662106008,372.64281663425555,738.0412250018187,COPELAND-ZP91K5E,screw,91,80.0,27.0,GUNTNER-GACV-240,air_cooled,250.0,3,195.42632171152923
444.2692756460106,-30.934553507473524,33.444645043306,R717,cold_storage,2.146213341278336,11.317849081684155,1.1457095834237863,0.41756402015614796,1547.8910674318188,667.0157998995818,BITZER-CSH9563-160,screw,1417,500.0,135.0,BAC-VXC-584,evaporative,565.0,3,151.66996569133568
310.4325700597121,-20.54736440803007,48.23318373142863,R717,blast_freezing,2.0651083971599014,10.467989402479116,1.1279099456022008,0.30162768377268295,709.193625620458,462.10625477069334,BITZER-CSH8561-90,screw,856,300.0,82.5,BAC-VXC-584,evaporative,565.0,2,155.67141246804124
555.5271477464712,-7.081562904888223,26.567632207428588,R410A,process_cooling,4.943717611679011,2.722064605129376,1.1111994740402127,2.946235331861103,452.4900023305041,662.1746350326237,COPELAND-ZP91K5E,screw,91,80.0,27.0,GUNTNER-GACV-240,air_cooled,250.0,4,137.69178732454782
74.18739678817364,-16.68869545104843,34.610728712287646,R410A,ice_making,2.828985719848086,4.690181383281876,1.182564248549965,0.4285756852137373,91.56872888884303,98.21954177926675,COPELAND-ZP91K5E,screw,91,80.0,27.0,GUNTNER-GACV-120,air_cooled,125.0,2,36.28397981000987
263.2970508787748,-37.23045951052508,27.854847713072026,R717,cold_storage,2.0496752713152397,13.191308974819057,1.1975002749490111,0.23827539290801897,1189.8750541129148,392.3952076238019,BITZER-CSH8561-90,screw,856,300.0,82.5,BAC-VXC-438,evaporative,425.0,3,87.90911404175516
395.07756164792545,-34.47452987266892,41.516685122697055,R717,hvac,1.6976353976478786,16.962043055070403,1.1999626388761415,0.3883447799281684,1698.4100746109768,644.7665597993082,BITZER-CSH9563-160,screw,1417,500.0,135.0,BAC-VXC-584,evaporative,565.0,3,135.25160295189605
664.6023062496782,5.074885900008418,49.01654157950219,R717,blast_freezing,3.9610214219782915,3.8331914941321195,1.179672065584608,0.65471981935498,585.716928362108,869.4715897492257,BITZER-CSH9563-160,screw,1417,500.0,135.0,BAC-VXC-584,evaporative,565.0,3,231.40366333571498
177.12206355764644,-4.10970812531869,49.9150227240536,R410A,blast_freezing,2.5843499672398442,4.376104262121966,1.1406610648950546,1.2368637742190252,172.21419697113183,250.83723326040214,COPELAND-ZP91K5E,screw,91,80.0,27.0,GUNTNER-GACV-240,air_cooled,250.0,3,60.2853331365449
582.8075601299226,2.1441352427069305,33.08023395990107,R717,hvac,5.881667910939043,2.747976442542758,1.1915521542224319,0.5179970048266127,512.6582177929243,688.1938321765975,BITZER-CSH9563-160,screw,1417,500.0,135.0,BAC-VXC-584,evaporative,565.0,2,294.0949513696402
146.95597839978552,7.138995466751524,27.32430711805066,R717,ice_making,9.565685907594219,1.9349239651285806,1.1318396595162512,0.12729795867763566,106.19674639569537,164.31024511011103,BITZER-N320VLD,screw,320,150.0,42.5,BAC-VXC-292,evaporative,250.0,4,37.1897340567694
785.1726878273981,6.5613144790446185,43.25657207375885,R717,hvac,4.915326185455068,3.1183395375392085,1.1047612918899776,0.7152674933038934,608.4223149238118,938.7303174832774,BITZER-CSH9563-160,screw,1417,500.0,135.0,BAC-VXC-584,evaporative,565.0,4,195.00892959849236
781.2823160005844,-33.20967198375618,48.917834364643525,R717,blast_freezing,1.5367010917307258,19.40256305153653,1.1956754400735432,0.7896299608049611,3253.240501975258,1316.5761467677567,BITZER-CSH9563-160,screw,1417,500.0,135.0,BAC-VXC-584,evaporative,565.0,3,265.85499945577976
724.4124206013074,-36.75516313110603,29.689104122460975,R410A,blast_freezing,1.9050960253244102,9.245330471363397,1.1863115745612247,4.477614519655433,2067.0713541843197,1149.6697912241536,COPELAND-ZP91K5E,screw,91,80.0,27.0,GUNTNER-GACV-240,air_cooled,250.0,3,251.30911687644905
118.85517995676676,-39.144352991930035,42.815711773230504,R410A,hvac,1.3372625316804823,14.242238375498271,1.1941040624816885,0.8307080293363299,424.09517209561574,209.12089216875623,COPELAND-ZP91K5E,screw,91,80.0,27.0,GUNTNER-GACV-240,air_cooled,250.0,3,39.88277310148883
284.8210140992168,-28.550490695731895,44.028863036561425,R717,ice_making,1.8572114319277715,13.555931594934817,1.150885447149642,0.2763624669768021,919.2947924169363,442.8036906687003,BITZER-CSH8561-90,screw,856,300.0,82.5,BAC-VXC-584,evaporative,565.0,3,95.94203952614687
212.7956641517918,9.99343367595526,41.57662837796881,R410A,ice_making,5.371503243438395,2.3165453429867964,1.1694246256628078,1.2758587279489588,113.92905461829059,252.0221241373472,COPELAND-ZP91K5E,screw,91,80.0,27.0,GUNTNER-GACV-240,air_cooled,250.0,4,53.11688645125161
276.25467567445804,-5.695935504927746,44.28752251992301,R717,cold_storage,3.2712094749871032,5.064266617184546,1.1217626862309267,0.2568250638204798,336.7745707404286,359.30400121532836,BITZER-CSH8561-90,screw,856,300.0,82.5,BAC-VXC-438,evaporative,425.0,3,91.72723089790304
279.3237958720582,1.4609960847365286,39.521443789052434,R717,cold_storage,4.633075150732982,3.384796116296151,1.1894563208695819,0.24910969658290905,252.49529589711483,334.18981399823025,BITZER-CSH8561-90,screw,856,300.0,82.5,BAC-VXC-438,evaporative,425.0,4,68.71586484434741
361.0231534589992,-38.535649320834374,43.488508381274755,R410A,ice_making,1.3345292542348786,14.083158315118517,1.1234712684680308,2.4935862805523312,1240.5523997648497,624.2162749077703,COPELAND-ZP91K5E,screw,91,80.0,27.0,GUNTNER-GACV-240,air_cooled,250.0,3,118.94401955951793
530.0950958373513,-15.591543576210373,26.46818474860948,R717,hvac,3.8660249484413627,4.555597425744825,1.1355292206815353,0.4583724590023991,879.7805654775495,660.7803451866548,BITZER-CSH9563-160,screw,1417,500.0,135.0,BAC-VXC-584,evaporative,565.0,4,131.24641401343231
351.6102205554601,-7.678117996046268,47.68208292047049,R717,hvac,2.864359418669685,5.995718906655052,1.1111519311236588,0.3229073393417923,455.89944144635245,458.3520594170392,BITZER-CSH8561-90,screw,856,300.0,82.5,BAC-VXC-584,evaporative,565.0,3,113.24731960446604
423.5719828177827,-11.191388900789804,26.894020438312953,R717,hvac,4.417360195986482,3.8383228075311058,1.154384403289362,0.36868479402369353,595.0983193901434,519.5742499628992,BITZER-CSH9563-160,screw,1417,500.0,135.0,BAC-VXC-584,evaporative,565.0,4,105.91628245183094
751.8989236960451,-30.725910812741766,36.05096018282092,R717,cold_storage,2.0498547317313704,12.07443027807263,1.1833825520663128,0.69040783148824,2534.921937270339,1106.6665723617355,BITZER-CSH9563-160,screw,1417,500.0,135.0,BAC-VXC-584,evaporative,565.0,3,247.93593021580122
780.6358416334491,3.6998259805442615,41.15375847312116,R717,hvac,4.755799308886983,3.262475372363771,1.1081890047612277,0.716223566959237,671.6550309546706,951.6451827280613,BITZER-CSH9563-160,screw,1417,500.0,135.0,BAC-VXC-584,evaporative,565.0,3,262.1028090941155
446.6919040888642,-19.415706520069822,43.08760010901075,R717,blast_freezing,2.348351051662018,8.676759107660594,1.1910278643282892,0.4287641072384296,961.730754145182,647.6404669692201,BITZER-CSH9563-160,screw,1417,500.0,135.0,BAC-VXC-584,evaporative,565.0,4,113.55493706007374
395.1436122637462,-10.221874705100305,39.005544018362144,R717,process_cooling,3.276464230001604,5.249866149460166,1.166529088960301,0.37772554973033057,587.3533971628896,538.2653014417864,BITZER-CSH9563-160,screw,1417,500.0,135.0,BAC-VXC-584,evaporative,565.0,2,206.19920003684706
544.0849856640539,-31.173216416819464,37.190388583448104,R717,blast_freezing,1.9841269308599134,12.74832071465423,1.1056973171155267,0.5031153870121392,1885.608843469034,810.4965288656235,BITZER-CSH9563-160,screw,1417,500.0,135.0,BAC-VXC-584,evaporative,565.0,3,179.63132127083713
529.860237007703,-2.036395788787388,41.59402811852859,R410A,hvac,3.5369596559274514,3.362575868423949,1.140435329320706,3.2220508535568393,419.3765968987246,672.2977277963528,COPELAND-ZP91K5E,screw,91,80.0,27.0,GUNTNER-GACV-240,air_cooled,250.0,2,262.0576465652199
242.95255784629586,-8.575615017543583,47.48732121024025,R717,process_cooling,2.8104883377417904,6.183152060691691,1.155607426334771,0.23341353966664413,340.8897260407396,332.9131229643449,BITZER-CSH8561-90,screw,856,300.0,82.5,BAC-VXC-438,evaporative,425.0,2,122.77277433251288
77.51759160480688,0.7248486675346371,39.11288010517928,R410A,process_cooling,4.198443273183185,2.8982235596818233,1.1591964380797848,0.44996480798216376,53.6031374042682,93.66254694783025,COPELAND-ZP91K5E,screw,91,80.0,27.0,GUNTNER-GACV-120,air_cooled,125.0,2,37.82256240160237
116.20244440209886,-11.586669375510187,31.180242986749015,R410A,cold_storage,3.634105203733457,3.5823980307603325,1.1396015522713423,0.6687106666089909,119.58459249188046,151.25134621039172,COPELAND-ZP91K5E,screw,91,80.0,27.0,GUNTNER-GACV-180,air_cooled,185.0,4,29.653152020159155
334.8154869919421,2.0366375760526125,40.41054902004105,R410A,ice_making,4.197414764998998,2.86986313587655,1.110018295991775,1.9882769170387133,227.2052535203808,409.22102637393294,COPELAND-ZP91K5E,screw,91,80.0,27.0,GUNTNER-GACV-240,air_cooled,250.0,2,165.24276548191952
340.51464247448706,-5.820143152591832,38.77088117641299,R410A,process_cooling,3.4398605494590977,3.556212584428623,1.1448244990570156,1.9651718126723414,289.44700220710774,422.0073957226221,COPELAND-ZP91K5E,screw,91,80.0,27.0,GUNTNER-GACV-240,air_cooled,250.0,3,108.98589989146348
386.5744319053763,-18.24199452695342,26.7769409050232,R410A,cold_storage,3.374367539619996,4.061245451207779,1.141056731722874,2.0857088858811057,471.0369692375252,492.099844544632,COPELAND-ZP91K5E,screw,91,80.0,27.0,GUNTNER-GACV-240,air_cooled,250.0,2,189.80180867788985
748.1516617283322,-34.615624113619845,25.44441244122115,R717,blast_freezing,2.300363373274694,10.713306483941427,1.171000117182162,0.6636235745320738,2921.857129903029,1068.694250830495,BITZER-CSH9563-160,screw,1417,500.0,135.0,BAC-VXC-584,evaporative,565.0,3,248.29438800051938
739.6159683293263,-7.501744008728821,37.54801207038927,R410A,ice_making,3.3932313933776506,3.6518413811940893,1.1953769145051665,4.5625108364171325,710.6084431121822,991.8784948766497,COPELAND-ZP91K5E,screw,91,80.0,27.0,GUNTNER-GACV-240,air_cooled,250.0,2,383.0521256295572
471.89126688787,5.6501044664013165,38.56469136189823,R410A,hvac,5.111507071206599,2.4533827546480267,1.165334383196896,2.7148284860997234,277.0348918215646,554.0579461340735,COPELAND-ZP91K5E,screw,91,80.0,27.0,GUNTNER-GACV-240,air_cooled,250.0,3,154.46659754707517
469.0552137844886,-25.199083199386436,35.57932485489865,R410A,blast_freezing,2.201308030518079,6.6377018686579445,1.1658590644198754,2.8922588767988007,844.044266848639,689.0684923858825,COPELAND-ZP91K5E,screw,91,80.0,27.0,GUNTNER-GACV-240,air_cooled,250.0,2,236.91128616894628
594.7600102738835,-24.650198946841613,29.022928660561277,R717,cold_storage,2.775503556609752,7.362202924918288,1.1281473411872645,0.5252782575688996,1470.8983301697617,800.5301225265753,BITZER-CSH9563-160,screw,1417,500.0,135.0,BAC-VXC-584,evaporative,565.0,3,196.165815493753
227.30400316178876,-3.4299810608855026,45.970739156403795,R717,process_cooling,3.3449305087637997,4.851663007910307,1.1821116730157257,0.21264986940310815,256.62012289339617,294.4176562539768,BITZER-CSH8561-90,screw,856,300.0,82.5,BAC-VXC-438,evaporative,425.0,3,75.55215583895519
686.7969185527808,-38.291546081474515,27.85863232490113,R410A,process_cooling,1.9140776395898929,9.435939677291323,1.1781932073486352,3.932486395552661,1936.3062666712729,1021.9049832414798,COPELAND-ZP91K5E,screw,91,80.0,27.0,GUNTNER-GACV-240,air_cooled,250.0,4,167.80656867495776
738.3989339347249,4.533579197777463,29.175553087704593,R717,process_cooling,7.6330979195250945,2.2450713137766463,1.1197081894264846,0.6494437952997486,591.8421624364156,849.8112797336722,BITZER-CSH9563-160,screw,1417,500.0,135.0,BAC-VXC-584,evaporative,565.0,4,187.8437141507855
481.70830328388257,-5.105780686255038,37.08707938339137,R410A,hvac,3.707881473097822,3.33188805543086,1.1153881242341201,2.824765431947164,406.3693216936242,608.4283552838258,COPELAND-ZP91K5E,screw,91,80.0,27.0,GUNTNER-GACV-240,air_cooled,250.0,2,239.59611548799515
706.2569749484489,-0.954499256248674,37.00541261174386,R410A,process_cooling,4.26264474546315,2.903599992373833,1.124720359368394,4.132541950433235,519.4570998312125,873.9065257725783,COPELAND-ZP91K5E,screw,91,80.0,27.0,GUNTNER-GACV-240,air_cooled,250.0,2,353.9240477254178
257.9541165880407,-23.06000934768113,36.97807567892657,R717,ice_making,2.4325758713431282,8.626541127763618,1.1798652357289026,0.23535336775236843,615.4162401241547,360.0595174597186,BITZER-CSH8561-90,screw,856,300.0,82.5,BAC-VXC-438,evaporative,425.0,3,85.05489048153629
378.400034146315,-10.2134993363961,25.752899909912223,R410A,hvac,4.537188397116758,2.9650408421032144,1.1594109115470335,2.004735213434297,342.09312407445736,457.6753954642594,COPELAND-ZP91K5E,screw,91,80.0,27.0,GUNTNER-GACV-240,air_cooled,250.0,3,125.00685335946166
584.3300852995195,-11.460640012805921,31.704146230264342,R717,hvac,3.8137475310217126,4.480992052817997,1.1855802860375078,0.5216274885805698,850.7827895300732,741.1446434458046,BITZER-CSH9563-160,screw,1417,500.0,135.0,BAC-VXC-584,evaporative,565.0,3,195.72682446514287
578.9811675561341,-29.321609128891794,28.416052777599106,R717,cold_storage,2.4812061880199296,9.0182112327541,1.1853755442138108,0.5377291298926198,1852.0029334478368,842.2271143523055,BITZER-CSH9563-160,screw,1417,500.0,135.0,BAC-VXC-584,evaporative,565.0,3,200.09722827685857
689.4021689278842,-26.157468671044047,44.890212798814495,R717,blast_freezing,1.9313733338040737,12.383608492961995,1.1047384048173192,0.6686122534106987,1999.6532739887093,1056.1668774661944,BITZER-CSH9563-160,screw,1417,500.0,135.0,BAC-VXC-584,evaporative,565.0,3,231.9564143834458
320.5199322686935,-21.62263167815029,33.88523023120331,R410A,blast_freezing,2.521881180172606,5.53779903777963,1.1190697875229052,1.8840805061763453,481.1345677108659,443.12465716171715,COPELAND-ZP91K5E,screw,91,80.0,27.0,GUNTNER-GACV-240,air_cooled,250.0,2,158.65210610424455
765.211924635438,-11.228659681623036,28.687366734822696,R717,cold_storage,4.183063545283663,4.0581738356720525,1.139110748644582,0.6693511382248813,1081.965068743324,945.8802363552654,BITZER-CSH9563-160,screw,1417,500.0,135.0,BAC-VXC-584,evaporative,565.0,3,254.46193487262892
86.74296435712189,-36.9096337118494,40.146028889451316,R717,cold_storage,1.6456806438448577,18.509852704626326,1.160997149406452,0.08517686466172851,418.75514997243715,143.47315197012065,BITZER-6FE-35Y,screw,232,100.0,30.0,BAC-VXC-116,evaporative,105.0,2,44.62197462455427
785.6764616840723,-10.3207219389394,40.84839789884227,R410A,cold_storage,2.8365344107490293,4.359128432571071,1.144043462342969,4.7895711884982894,820.2880154438369,1042.21468067187,COPELAND-ZP91K5E,screw,91,80.0,27.0,GUNTNER-GACV-240,air_cooled,250.0,4,192.63985987137275
725.5983026140908,-16.136284592814686,40.336933528690295,R410A,process_cooling,2.457993359916082,5.293094509594593,1.1615896160792285,4.550330406724954,953.3720445561071,1020.4174045202435,COPELAND-ZP91K5E,screw,91,80.0,27.0,GUNTNER-GACV-240,air_cooled,250.0,2,362.6639706321514
229.7677161367846,-22.687448179915755,44.53693860485323,R717,hvac,2.108572439152951,10.448826711117604,1.1287716870634577,0.21533739814763722,554.1913493246414,332.56173523186857,BITZER-CSH8561-90,screw,856,300.0,82.5,BAC-VXC-438,evaporative,425.0,3,75.19319805180156
724.865518385806,-20.999867198973092,39.62926046773626,R717,blast_freezing,2.424486312652417,8.466085182048035,1.162814463776932,0.6611660311727876,1584.313971837835,1003.1235294378444,BITZER-CSH9563-160,screw,1417,500.0,135.0,BAC-VXC-584,evaporative,565.0,3,236.7322711570814
171.87895428451702,-15.828776782195785,46.86084011011954,R410A,process_cooling,2.0812574347982853,6.113275032038274,1.169297424777066,1.164177551345289,241.2799863937807,254.12635117274263,COPELAND-ZP91K5E,screw,91,80.0,27.0,GUNTNER-GACV-240,air_cooled,250.0,4,42.91286665820696
111.16694168983852,-23.625025161864407,36.43593843475484,R717,hvac,2.425288720850516,8.717412598108329,1.1203493185527291,0.1018430329490489,272.83517469539197,156.20546769207488,BITZER-6FE-35Y,screw,232,100.0,30.0,BAC-VXC-292,evaporative,250.0,2,55.300938081899886
62.95991745974514,-11.419097477343417,34.16979387912643,R717,process_cooling,3.5755890453837806,4.806335970477791,1.1279098302799133,0.056096578979786704,91.34732524656354,79.95453610144108,BITZER-4NES-20Y,screw,134,50.0,15.0,BAC-VXC-116,evaporative,105.0,3,20.826794872926644
343.9925985307353,5.865641427532971,46.68335911964812,R410A,blast_freezing,3.8396517945262096,2.9598463982112437,1.1913729239586184,2.125711649066592,215.47281362549367,417.5011278206351,COPELAND-ZP91K5E,screw,91,80.0,27.0,GUNTNER-GACV-240,air_cooled,250.0,2,165.61717895348642
88.42622817860959,-14.034323835748545,45.42529622123951,R410A,hvac,2.262957050374363,5.540796845898418,1.1214085760342682,0.5750010926082945,111.9034719038143,125.12271850006937,COPELAND-ZP91K5E,screw,91,80.0,27.0,GUNTNER-GACV-120,air_cooled,125.0,3,28.925433139372043
614.5809474355631,9.58378511825066,25.95860039131786,R410A,blast_freezing,11.565738294718226,1.5815849089425766,1.143529338725608,3.29895068064831,298.2813390136648,693.6818302220081,COPELAND-ZP91K5E,screw,91,80.0,27.0,GUNTNER-GACV-240,air_cooled,250.0,4,159.6194015818633
495.1724458180651,6.0983195124453715,32.81949933885141,R410A,process_cooling,6.599749796289527,2.097504196304223,1.1432174387878915,2.66020846387939,267.71474177673605,554.1734981906875,COPELAND-ZP91K5E,screw,91,80.0,27.0,GUNTNER-GACV-240,air_cooled,250.0,4,120.31338300040885
750.3710436194812,0.0824028069337075,25.34345500764906,R717,blast_freezing,7.312847221545121,2.3535006483627177,1.1249624847994408,0.6443571742200006,685.5851332520065,857.2356818513163,BITZER-CSH9563-160,screw,1417,500.0,135.0,BAC-VXC-584,evaporative,565.0,3,251.37129742936773
527.467494504998,8.275179372606381,36.16092686004343,R410A,ice_making,6.2729825117134475,2.135809774956713,1.1791976140532903,2.957605323657791,278.33299000564307,602.6217624835897,COPELAND-ZP91K5E,screw,91,80.0,27.0,GUNTNER-GACV-240,air_cooled,250.0,2,259.8820890294499
764.2601935781564,-5.823538080973208,26.242952098961283,R410A,hvac,5.249950460288487,2.5872535912419696,1.160586555332408,4.109245436988508,605.3120697823894,919.4894123817515,COPELAND-ZP91K5E,screw,91,80.0,27.0,GUNTNER-GACV-240,air_cooled,250.0,2,386.1849701398392
446.7773234944597,0.21588591221145492,30.175342178209725,R410A,process_cooling,5.7338305352692815,2.354355345957975,1.1584860811297542,2.4043713986440522,291.1109274228057,518.2177763079874,COPELAND-ZP91K5E,screw,91,80.0,27.0,GUNTNER-GACV-240,air_cooled,250.0,4,110.31510572441444
93.31046032004976,-28.90112163662443,46.619927537331904,R410A,hvac,1.5368807685804275,10.051016821128254,1.117555169535097,0.682319121346078,229.53833173642712,159.91515478348285,COPELAND-ZP91K5E,screw,91,80.0,27.0,GUNTNER-GACV-180,air_cooled,185.0,3,32.29300709690349
92.23055903397874,-1.1026406873268613,27.14114139467083,R717,blast_freezing,6.4369714124377095,2.5994784240865116,1.1865690672359728,0.0809759241693072,89.86272300454486,108.56004024326717,BITZER-6FE-35Y,screw,232,100.0,30.0,BAC-VXC-116,evaporative,105.0,4,23.490673717338666
315.0590748667053,-3.2659797208058237,31.05454254270639,R410A,hvac,4.842364836961611,2.6944913143661484,1.1158931251154132,1.7859086705235565,241.90810151782878,389.56651842116486,COPELAND-ZP91K5E,screw,91,80.0,27.0,GUNTNER-GACV-240,air_cooled,250.0,4,80.72173097295232
149.90727974544563,3.9166212345752243,39.79834770079424,R410A,process_cooling,4.579348506169712,2.666675991131367,1.1228477324396304,0.8850125479584992,95.32534275263416,181.07970600006956,COPELAND-ZP91K5E,screw,91,80.0,27.0,GUNTNER-GACV-180,air_cooled,185.0,4,37.15608911381408
45.9035574176917,-1.884399822430737,36.683256021684485,R717,hvac,4.509517435606438,3.542628933215252,1.1187013582826566,0.04204685789794311,47.98577055732049,57.19648142949195,BITZER-4NES-20Y,screw,134,50.0,15.0,BAC-VXC-116,evaporative,105.0,2,23.407542790836395
803.4550267546687,5.037285016141517,41.362798334678544,R717,process_cooling,4.948436450107995,3.1266543130708193,1.1898405118703819,0.7193936118873009,644.4003695610871,949.7552241778102,BITZER-CSH9563-160,screw,1417,500.0,135.0,BAC-VXC-584,evaporative,565.0,4,197.5226351252622
340.77916310451053,3.1698047142539707,27.068609552305205,R717,process_cooling,7.856194551266955,2.213725591744183,1.1857166709092546,0.29760963267128643,284.2418375134087,391.03688187692336,BITZER-CSH9563-160,screw,1417,500.0,135.0,BAC-VXC-438,evaporative,425.0,3,115.62760969030505
99.150804317164,-33.866360439475905,47.519525481814526,R717,hvac,1.5511426414867768,19.331449909416442,1.1031991237515613,0.09843047846782582,418.26067525258713,164.4813976608918,BITZER-6FE-35Y,screw,232,100.0,30.0,BAC-VXC-292,evaporative,250.0,3,33.33592635369896
568.2054180243321,-4.944835397320624,35.11060184349896,R717,process_cooling,4.267851780054669,3.8103812764835108,1.1355311670643677,0.5118779217405777,652.8888789641888,705.9865569929459,BITZER-CSH9563-160,screw,1417,500.0,135.0,BAC-VXC-584,evaporative,565.0,3,190.65621115645376
636.825241380724,-35.507576262457306,34.83094705382525,R717,blast_freezing,1.8707823498927048,14.819127087468132,1.194803188474089,0.5714961294065981,2625.7329264346786,943.5386386041665,BITZER-CSH9563-160,screw,1417,500.0,135.0,BAC-VXC-584,evaporative,565.0,4,153.71728124986893
336.1183882004843,-9.85798045593592,26.477338332771367,R717,ice_making,4.687547929535933,3.5890173359357065,1.1118454002699951,0.2817267238601596,432.0159207234029,394.0722818819861,BITZER-CSH8561-90,screw,856,300.0,82.5,BAC-VXC-438,evaporative,425.0,4,81.1963578992699
622.1305088694046,-21.840893832240734,47.23222423686329,R410A,process_cooling,1.7823047714758897,7.7148926480311015,1.1424322243633063,4.328620075735217,1114.3162296790306,973.7191894532133,COPELAND-ZP91K5E,screw,91,80.0,27.0,GUNTNER-GACV-240,air_cooled,250.0,3,207.9168770716074
115.78716758813844,-17.889968921439955,32.467500487079064,R717,cold_storage,3.090390500524501,6.016752409865402,1.1449776623730932,0.10769298478828765,226.85827599021113,158.69865305129764,BITZER-N320VLD,screw,320,150.0,42.5,BAC-VXC-292,evaporative,250.0,2,59.950365346887516
614.8618234073602,-39.7829002716604,32.171061899885,R717,hvac,1.775318576755991,17.161452954169075,1.1110833233920157,0.5607933566346881,3176.530650429805,948.5530425419146,BITZER-CSH9563-160,screw,1417,500.0,135.0,BAC-VXC-584,evaporative,565.0,4,151.69284091985654
142.24704916826485,-33.52268945873126,38.392631510573864,R717,ice_making,1.8354889167995374,14.822972437506651,1.1920150515671062,0.13331872409630613,557.4070090960694,218.64638258884125,BITZER-N320VLD,screw,320,150.0,42.5,BAC-VXC-292,evaporative,250.0,2,70.76786820826464
307.85364243310556,-5.5221930938705555,43.51642275917138,R717,ice_making,3.349928112004821,4.926198778700192,1.1585335422168193,0.2714265744432014,353.6432969084541,379.062761691255,BITZER-CSH8561-90,screw,856,300.0,82.5,BAC-VXC-438,evaporative,425.0,4,72.98011420575357
617.5838296268175,-16.081126209761997,27.245059307405196,R410A,process_cooling,3.557220983022434,3.797914019936585,1.1507289665697182,3.5062494500149746,733.1880324793809,818.2164406551276,COPELAND-ZP91K5E,screw,91,80.0,27.0,GUNTNER-GACV-240,air_cooled,250.0,3,212.8911970837398
58.842192962134504,-26.575591755026238,49.27685165381594,R410A,ice_making,1.516668749549621,9.733891611586824,1.1945529585440267,0.4196627963336722,129.05392407685406,96.08682617038298,COPELAND-ZP91K5E,screw,91,80.0,27.0,GUNTNER-GACV-120,air_cooled,125.0,4,14.476665485088818
305.4634588286879,-11.082023174332697,47.1076254877784,R717,hvac,2.657557933855409,6.77728887513835,1.1717315765151435,0.28189147233364437,453.0857519742302,407.6167612694017,BITZER-CSH8561-90,screw,856,300.0,82.5,BAC-VXC-438,evaporative,425.0,3,98.72390061657723
638.2655101053041,-6.585712216354494,39.32412477790581,R410A,ice_making,3.3046500868498,3.6981971000765532,1.1152415233624413,3.97750628365712,600.8859283742248,855.3722923986281,COPELAND-ZP91K5E,screw,91,80.0,27.0,GUNTNER-GACV-240,air_cooled,250.0,2,328.3316951822976
649.5387747212872,-15.927236549275069,42.995852546914776,R410A,ice_making,2.3015730002698658,5.5998758104795545,1.154413433648375,4.2024353539273545,874.0020598953009,932.2016266025587,COPELAND-ZP91K5E,screw,91,80.0,27.0,GUNTNER-GACV-240,air_cooled,250.0,4,162.46271810593979
447.7729181122243,-11.67382596550856,29.546281961661517,R410A,process_cooling,3.8126872096166515,3.4454322083637123,1.1690976606978585,2.4829674686670344,445.35450013069527,564.5280194977952,COPELAND-ZP91K5E,screw,91,80.0,27.0,GUNTNER-GACV-240,air_cooled,250.0,3,149.07601967210246
228.73734796198178,-37.9573844080969,46.65282175133642,R717,blast_freezing,1.4400612739425933,23.323939942139653,1.1332733556084964,0.22172478693564526,1147.3205770047978,380.9239340253987,BITZER-CSH8561-90,screw,856,300.0,82.5,BAC-VXC-438,evaporative,425.0,3,74.93716265322847
429.0813616087527,-7.011720858705637,29.337792961535083,R410A,hvac,4.493723872630303,2.9194762195632102,1.1691335371901075,2.436276723544984,373.3002503936466,543.010869868163,COPELAND-ZP91K5E,screw,91,80.0,27.0,GUNTNER-GACV-240,air_cooled,250.0,2,222.08441537998272
638.9789945515579,-19.957381544587452,49.758171169934045,R410A,process_cooling,1.745296851156873,7.616013938156719,1.1240752276965695,4.6209904279924325,1110.3198706664637,1018.1060254846194,COPELAND-ZP91K5E,screw,91,80.0,27.0,GUNTNER-GACV-240,air_cooled,250.0,4,161.81285091932386
192.11799009133668,-33.36668127614236,43.61188971516268,R717,hvac,1.677582527329917,16.981624161151522,1.1150133005870713,0.18923105077626554,785.3932642731954,312.9682435084059,BITZER-S6H-25.2,screw,418,190.0,55.0,BAC-VXC-438,evaporative,425.0,2,98.04180665953105
270.2052100743386,9.380740911801752,30.87090240661271,R410A,cold_storage,8.525309873448325,1.8083460605659054,1.1622231727632635,1.482142966684775,134.84336194970203,306.71266629990635,COPELAND-ZP91K5E,screw,91,80.0,27.0,GUNTNER-GACV-240,air_cooled,250.0,2,137.25645449115677
61.93309030077868,0.5344745548100605,30.93824829861609,R410A,blast_freezing,5.633943392795409,2.3767677059203915,1.1730285543495227,0.340031398706728,40.75338234217578,73.00406326105764,COPELAND-ZP91K5E,screw,91,80.0,27.0,GUNTNER-GACV-060,air_cooled,65.0,4,15.499859416328995
29.27694790338932,-37.221345136178364,38.29638602108662,R717,cold_storage,1.6880521798322798,17.867070443673732,1.153459019421433,0.02789850066585506,139.25475117462256,46.92736589742208,BITZER-4DC-10.2Y,reciprocating,67,37.5,12.0,BAC-VXC-116,evaporative,105.0,2,14.734803678899006
381.8611181872245,-10.31851401077624,29.569413718990795,R717,hvac,4.20161418192559,4.014287821497465,1.1535507191145198,0.3348288004752345,522.5838816079697,471.485996121282,BITZER-CSH9563-160,screw,1417,500.0,135.0,BAC-VXC-584,evaporative,565.0,3,126.94791646062605
691.5600096259546,-16.707127939336672,42.06669544235366,R717,hvac,2.5671293381617173,7.497875100626387,1.131635966673967,0.6412606627224107,1287.378548174193,951.7842413518681,BITZER-CSH9563-160,screw,1417,500.0,135.0,BAC-VXC-584,evaporative,565.0,4,171.24086470842195
458.75772110161336,-18.509211282076308,37.82721576997625,R410A,blast_freezing,2.4689591250468843,5.432511929743107,1.129098180971383,2.8452576440785062,648.7732920118345,651.1167540598785,COPELAND-ZP91K5E,screw,91,80.0,27.0,GUNTNER-GACV-240,air_cooled,250.0,4,115.85468388772944
341.04001630247643,-11.52846338690636,31.134533148258072,R717,cold_storage,3.865513616483182,4.418821996048532,1.1352337182239332,0.2957724170689068,483.67900246647974,420.063265787075,BITZER-CSH8561-90,screw,856,300.0,82.5,BAC-VXC-438,evaporative,425.0,4,83.43211023926774
694.0782229552995,8.391051637954334,36.31959189042106,R410A,process_cooling,6.261302377834743,2.1368134703514854,1.1459928183472392,3.882078510577529,364.0376172374126,790.0831060391412,COPELAND-ZP91K5E,screw,91,80.0,27.0,GUNTNER-GACV-240,air_cooled,250.0,4,170.31893774423256
768.9960921580283,-17.90569527203095,42.7172762347048,R717,hvac,2.4566668949940844,8.039192792378913,1.1279382253396586,0.7178233940186994,1513.0875619883514,1073.9478675316643,BITZER-CSH9563-160,screw,1417,500.0,135.0,BAC-VXC-584,evaporative,565.0,3,254.41967201943797
641.8638914853558,-19.224368682345116,35.94106868565031,R410A,process_cooling,2.546708388074972,5.325056615684922,1.1913077499516167,3.942392325072728,922.4262309704447,910.8230146091369,COPELAND-ZP91K5E,screw,91,80.0,27.0,GUNTNER-GACV-240,air_cooled,250.0,2,327.00751761210046
195.49996110051532,-11.672840445140203,45.690491367196024,R717,process_cooling,2.699658559185505,6.687405915098628,1.1549012650070967,0.18029343139008613,296.4907664950174,261.14687882545326,BITZER-S6H-25.2,screw,418,190.0,55.0,BAC-VXC-292,evaporative,250.0,2,95.28006373389833
597.053015090808,-11.314292362112262,40.198492650559814,R717,ice_making,3.0877581146502253,5.675167801750299,1.1735443889350328,0.5501954738662006,892.3077183667798,789.9537836468376,BITZER-CSH9563-160,screw,1417,500.0,135.0,BAC-VXC-584,evaporative,565.0,4,149.17628057004563
589.6231142108088,3.4175016012174595,25.280803434389497,R410A,ice_making,8.31120229457943,1.8730152840436605,1.1889991982759152,3.0859614379748996,337.6322125009443,666.5627097107194,COPELAND-ZP91K5E,screw,91,80.0,27.0,GUNTNER-GACV-240,air_cooled,250.0,2,297.4877651221218
240.3655333428204,5.386258095694387,43.897077920725806,R717,process_cooling,4.630458325595918,3.308560709847749,1.1946747818363324,0.22517844686221453,199.32102044144006,297.3942682410359,BITZER-CSH8561-90,screw,856,300.0,82.5,BAC-VXC-438,evaporative,425.0,2,122.28771493619602
345.6475726245731,-3.4335803841560733,27.95312830623116,R717,process_cooling,5.672259460469795,2.9115596496964633,1.1611627285715,0.29820941539283513,359.91814529269635,404.7120280884795,BITZER-CSH8561-90,screw,856,300.0,82.5,BAC-VXC-438,evaporative,425.0,3,114.68536976074365
386.23497205253125,-9.022259064054264,27.712582665308936,R717,blast_freezing,4.644325458430413,3.6022230872911827,1.1488646189553933,0.3415300728845103,507.30628156595964,476.49514307076873,BITZER-CSH9563-160,screw,1417,500.0,135.0,BAC-VXC-584,evaporative,565.0,4,98.01873315422748
447.5464456951147,3.468710854663591,37.743702790489145,R717,cold_storage,5.261343909286407,2.9919933783707595,1.1505832724863516,0.4013053777619726,379.3434120258599,532.1721815070908,BITZER-CSH9563-160,screw,1417,500.0,135.0,BAC-VXC-584,evaporative,565.0,2,223.5894487213286
260.29224776504753,-23.30240703649548,37.7985768436343,R717,cold_storage,2.376756884945836,8.927060319513712,1.134681628330581,0.23779107142661382,628.2767984612926,364.8074612603161,BITZER-CSH8561-90,screw,856,300.0,82.5,BAC-VXC-438,evaporative,425.0,3,85.59086669772451
253.3206866614961,9.038402119385218,27.66938404153168,R410A,ice_making,10.01693512550524,1.6814448763877128,1.1105663014986533,1.294768724543518,119.03404722503436,271.3191325125829,COPELAND-ZP91K5E,screw,91,80.0,27.0,GUNTNER-GACV-240,air_cooled,250.0,3,82.23055740172758
602.1527959983094,-35.70160338689737,30.92121498218621,R717,blast_freezing,2.005220227126271,13.35611448247647,1.103249210938558,0.5366091275214753,2488.516658715356,880.2097015074239,BITZER-CSH9563-160,screw,1417,500.0,135.0,BAC-VXC-584,evaporative,565.0,4,146.82903116748045
43.05016767880042,-18.412352329823324,44.73274331664744,R410A,ice_making,2.0651929556625372,6.3933652952652515,1.1365709668798898,0.290362953522147,65.97814459186472,64.79093725880323,COPELAND-ZP61K5E,screw,61,55.0,18.5,GUNTNER-GACV-060,air_cooled,65.0,2,21.82664992924269
403.4544673574962,-0.2555718737740449,31.039211324588152,R717,process_cooling,5.757071820957971,2.829524851849574,1.1835176734470942,0.3570069134505645,384.42417537729955,478.78828734706156,BITZER-CSH9563-160,screw,1417,500.0,135.0,BAC-VXC-584,evaporative,565.0,4,101.98273121580162
179.69626450667536,1.5293635827806398,27.062202713215598,R717,ice_making,7.264691847508016,2.350579957539455,1.1310307069082375,0.15580159792592554,157.54157669638963,206.2755536007158,BITZER-S6H-25.2,screw,418,190.0,55.0,BAC-VXC-292,evaporative,250.0,3,60.4389677692646
166.11919927860995,3.4528343469275242,26.035117830352853,R717,ice_making,8.365108021506979,2.123104173710123,1.1644066280767769,0.14046731982010344,132.8528134473535,184.12151517626054,BITZER-S6H-25.2,screw,418,190.0,55.0,BAC-VXC-292,evaporative,250.0,2,82.23057117952584
574.9184637020718,-4.731974567213278,34.45298077299059,R410A,process_cooling,4.088655258895087,3.0820464456639423,1.155665150051969,3.2257181944339286,458.38387196186136,700.161135252032,COPELAND-ZP91K5E,screw,91,80.0,27.0,GUNTNER-GACV-240,air_cooled,250.0,2,281.28428455809404
153.76004952263776,6.153513698839596,40.343539347518366,R410A,process_cooling,4.867947683635103,2.5229951868651104,1.131616886608016,0.9276471359001862,93.1959628958614,187.46735915891293,COPELAND-ZP91K5E,screw,91,80.0,27.0,GUNTNER-GACV-180,air_cooled,185.0,3,51.83989053616841
100.11388271700528,-23.81817315747139,43.562903063197446,R717,hvac,2.0918610102557387,10.717763222445727,1.107583841012064,0.09628234211226219,260.0903247778832,149.53250378883754,BITZER-6FE-35Y,screw,232,100.0,30.0,BAC-VXC-116,evaporative,105.0,2,50.584617711504904
126.90108236025553,-27.975681361369567,37.87820675820956,R717,cold_storage,2.1145332801568295,11.13145473190527,1.162931862676041,0.11970441624433409,388.0588204002215,189.11160874548216,BITZER-N320VLD,screw,320,150.0,42.5,BAC-VXC-292,evaporative,250.0,3,42.79750815357945
223.28811267883157,-27.983837746885897,35.788113285532745,R717,cold_storage,2.2033311313994597,10.49527372940841,1.1703343225512302,0.20614610637890549,668.5299540647092,324.5090762829769,BITZER-CSH8561-90,screw,856,300.0,82.5,BAC-VXC-438,evaporative,425.0,4,55.80136121328784
319.189520818921,-27.207873750276462,49.521617750722285,R410A,process_cooling,1.4859321523773155,10.039957387302932,1.121206358262118,2.37373682197426,747.8831293156414,544.8908371305337,COPELAND-ZP91K5E,screw,91,80.0,27.0,GUNTNER-GACV-240,air_cooled,250.0,4,81.42527277481777
795.1731436042777,-12.350289869052336,31.544939120899212,R410A,cold_storage,3.509329525964934,3.714265846141596,1.1474448684305774,4.491321437253166,824.5324210310263,1018.2590570733988,COPELAND-ZP91K5E,screw,91,80.0,27.0,GUNTNER-GACV-240,air_cooled,250.0,4,198.11185640199093
674.4725374262038,-35.46786175063718,33.25057653858714,R410A,process_cooling,1.8101324765133548,9.572831437291953,1.1782354432133217,4.139164750037851,1811.5654864423273,1046.946133081929,COPELAND-ZP91K5E,screw,91,80.0,27.0,GUNTNER-GACV-240,air_cooled,250.0,2,337.1925011526527
367.5981793821777,-7.901934088829734,25.595438566684933,R410A,hvac,4.965957582283867,2.7276864846491717,1.1872290447588156,1.9618397560896497,309.6707708493196,443.66148637930644,COPELAND-ZP91K5E,screw,91,80.0,27.0,GUNTNER-GACV-240,air_cooled,250.0,3,123.0986583386124
290.5522431066955,5.218645447495732,36.01531289118054,R410A,cold_storage,5.555372930586916,2.3344788728901507,1.1312149124867688,1.7146287954675692,177.3308775508406,354.2244042248594,COPELAND-ZP91K5E,screw,91,80.0,27.0,GUNTNER-GACV-240,air_cooled,250.0,4,75.04716693546969
411.46871479731595,-35.51860514915592,30.050603749065214,R717,process_cooling,2.048640751722635,12.894285606321771,1.1965466427318472,0.36780747786429474,1690.7817433460286,601.5171586186627,BITZER-CSH9563-160,screw,1417,500.0,135.0,BAC-VXC-584,evaporative,565.0,4,101.05262183731337
680.1628142662939,-25.514586637569007,46.31973016985964,R717,hvac,1.9089046301033035,12.4842064250283,1.1450164895595296,0.6596289191036021,1917.9603452569775,1039.9701859049242,BITZER-CSH9563-160,screw,1417,500.0,135.0,BAC-VXC-584,evaporative,565.0,4,170.61438543731174
177.16172937223416,-22.525615937859094,32.497145446584476,R717,hvac,2.718120454724486,7.401228741631211,1.13189313986708,0.15641125986078122,399.7740388990356,236.782227468813,BITZER-S6H-25.2,screw,418,190.0,55.0,BAC-VXC-292,evaporative,250.0,2,86.549457398617
396.3864108601372,-39.01778007700367,41.46975475895094,R410A,cold_storage,1.3829629069231386,13.711645802704892,1.1531000854779037,2.702825518282556,1372.4417006805916,682.5666890761611,COPELAND-ZP91K5E,screw,91,80.0,27.0,GUNTNER-GACV-240,air_cooled,250.0,2,198.0652761633853
749.9634254667582,1.8231542259468867,27.194770692480336,R410A,process_cooling,6.991644337820142,2.070774233844264,1.110306730975091,3.9888183908739627,458.8999373517836,862.1308275671456,COPELAND-ZP91K5E,screw,91,80.0,27.0,GUNTNER-GACV-240,air_cooled,250.0,4,188.5629497578526
219.70154241350187,-25.45170931540964,25.971500955297266,R410A,cold_storage,2.7969882116327174,5.238906351239104,1.126726547829178,1.2382986463119303,364.8453457646886,302.74000742425403,COPELAND-ZP91K5E,screw,91,80.0,27.0,GUNTNER-GACV-240,air_cooled,250.0,2,111.50419553069013
538.7657991977753,-2.792379064777215,30.62737275230625,R717,process_cooling,5.296620383175235,3.0771326939836676,1.193879725864723,0.4719388436284751,556.5111572064951,640.5171436776923,BITZER-CSH9563-160,screw,1417,500.0,135.0,BAC-VXC-584,evaporative,565.0,3,179.5977287562872
425.37009383567295,-32.57587314184412,36.88779161997573,R410A,hvac,1.781340761957736,9.26367073043726,1.1466710001609357,2.6734372577845247,1040.1612179489039,659.5386479254765,COPELAND-ZP91K5E,screw,91,80.0,27.0,GUNTNER-GACV-240,air_cooled,250.0,3,140.8029649711312
491.04900061259343,-19.498771225101773,31.52630183963575,R717,ice_making,3.020577506923529,6.281194751336511,1.1623709494713497,0.4533934123983339,1020.4815105772434,673.2979028798251,BITZER-CSH9563-160,screw,1417,500.0,135.0,BAC-VXC-584,evaporative,565.0,4,126.45872995828458
368.809374394209,-34.79934644994888,37.85170115071351,R410A,ice_making,1.6534819634119486,10.429995170689011,1.1028263394772158,2.3872767595726705,1016.519086283356,594.5690649148686,COPELAND-ZP91K5E,screw,91,80.0,27.0,GUNTNER-GACV-240,air_cooled,250.0,3,123.49926604555019
445.89449979421414,-29.46503413321955,42.4198183143874,R410A,ice_making,1.680022911778749,9.311952094635673,1.1107567484916756,2.9405162581711175,1011.2515722738759,701.5154801333834,COPELAND-ZP91K5E,screw,91,80.0,27.0,GUNTNER-GACV-240,air_cooled,250.0,2,219.87910521431598
437.90420933084476,-24.702941406907062,44.36021644335588,R717,process_cooling,2.017730817536698,11.407483019548884,1.1915958539623601,0.4142453079040104,1162.6383153171907,647.752508455588,BITZER-CSH9563-160,screw,1417,500.0,135.0,BAC-VXC-584,evaporative,565.0,4,108.27590973756942
393.71120997410776,7.475702485523186,33.73594073361264,R717,cold_storage,7.188114199853377,2.3120335487702666,1.1159891736006051,0.3373254459803678,278.24763958404327,437.30739465391963,BITZER-CSH9563-160,screw,1417,500.0,135.0,BAC-VXC-584,evaporative,565.0,2,191.94990546596267
487.4564712092173,-33.173970599288054,31.36773295357626,R717,hvac,2.115659357989805,11.903283559818734,1.1777062352157255,0.46022531289269764,1892.9344812108468,743.0108643727643,BITZER-CSH9563-160,screw,1417,500.0,135.0,BAC-VXC-584,evaporative,565.0,2,252.26729043199148
306.13630936789446,0.2232435139568878,47.55502818897685,R717,hvac,3.5668795633821673,4.405689999616497,1.1255766950362942,0.28213874258968263,298.6996273769978,383.7250941150505,BITZER-CSH8561-90,screw,856,300.0,82.5,BAC-VXC-438,evaporative,425.0,2,149.85080919697293
720.64742204048,-21.509003741319315,44.29379343046834,R410A,ice_making,1.9364576648100553,7.109131003597397,1.1112622909515901,4.697009284873574,1194.463590833456,1066.861119710477,COPELAND-ZP91K5E,screw,91,80.0,27.0,GUNTNER-GACV-240,air_cooled,250.0,2,351.77271876058626
226.55309022231722,1.78527338118883,33.04796775646678,R410A,ice_making,5.449479206446139,2.4107653947866297,1.1220408249505567,1.297295535661982,149.42845394311556,275.03709371127223,COPELAND-ZP91K5E,screw,91,80.0,27.0,GUNTNER-GACV-240,air_cooled,250.0,3,77.46408018407251
575.4837579755998,-3.9150546298743905,26.929989004646014,R410A,cold_storage,5.51415026520236,2.4730646321402245,1.1448302967264226,3.1365432358967515,433.9451221894226,694.8428207528225,COPELAND-ZP91K5E,screw,91,80.0,27.0,GUNTNER-GACV-240,air_cooled,250.0,4,147.04403369366813
316.9467983432356,2.072587423842542,42.190137865855704,R410A,blast_freezing,3.9541324054627527,2.9922332601785655,1.1693698583940364,1.9770384790670394,225.66445885776963,403.7293732567474,COPELAND-ZP91K5E,screw,91,80.0,27.0,GUNTNER-GACV-240,air_cooled,250.0,4,80.5589792105363
278.2169624329321,-29.80739098716947,45.88565675287646,R717,hvac,1.7455885486853695,15.140222349515378,1.102468986284745,0.26954733755768356,949.0353775256501,436.8428715388139,BITZER-CSH8561-90,screw,856,300.0,82.5,BAC-VXC-584,evaporative,565.0,3,92.57856140390582
779.060829724575,1.1756588484738941,43.76967115000777,R717,process_cooling,4.058078597345129,3.843508716391312,1.1025264555273504,0.721713751174962,738.8755269708192,973.4529015826315,BITZER-CSH9563-160,screw,1417,500.0,135.0,BAC-VXC-584,evaporative,565.0,2,390.4989127204784
194.66862129165256,-14.091240325218333,46.37098938955553,R410A,process_cooling,2.2025591744871784,5.676836313918465,1.1213139355176311,1.271563614062944,247.95595793636696,275.6809659905882,COPELAND-ZP91K5E,screw,91,80.0,27.0,GUNTNER-GACV-240,air_cooled,250.0,4,47.39987676974686
85.36523989480503,-0.41116552101328097,25.957375593889306,R410A,blast_freezing,6.667233437134924,2.1514863699532283,1.1639640070954156,0.4396352430413345,54.30705444071778,96.2589863904236,COPELAND-ZP91K5E,screw,91,80.0,27.0,GUNTNER-GACV-120,air_cooled,125.0,4,20.92609863613228
799.4524895661916,4.182835324324827,46.45415640965882,R717,process_cooling,4.135544682741102,3.6999339819216446,1.1137102586764123,0.7383028193602422,680.957692414756,982.9807242510271,BITZER-CSH9563-160,screw,1417,500.0,135.0,BAC-VXC-584,evaporative,565.0,4,197.89335691475034
360.05402514779695,-36.38190272918207,48.39392048059348,R410A,process_cooling,1.2464822146921928,14.367859325613706,1.1471131374872885,2.685668635679145,1220.7215665338895,653.0879592385256,COPELAND-ZP91K5E,screw,91,80.0,27.0,GUNTNER-GACV-240,air_cooled,250.0,2,181.1860606989009
628.9086228256112,-24.78785990214199,27.00527307233252,R717,blast_freezing,2.897058611885519,6.971954157000913,1.1601055695928983,0.5699983998420463,1605.6901323158434,866.2902881714167,BITZER-CSH9563-160,screw,1417,500.0,135.0,BAC-VXC-584,evaporative,565.0,4,160.99922978355735
515.0567264996608,-9.352461719186483,40.47457222413853,R717,ice_making,3.2395557970562656,5.278955610443003,1.1189960893001856,0.45653439770953935,686.7018038831409,648.6643150430498,BITZER-CSH9563-160,screw,1417,500.0,135.0,BAC-VXC-584,evaporative,565.0,2,247.8307094814437
343.157716971476,7.722659280026484,42.46009991999337,R717,cold_storage,5.254421636975156,2.9289157529484853,1.1870485034307927,0.314457123264667,257.24796023993264,410.1206615651255,BITZER-CSH9563-160,screw,1417,500.0,135.0,BAC-VXC-438,evaporative,425.0,2,172.27387302757572
555.2643739144324,-4.732646289310317,46.01532499411484,R410A,ice_making,2.8524166842887646,4.079934716841021,1.1104042299376937,3.5554500924183814,505.2508689812547,737.0040144727109,COPELAND-ZP91K5E,screw,91,80.0,27.0,GUNTNER-GACV-240,air_cooled,250.0,3,181.89816242215727
551.1733511866244,-39.53788892604867,36.71138586083785,R717,process_cooling,1.6461135405063334,19.30611776837987,1.1468243893865786,0.5318610594752846,2976.0192480184774,906.5666345957356,BITZER-CSH9563-160,screw,1417,500.0,135.0,BAC-VXC-584,evaporative,565.0,3,187.98785334733395
697.205545543927,-1.5861529606321199,37.76019946996363,R717,ice_making,4.410785405952175,3.6110477737406876,1.1065952934139578,0.6257588274807115,706.5453603072909,850.9164985224127,BITZER-CSH9563-160,screw,1417,500.0,135.0,BAC-VXC-584,evaporative,565.0,2,346.8267351018797
563.4410397855488,-30.559698761370207,49.967637772983394,R410A,cold_storage,1.3632545995652519,11.629116865870083,1.107421113891207,4.1925966986484795,1505.2876978597674,979.2946444370832,COPELAND-ZP91K5E,screw,91,80.0,27.0,GUNTNER-GACV-240,air_cooled,250.0,2,282.45537501631554
481.6956672531609,-33.18940223983028,30.375568327735653,R717,hvac,2.157014508327465,11.568350190175767,1.185047758183652,0.43842323394660215,1804.5671846518628,706.5084879696994,BITZER-CSH9563-160,screw,1417,500.0,135.0,BAC-VXC-584,evaporative,565.0,2,241.3592105432714
544.3994951729892,-39.259969519862516,40.30882193757657,R717,process_cooling,1.5564767977225245,21.039836262971832,1.1875411463887617,0.5216853945033171,2878.9585154818833,893.8814215753928,BITZER-CSH9563-160,screw,1417,500.0,135.0,BAC-VXC-584,evaporative,565.0,2,272.11389006870525
641.0718591845208,5.125383677266925,37.02021778663641,R717,ice_making,5.740911735531719,2.7612521447425964,1.1268823305897497,0.5633552332501314,503.11460502736173,740.6226043183508,BITZER-CSH9563-160,screw,1417,500.0,135.0,BAC-VXC-584,evaporative,565.0,2,315.3764036339145
723.3154730337639,-34.787958950969475,37.307730970605945,R410A,cold_storage,1.6748641562181135,10.28619424155573,1.124675298654366,4.646844638695907,1977.7360471146087,1158.9700772751098,COPELAND-ZP91K5E,screw,91,80.0,27.0,GUNTNER-GACV-240,air_cooled,250.0,2,362.8441160357633
316.6475009444319,-32.19660023999138,38.83763793419812,R410A,blast_freezing,1.7167636828490818,9.564413922716236,1.1087759667693173,2.0269839205325026,776.7324650930525,496.2945947179154,COPELAND-ZP91K5E,screw,91,80.0,27.0,GUNTNER-GACV-240,air_cooled,250.0,3,104.5386638502793
35.455971277763915,-24.930075195045596,40.819507599736376,R717,process_cooling,2.148675646283869,10.46767698216376,1.1971648990598474,0.03391790384033863,96.1393517114554,52.81801280751371,BITZER-4DC-10.2Y,reciprocating,67,37.5,12.0,BAC-VXC-116,evaporative,105.0,2,18.021668560646436
152.69557914827192,-4.428311622819976,45.27104766678326,R410A,ice_making,2.9417017438714166,3.968972210337655,1.138970784463708,1.0006348379923322,140.78385352996682,207.8155572169594,COPELAND-ZP91K5E,screw,91,80.0,27.0,GUNTNER-GACV-240,air_cooled,250.0,2,77.54663173326617
228.12472095157727,-9.52751999364305,30.152257738209073,R410A,process_cooling,4.012074199390082,3.2483515938683873,1.1567710162874683,1.2341781208886147,205.76303292959125,277.45022662946025,COPELAND-ZP91K5E,screw,91,80.0,27.0,GUNTNER-GACV-240,air_cooled,250.0,2,111.04692903493404
504.2417382766445,-36.97265926055339,35.46891330818074,R717,hvac,1.786171115063361,16.27928705360467,1.1109473751830623,0.47423029558353647,2338.6152899620956,791.8747546060717,BITZER-CSH9563-160,screw,1417,500.0,135.0,BAC-VXC-584,evaporative,565.0,2,253.82931539599403
812.266530926194,-28.94396171021041,43.95915644767139,R410A,cold_storage,1.638304730231144,9.456440581110153,1.155687721238984,5.404211756490168,1821.0646119599114,1278.9638513513592,COPELAND-ZP91K5E,screw,91,80.0,27.0,GUNTNER-GACV-240,air_cooled,250.0,3,264.732184958786
571.0849250943952,5.301153562341348,47.56774417065632,R717,hvac,4.150936725290732,3.6603247151868716,1.1807484272092044,0.5266622372645865,467.5373957194216,697.8537349019211,BITZER-CSH9563-160,screw,1417,500.0,135.0,BAC-VXC-584,evaporative,565.0,4,140.5931994302545
751.3583771178891,-38.050650602776216,49.17135358079082,R717,ice_making,1.3792584976734006,25.044663613265165,1.1558378433021947,0.7602515703647692,3952.0079234904942,1313.0142701034533,BITZER-CSH9563-160,screw,1417,500.0,135.0,BAC-VXC-584,evaporative,565.0,3,253.7185557849963
136.34254177528058,-19.979132050800622,47.928669395464354,R410A,process_cooling,1.8296083627701207,7.306313459029769,1.173278917769288,0.9182330816258637,220.8052492208303,203.92644153063773,COPELAND-ZP91K5E,screw,91,80.0,27.0,GUNTNER-GACV-240,air_cooled,250.0,3,43.95255161143516
683.7911298056313,9.384734155541885,41.97832946808707,R717,process_cooling,5.679846664757105,2.7276600815696743,1.1030214207527138,0.611322613519262,473.20392063335447,790.6728812784925,BITZER-CSH9563-160,screw,1417,500.0,135.0,BAC-VXC-584,evaporative,565.0,2,336.15298022764085
750.9820824965557,7.405148909927291,46.802552664478526,R717,process_cooling,4.53835607639478,3.3286811639408422,1.1893584602387643,0.7002451284082055,578.9749931808175,917.6351645690623,BITZER-CSH9563-160,screw,1417,500.0,135.0,BAC-VXC-584,evaporative,565.0,3,250.64929421839472
119.67358303174896,4.741125569746899,37.54413150966293,R717,blast_freezing,5.554270048341584,2.8413902168854315,1.1094306828515967,0.10652852667667556,96.39331272176008,140.3741703771433,BITZER-N320VLD,screw,320,150.0,42.5,BAC-VXC-116,evaporative,105.0,3,39.65232051451433
777.2114964981201,-23.499099527200382,38.46058349249639,R410A,process_cooling,2.137230925066372,6.668765350441515,1.1072950209056613,4.67837195684438,1280.7754966801342,1095.4258574320816,COPELAND-ZP91K5E,screw,91,80.0,27.0,GUNTNER-GACV-240,air_cooled,250.0,3,248.7520655997678
706.856180784826,-3.7497634600747034,46.67648479418929,R717,hvac,3.258676688316866,5.004843742917851,1.102478735101345,0.6573647679702224,802.5735041204111,912.3312052540168,BITZER-CSH9563-160,screw,1417,500.0,135.0,BAC-VXC-584,evaporative,565.0,4,174.52560080114313
756.9089779170456,-27.91511895639217,38.74685091712807,R410A,process_cooling,1.904391833436811,7.999230698822812,1.1060405608059132,5.0693157619513824,1641.319187616942,1213.3647129656508,COPELAND-ZP91K5E,screw,91,80.0,27.0,GUNTNER-GACV-240,air_cooled,250.0,3,265.1985892250029
461.7052012369505,-2.8785003236421645,25.035110693341085,R717,cold_storage,6.4793679121725285,2.607570815130046,1.132288000590584,0.4000795569501364,473.2464839783855,539.574124330509,BITZER-CSH9563-160,screw,1417,500.0,135.0,BAC-VXC-584,evaporative,565.0,2,233.71622498579427
789.7905515209087,0.7121851004222677,43.43559387362994,R410A,cold_storage,3.631525416962599,3.217769382015544,1.1972231157946587,4.820440321136752,574.4780396151373,985.1258024107325,COPELAND-ZP91K5E,screw,91,80.0,27.0,GUNTNER-GACV-240,air_cooled,250.0,4,193.1064319143053
501.5796534587369,-3.979916497815573,26.14496747447555,R717,hvac,5.927444304236176,2.814680118146861,1.1727113609737412,0.4257304485123311,524.1522469749787,578.0259225246622,BITZER-CSH9563-160,screw,1417,500.0,135.0,BAC-VXC-584,evaporative,565.0,2,247.29296344356874
247.64726223248098,-18.69070796205509,47.545954120107154,R410A,blast_freezing,1.9058745013496563,6.900705102574758,1.1673091487284244,1.7198344442196605,394.72531826200975,379.9619466450341,COPELAND-ZP91K5E,screw,91,80.0,27.0,GUNTNER-GACV-240,air_cooled,250.0,3,83.06848595349494
413.52685983672285,3.039643135183951,31.898924346283643,R717,process_cooling,6.377173039159668,2.569136066631224,1.1261398504974391,0.35934304936542083,344.75113319926965,474.8067481689597,BITZER-CSH9563-160,screw,1417,500.0,135.0,BAC-VXC-584,evaporative,565.0,3,136.81504541831353
680.3181610775401,-11.841023801975467,34.60629974450198,R410A,cold_storage,3.2530339574764167,3.94210354796518,1.1165846086850655,3.960557212006077,714.4682482213693,887.3205385164049,COPELAND-ZP91K5E,screw,91,80.0,27.0,GUNTNER-GACV-240,air_cooled,250.0,2,339.3440861065746
700.6283289386487,1.8425944226074833,31.857332300587537,R717,hvac,6.078191629089834,2.6811089593794235,1.1370285336281627,0.6145811214288561,614.6774027786937,816.6634782181119,BITZER-CSH9563-160,screw,1417,500.0,135.0,BAC-VXC-584,evaporative,565.0,4,175.32151491520872
467.6767136321077,-1.4685174835050532,28.01020401128957,R410A,hvac,5.837486072747889,2.3492262772317147,1.1488039124186764,2.4716134257841866,315.8597882203214,540.1962401982711,COPELAND-ZP91K5E,screw,91,80.0,27.0,GUNTNER-GACV-240,air_cooled,250.0,4,115.29778617307218
631.5367291542732,2.1171673461749876,40.65573750599294,R717,hvac,4.57674137289527,3.4094632368182305,1.1775863914965146,0.5585099142124171,553.2731848322256,747.6116542944126,BITZER-CSH9563-160,screw,1417,500.0,135.0,BAC-VXC-584,evaporative,565.0,4,153.3881957346138
702.6461504455015,-16.239505371016747,42.66762926889029,R410A,ice_making,2.3032910374486764,5.619608565314448,1.1245289072997111,4.532405469010648,953.0902211076188,1008.2309177585864,COPELAND-ZP91K5E,screw,91,80.0,27.0,GUNTNER-GACV-240,air_cooled,250.0,3,234.33692946672295
98.50078768796573,-30.01886661614884,46.79234789478256,R717,ice_making,1.709700437023752,15.669989526325182,1.1937459282040237,0.0962111676481915,342.02043729295417,156.38017319868302,BITZER-6FE-35Y,screw,232,100.0,30.0,BAC-VXC-292,evaporative,250.0,4,24.667233212068787
633.2932767701528,-27.60742494284115,34.51719788985091,R717,process_cooling,2.281921968340369,9.939686434396425,1.174239491457013,0.6027489652624259,1922.1478239412613,944.4654978432709,BITZER-CSH9563-160,screw,1417,500.0,135.0,BAC-VXC-584,evaporative,565.0,4,164.17183198279557
314.2655126115271,-25.553721392784354,39.718426841991565,R410A,ice_making,1.9689753675804271,7.4531548856224985,1.1458132146177245,2.047589249203352,605.6288535994133,482.60629416154717,COPELAND-ZP91K5E,screw,91,80.0,27.0,GUNTNER-GACV-240,air_cooled,250.0,2,160.028256855792
312.16196074817327,-24.319012137130564,40.89893458821169,R717,hvac,2.177211339340347,10.197957067234602,1.107535199816806,0.2873313135799005,793.1338492394053,445.7881640507689,BITZER-CSH8561-90,screw,856,300.0,82.5,BAC-VXC-584,evaporative,565.0,4,76.3700413706631
678.3097209668331,-23.40860533257452,25.65395023049167,R410A,hvac,2.989292440998339,4.795680573506274,1.1304706785355665,3.7883430274972776,1033.619310106408,917.9139305782835,COPELAND-ZP91K5E,screw,91,80.0,27.0,GUNTNER-GACV-240,air_cooled,250.0,2,343.909755269541
134.50126827680097,8.148026715576755,47.932850509847576,R717,cold_storage,4.497083092921439,3.3412123855171734,1.105562957479679,0.12759515295902293,102.90880715620511,166.72360051376452,BITZER-N320VLD,screw,320,150.0,42.5,BAC-VXC-292,evaporative,250.0,4,34.09853336703755
604.5813832171921,4.728130901081009,25.6846462503565,R717,process_cooling,9.111114082457457,2.0057420751229604,1.1933174683526575,0.520092805716135,470.8198303278226,677.531858856442,BITZER-CSH9563-160,screw,1417,500.0,135.0,BAC-VXC-584,evaporative,565.0,3,203.50774438894052
692.2642581161714,-27.525124537298296,37.529522080841964,R410A,hvac,1.9802436952418516,7.642630349971353,1.1702737149583464,4.420229777964941,1409.7752849623068,1059.7027039233708,COPELAND-ZP91K5E,screw,91,80.0,27.0,GUNTNER-GACV-240,air_cooled,250.0,4,176.03171190541713
623.096520214959,-34.716075047866404,36.65034599345355,R410A,ice_making,1.7033802396781548,10.089182066597328,1.167000479431809,3.8962181000832334,1653.3889823315694,973.082111918586,COPELAND-ZP91K5E,screw,91,80.0,27.0,GUNTNER-GACV-240,air_cooled,250.0,4,153.28299148400038
540.7995256761517,-39.00197176095498,49.78326553319789,R717,cold_storage,1.3384390600678713,26.758350646945715,1.1401255116684126,0.5125110046038833,2792.3159571950423,892.3858350608671,BITZER-CSH9563-160,screw,1417,500.0,135.0,BAC-VXC-584,evaporative,565.0,2,255.38490155524573
378.38153691530846,-0.22505429745842775,34.01199416434635,R410A,process_cooling,4.864549760364161,2.6326037236582054,1.1774770016630864,2.193512983410992,269.349782215104,467.49411233881267,COPELAND-ZP91K5E,screw,91,80.0,27.0,GUNTNER-GACV-240,air_cooled,250.0,4,96.94471293940447
299.1930017666984,-36.19593101643626,39.894941967113006,R410A,blast_freezing,1.5276154843053413,11.64885567415616,1.1950849842454883,1.904767358573706,859.1203788833783,475.4030660694207,COPELAND-ZP91K5E,screw,91,80.0,27.0,GUNTNER-GACV-240,air_cooled,250.0,3,95.77314924194535
559.2829566826138,9.03856849210532,29.563385024297514,R410A,cold_storage,8.9818160756373,1.7663542102335221,1.1223231580236734,3.009350270946718,276.6620126244884,626.534443446192,COPELAND-ZP91K5E,screw,91,80.0,27.0,GUNTNER-GACV-240,air_cooled,250.0,3,187.92228766935372
533.4754444810834,-1.5876837867689915,29.52713964850607,R410A,ice_making,5.469209178320566,2.4531018372457387,1.1701446161797409,2.906335409626192,372.8441740470397,632.526706029235,COPELAND-ZP91K5E,screw,91,80.0,27.0,GUNTNER-GACV-240,air_cooled,250.0,2,267.3758701249823
197.16574700993795,-11.502416311946071,29.328062881641674,R410A,ice_making,3.8603672570803593,3.4055287815344197,1.1448270167744556,1.084747818808552,193.42467383144185,246.5950240172221,COPELAND-ZP91K5E,screw,91,80.0,27.0,GUNTNER-GACV-240,air_cooled,250.0,2,97.92957055747958
629.9501000481997,-39.65355627135233,44.834052067489324,R717,blast_freezing,1.4303005822432702,24.30697283545796,1.1997910121541964,0.6058186302006445,3409.4680535937096,1050.225596776599,BITZER-CSH9563-160,screw,1417,500.0,135.0,BAC-VXC-584,evaporative,565.0,4,154.52186177417389
99.22661428285409,-23.529066779663637,40.20795415682446,R410A,process_cooling,2.0438903188474775,6.966974164317388,1.1906367314145043,0.6511880719458906,178.47225278263176,151.63692284862722,COPELAND-ZP91K5E,screw,91,80.0,27.0,GUNTNER-GACV-180,air_cooled,185.0,4,25.455026801645815
763.529570092192,-26.937241032000266,47.71018834429558,R410A,blast_freezing,1.564458225365759,9.523455866310318,1.1549993739303324,5.571667048308315,1737.2907369486722,1286.2713962394798,COPELAND-ZP91K5E,screw,91,80.0,27.0,GUNTNER-GACV-240,air_cooled,250.0,2,392.34756214688275
779.376149050919,-14.164634363574173,38.59560607582496,R410A,process_cooling,2.717417359991333,4.724901109868249,1.1350323091959775,4.855780267919688,949.3076276930808,1085.1810360864492,COPELAND-ZP91K5E,screw,91,80.0,27.0,GUNTNER-GACV-240,air_cooled,250.0,3,264.42101245989534
525.9509772721107,-16.785038685365002,48.82910646082159,R717,cold_storage,2.229953678191514,9.014771093675492,1.1554415620457068,0.5197540941198247,1046.741523328147,778.770970248002,BITZER-CSH9563-160,screw,1417,500.0,135.0,BAC-VXC-584,evaporative,565.0,2,268.83097446550073
132.1199389906485,9.737596935445886,31.327565500787724,R717,ice_making,8.97174964603553,1.9914495222463469,1.1019662125774647,0.1114331986968376,85.25704993345734,142.68016955016748,BITZER-N320VLD,screw,320,150.0,42.5,BAC-VXC-116,evaporative,105.0,2,64.18586537453487
565.7794034327306,-9.687800069386341,38.1062079106329,R717,ice_making,3.4021996189887873,5.009325808415674,1.1039423825398584,0.5112767516932755,778.9397050816541,725.6449881610918,BITZER-CSH9563-160,screw,1417,500.0,135.0,BAC-VXC-584,evaporative,565.0,3,186.9360256172637
96.64240253545572,-12.013390777085242,33.48199816947272,R410A,cold_storage,3.3457040410936765,3.8554786936474974,1.118713203219016,0.542191836350845,98.39009591804951,122.00654514579583,COPELAND-ZP91K5E,screw,91,80.0,27.0,GUNTNER-GACV-120,air_cooled,125.0,2,46.965668540032084
617.985727472296,-27.897994282900086,33.72088887683219,R717,ice_making,2.30249733602589,9.849167565237138,1.166076820171421,0.5745135826465414,1856.0089129286027,900.5954173867808,BITZER-CSH9563-160,screw,1417,500.0,135.0,BAC-VXC-584,evaporative,565.0,3,209.29802897439097
620.1086542912105,-17.809692059848913,49.049430821561536,R410A,hvac,1.8711844566611928,6.916120563162317,1.120498852161186,4.38934828017528,976.0500742089741,959.0095360024375,COPELAND-ZP91K5E,screw,91,80.0,27.0,GUNTNER-GACV-240,air_cooled,250.0,4,156.24942986459763
439.38300306558597,-12.475002576094788,39.18201915401657,R717,cold_storage,3.063310980656255,5.788236825551466,1.1090597859679705,0.41078046701298526,696.9543911254221,592.8257379234963,BITZER-CSH9563-160,screw,1417,500.0,135.0,BAC-VXC-584,evaporative,565.0,3,148.97617577077452
47.16943044633017,-2.025108208203399,35.67069599805585,R410A,process_cooling,4.3015181747826565,2.90776744149575,1.1838858876058629,0.2715400081847682,35.33028973058389,57.98385778494361,COPELAND-ZP61K5E,screw,61,55.0,18.5,GUNTNER-GACV-060,air_cooled,65.0,3,15.68221340145791
496.2918898961124,-21.614813657280173,28.80658978962274,R717,blast_freezing,3.036152941784262,6.367605323974062,1.1179413813012258,0.4433071944337769,1090.1393446686177,663.4308256481211,BITZER-CSH9563-160,screw,1417,500.0,135.0,BAC-VXC-584,evaporative,565.0,4,124.76468818296644
810.714772952345,-20.958919195139362,31.347468484668223,R717,ice_making,2.912244184936901,6.6676192251089095,1.1714501213323492,0.713678939841131,1707.20968875223,1068.4891581536274,BITZER-CSH9563-160,screw,1417,500.0,135.0,BAC-VXC-584,evaporative,565.0,2,397.6875151967557
399.10897125899965,-2.3294783373998484,44.64228542910827,R717,process_cooling,3.5686444456277964,4.488941354730458,1.1040889957376905,0.3757790319288542,435.7769717899143,516.5688621936541,BITZER-CSH9563-160,screw,1417,500.0,135.0,BAC-VXC-584,evaporative,565.0,3,134.50018729412844
401.099887455008,-10.271425826261762,25.88302585445293,R410A,ice_making,4.507654616940215,2.9812519747763724,1.174337198728547,2.1941125729884927,375.14657285565994,500.8608176435886,COPELAND-ZP91K5E,screw,91,80.0,27.0,GUNTNER-GACV-240,air_cooled,250.0,3,136.64059290327864
545.6996263219986,-21.853353849469883,45.37160942103653,R410A,process_cooling,1.8684589763016726,7.389085512256961,1.1034131503695568,3.683266383737022,948.618592573499,834.6980931317246,COPELAND-ZP91K5E,screw,91,80.0,27.0,GUNTNER-GACV-240,air_cooled,250.0,3,181.23542495567474
187.50601401990556,-24.943188870795478,44.64753069348747,R717,ice_making,1.9955722706873067,11.624867594297754,1.1491321721127583,0.1788347741466221,507.19133686400335,280.19535174858834,BITZER-S6H-25.2,screw,418,190.0,55.0,BAC-VXC-292,evaporative,250.0,4,46.66471243211461
615.2753751919571,-4.001665687039221,28.934222119061513,R717,ice_making,5.360917363918592,3.06512759963711,1.1237911952189736,0.5374551681617534,662.2313035010278,732.3155427172861,BITZER-CSH9563-160,screw,1417,500.0,135.0,BAC-VXC-584,evaporative,565.0,2,308.59409769175636
636.1275616787061,-21.90952423092721,39.98363848611292,R717,process_cooling,2.3526548420418067,8.906958211974912,1.1020457961673429,0.5999482972300612,1493.8343829356531,915.7681466212471,BITZER-CSH9563-160,screw,1417,500.0,135.0,BAC-VXC-584,evaporative,565.0,2,321.3104936003523
524.069360977242,-24.81310751758927,30.892667081290597,R410A,blast_freezing,2.503445661152247,5.807386658080006,1.1894821285124777,3.114122961129049,895.634817708274,750.039419835002,COPELAND-ZP91K5E,screw,91,80.0,27.0,GUNTNER-GACV-240,air_cooled,250.0,2,267.976602591509
396.45406098479293,-24.219616099149036,41.55013590127031,R410A,cold_storage,1.94337340738277,7.3927546332560485,1.1538308765311736,2.575924850639754,724.4826810826324,599.2867335600072,COPELAND-ZP91K5E,screw,91,80.0,27.0,GUNTNER-GACV-240,air_cooled,250.0,2,197.84066446964852
68.49697993261276,-21.693853041720647,39.16546091097833,R717,cold_storage,2.4056594818438723,8.622206927956862,1.1177906815573844,0.061689163771326556,152.20749613182144,93.92131318845168,BITZER-4NES-20Y,screw,134,50.0,15.0,BAC-VXC-116,evaporative,105.0,3,22.11443420611722
450.4202927723151,-2.136191322077572,25.28853313121061,R717,ice_making,6.625597032825505,2.5545659821546476,1.181969149600665,0.3977898929871972,458.10299448683645,534.7518977338766,BITZER-CSH9563-160,screw,1417,500.0,135.0,BAC-VXC-584,evaporative,565.0,2,232.3129960625901
643.0870983256245,-0.8502850009579674,35.58392430266264,R410A,ice_making,4.494814255376301,2.7936271831666697,1.1312229768722326,3.505747443939234,439.19720317483524,744.9628909974512,COPELAND-ZP91K5E,screw,91,80.0,27.0,GUNTNER-GACV-240,air_cooled,250.0,2,304.69363171880065
682.186641999522,3.686550204632077,32.200839033957884,R410A,ice_making,6.0993350104472555,2.223548384530782,1.1128923715703771,3.687424704611113,400.0478103131344,777.781945929086,COPELAND-ZP91K5E,screw,91,80.0,27.0,GUNTNER-GACV-240,air_cooled,250.0,4,167.0562329541412
361.59786716020744,-30.930171744590496,30.310412682576764,R717,hvac,2.2867983512630117,10.321321285054307,1.1236945030836918,0.339692592592722,1258.971749493072,539.4100442971891,BITZER-CSH9563-160,screw,1417,500.0,135.0,BAC-VXC-584,evaporative,565.0,3,125.09863887040883
336.96934046688585,-38.52332687262425,47.279763279795006,R410A,process_cooling,1.221738199808562,15.390670518870078,1.1575556075453917,2.447755046593281,1217.1163125504927,605.2982643012643,COPELAND-ZP91K5E,screw,91,80.0,27.0,GUNTNER-GACV-240,air_cooled,250.0,3,110.95156813681511
634.9681489315606,9.404706044359962,34.960226959280305,R717,ice_making,7.4539972907511185,2.238992512376018,1.1532366514517964,0.5501406318672685,425.5638671731201,707.6153672167233,BITZER-CSH9563-160,screw,1417,500.0,135.0,BAC-VXC-584,evaporative,565.0,3,207.9711663301105
136.89515448444507,-9.000111756352151,49.74790170773646,R717,process_cooling,2.6460261526306126,6.673414044016158,1.145956780757929,0.1290539571382056,191.53465541315316,184.96171932331643,BITZER-N320VLD,screw,320,150.0,42.5,BAC-VXC-292,evaporative,250.0,2,67.11602249642473
311.3226204018154,-13.96411228638135,36.117887617584806,R717,process_cooling,3.1619497926038203,5.650440197586698,1.1162125605931663,0.2866198189811304,515.6073312825539,415.3645445171444,BITZER-CSH8561-90,screw,856,300.0,82.5,BAC-VXC-438,evaporative,425.0,4,78.89101868341454
372.84369767594035,-35.321299545912325,36.34296259940909,R410A,cold_storage,1.6914509283924992,10.277808133649641,1.1901787972322175,2.38117642230688,1035.8855705486214,597.1632121891636,COPELAND-ZP91K5E,screw,91,80.0,27.0,GUNTNER-GACV-240,air_cooled,250.0,3,125.09637571366079
429.89671162156696,-38.437314459457,25.33353409721798,R717,hvac,2.0901593891474697,13.014411869395722,1.1133188973305417,0.3879586958631622,2055.488918964619,640.6516396874812,BITZER-CSH9563-160,screw,1417,500.0,135.0,BAC-VXC-584,evaporative,565.0,3,144.44390199507248
262.3672363493292,-24.750216968064358,33.819377114937865,R410A,ice_making,2.3274008023451787,6.24028515219433,1.1216499280175505,1.5596949600897152,447.51214509333045,372.6069491275749,COPELAND-ZP91K5E,screw,91,80.0,27.0,GUNTNER-GACV-240,air_cooled,250.0,2,130.31278223947254
610.1993758169285,-2.0564863746702926,44.980110857244334,R717,process_cooling,3.5661071706434715,4.483013836507397,1.1582610594690232,0.5715906041564686,656.3711083301359,784.8751492430034,BITZER-CSH9563-160,screw,1417,500.0,135.0,BAC-VXC-584,evaporative,565.0,2,306.4918094531826
568.8075357540716,-35.86952556101121,25.663749937688316,R410A,cold_storage,2.1386598896409463,8.004782477964302,1.145415831502617,3.2123399359406943,1429.4317286283738,827.7077545236687,COPELAND-ZP91K5E,screw,91,80.0,27.0,GUNTNER-GACV-240,air_cooled,250.0,3,187.99800309541754
726.7663481823378,-39.88002870905477,43.70301610871401,R410A,hvac,1.2892368774608565,15.03749993092417,1.1243101980806793,4.983407503787948,2625.3645313939905,1256.678753092487,COPELAND-ZP91K5E,screw,91,80.0,27.0,GUNTNER-GACV-240,air_cooled,250.0,4,176.9319513808225
329.33819925799304,-4.443260138029011,46.77588135214996,R410A,process_cooling,2.8111807982150006,4.113754763158508,1.1693887711770277,2.079964045826318,292.7829729102738,429.034451134859,COPELAND-ZP91K5E,screw,91,80.0,27.0,GUNTNER-GACV-240,air_cooled,250.0,4,79.11546805703313
185.61568419615185,-13.601255848573366,35.96616203067828,R717,ice_making,3.206383671394696,5.540928193095442,1.1149105393350145,0.16948820478908702,300.5588928030015,245.07313112089517,BITZER-S6H-25.2,screw,418,190.0,55.0,BAC-VXC-292,evaporative,250.0,2,93.40546979432634
232.58147821479704,-21.414890682213425,25.464966791831518,R410A,cold_storage,3.1852165139501896,4.41959255545007,1.1593621009652706,1.2821722416924393,324.9340756026111,307.93046270287243,COPELAND-ZP91K5E,screw,91,80.0,27.0,GUNTNER-GACV-240,air_cooled,250.0,4,58.58867705411534
370.2063267952016,-17.620931099635047,45.443441613531775,R410A,blast_freezing,2.067126835075269,6.313929293844467,1.1606215784800702,2.4923808641245535,550.4967742958788,552.3241328722219,COPELAND-ZP91K5E,screw,91,80.0,27.0,GUNTNER-GACV-240,air_cooled,250.0,4,93.06136476516383
509.9445869696063,5.494289119238232,39.76797367026268,R410A,cold_storage,4.854664113060674,2.538516076770287,1.1356068699845032,3.0718902585745504,314.9915922384386,624.1827265577195,COPELAND-ZP91K5E,screw,91,80.0,27.0,GUNTNER-GACV-240,air_cooled,250.0,3,172.5232751242048
674.9979979368491,-19.84134533150162,49.37543407180469,R717,ice_making,2.053990156535557,10.452127217278862,1.1867393222973093,0.65153419900998,1487.4541245689031,995.3618186115937,BITZER-CSH9563-160,screw,1417,500.0,135.0,BAC-VXC-584,evaporative,565.0,2,334.72003392748013
548.0582281941647,-15.07819314508183,28.25571266581517,R410A,process_cooling,3.560514080955239,3.7605376278713765,1.1787819509741762,2.9947543399205534,604.4931704765457,693.8442759274028,COPELAND-ZP91K5E,screw,91,80.0,27.0,GUNTNER-GACV-240,air_cooled,250.0,3,180.56753183055295
166.59296240008473,-26.929806316234988,26.921942734889218,R717,ice_making,2.7350646201263915,7.688150369693638,1.1816072585144952,0.14754675655138277,456.57239551026396,227.09752545021303,BITZER-S6H-25.2,screw,418,190.0,55.0,BAC-VXC-292,evaporative,250.0,4,41.57400676752629
681.781878246838,-3.9452948186779366,44.603300903006335,R717,ice_making,3.4100275258629247,4.771101358691887,1.1529270186627292,0.6353472060126808,781.2413705220255,880.8555627781284,BITZER-CSH9563-160,screw,1417,500.0,135.0,BAC-VXC-584,evaporative,565.0,3,227.03877302104766
671.3583179905611,-8.317950909265416,42.9384453895765,R717,hvac,3.142196516976422,5.417493613103042,1.1537622135161842,0.633172807516191,915.7564771872737,897.1831424796961,BITZER-CSH9563-160,screw,1417,500.0,135.0,BAC-VXC-584,evaporative,565.0,3,226.86238519713936
488.8582160314442,-0.7316744348251021,31.951493093867946,R717,blast_freezing,5.472647028274614,2.958910281160832,1.11241695789984,0.4302365371306733,471.18141568677237,578.9172647239479,BITZER-CSH9563-160,screw,1417,500.0,135.0,BAC-VXC-584,evaporative,565.0,2,244.73834542256182
728.6254052828889,4.964918917682475,28.374283957119054,R717,cold_storage,8.085761722814121,2.1580087731325315,1.1407959219680779,0.6066938982644322,544.7924595198575,791.6620784711422,BITZER-CSH9563-160,screw,1417,500.0,135.0,BAC-VXC-584,evaporative,565.0,3,234.84330489804358
776.4514454760699,-9.96041125158099,39.6598513475129,R410A,ice_making,2.965114102852888,4.182858471034419,1.1490183576525694,4.696594401899726,794.5836707908196,1024.824482402362,COPELAND-ZP91K5E,screw,91,80.0,27.0,GUNTNER-GACV-240,air_cooled,250.0,2,383.18210357853303
792.6854353914897,-16.371726201292706,43.84839939493704,R410A,hvac,2.22454496386828,5.807936412346368,1.1516660563773504,5.179714274731119,1094.3192984282803,1147.7719020763998,COPELAND-ZP91K5E,screw,91,80.0,27.0,GUNTNER-GACV-240,air_cooled,250.0,2,395.91170739492145
553.5737037848845,-31.585759541099126,37.91437882126672,R410A,cold_storage,1.7799350481743719,9.114008937602039,1.1390987435729156,3.548116634012177,1326.8399319810956,868.1639327185342,COPELAND-ZP91K5E,screw,91,80.0,27.0,GUNTNER-GACV-240,air_cooled,250.0,2,277.93372590151404
220.03738831598312,-20.237574889518488,41.971780195359415,R410A,hvac,2.120211113946778,6.409450303165854,1.1980757199574377,1.463517409176061,355.2541035524408,333.0605186060019,COPELAND-ZP91K5E,screw,91,80.0,27.0,GUNTNER-GACV-240,air_cooled,250.0,3,75.4391917060699
541.3734836169928,-34.79014003932025,46.09283045318744,R717,ice_making,1.5573486357961528,19.506841712761734,1.146149984269875,0.533861647601338,2370.135569160587,895.6840758095955,BITZER-CSH9563-160,screw,1417,500.0,135.0,BAC-VXC-584,evaporative,565.0,2,272.7223723120086
604.0695112642915,5.487583858236377,47.883844686878305,R410A,blast_freezing,3.6413513743391643,3.079231500373512,1.119687274980973,3.925863938686148,402.64189916678833,767.6881503472208,COPELAND-ZP91K5E,screw,91,80.0,27.0,GUNTNER-GACV-240,air_cooled,250.0,2,301.1431451609022
687.3171282941072,-20.650548385433403,39.49822912629251,R410A,ice_making,2.2362931139719358,6.13235200961927,1.16490580745248,4.288371776529419,1056.761771374967,986.3853732511634,COPELAND-ZP91K5E,screw,91,80.0,27.0,GUNTNER-GACV-240,air_cooled,250.0,4,170.39918359070975
181.81887882377836,-3.5706810085081315,32.91680402412711,R717,blast_freezing,4.778024531237528,3.3908977479472124,1.1464578572017452,0.1595993396917613,193.58794288384345,218.03130192384762,BITZER-S6H-25.2,screw,418,190.0,55.0,BAC-VXC-292,evaporative,250.0,3,60.09890886511909
546.975246105529,-26.25610083262768,33.37644878378572,R717,ice_making,2.418016841515637,9.021693952031793,1.1926096177714975,0.5026763468828926,1509.9169457897788,779.5001846755489,BITZER-CSH9563-160,screw,1417,500.0,135.0,BAC-VXC-584,evaporative,565.0,2,275.7219554357488
447.9621000208542,-14.215652587052048,48.574730144808086,R717,blast_freezing,2.3840432690674933,8.025260602087597,1.12659959185961,0.4325313186237591,785.8782178944728,638.027353553212,BITZER-CSH9563-160,screw,1417,500.0,135.0,BAC-VXC-584,evaporative,565.0,2,224.7437010665988
107.76953339697909,-30.393878821023485,29.469121234830965,R410A,cold_storage,2.2431944440058493,7.0102547276322085,1.1517222951635047,0.6430985990766566,229.38777464406078,159.81627775440032,COPELAND-ZP91K5E,screw,91,80.0,27.0,GUNTNER-GACV-180,air_cooled,185.0,2,55.26942533201377
237.89159676486443,-3.9698698220377366,43.323199171248405,R410A,cold_storage,3.161742711445432,3.733071828322512,1.1777207385912307,1.492430196258097,206.8499719415996,311.9379097489939,COPELAND-ZP91K5E,screw,91,80.0,27.0,GUNTNER-GACV-240,air_cooled,250.0,4,59.246058740009175
39.62707429491824,1.1276449566523752,42.20911256550239,R717,blast_freezing,4.233773544827313,3.6904230442875297,1.112571042299417,0.03535660719179351,36.25840546602428,47.632477231759964,BITZER-4DC-10.2Y,reciprocating,67,37.5,12.0,BAC-VXC-116,evaporative,105.0,2,19.265747767949
590.4608919952803,-27.99073638231352,25.584157682490304,R717,ice_making,2.7385448245562785,7.762097422983014,1.1606758878057548,0.5335712031206887,1730.900314611051,824.4769362914042,BITZER-CSH9563-160,screw,1417,500.0,135.0,BAC-VXC-584,evaporative,565.0,2,301.97137560264827
289.3514843725158,1.671871465837512,45.56089185405213,R717,cold_storage,3.923167230287087,3.9598223415675893,1.1597653121962477,0.2689521930305172,270.6035847201732,362.4225878707452,BITZER-CSH8561-90,screw,856,300.0,82.5,BAC-VXC-438,evaporative,425.0,3,96.26895003032679
247.32897121713825,-3.7887715140299534,27.645821795534875,R717,hvac,5.655099156696503,2.924408652869906,1.178053525943153,0.207840549530737,254.11241837746584,282.4530177996586,BITZER-CSH8561-90,screw,856,300.0,82.5,BAC-VXC-292,evaporative,250.0,3,80.00380786503106
519.0245360844,1.5101880659340097,44.81135436360405,R717,hvac,3.9842860453872944,3.904330532335131,1.151953571018729,0.4809656220320499,486.66350998772117,648.2279058886871,BITZER-CSH9563-160,screw,1417,500.0,135.0,BAC-VXC-584,evaporative,565.0,2,259.0867955956407
581.0200859455349,-12.561603691968369,25.17598453228946,R410A,hvac,4.260633643338924,3.1697784273363583,1.1559192140255872,3.117422009999748,576.4919276083754,720.0590735860753,COPELAND-ZP91K5E,screw,91,80.0,27.0,GUNTNER-GACV-240,air_cooled,250.0,2,291.5911011971829
69.18426995045562,-9.257569619131882,44.74629182309981,R717,hvac,2.936744642776694,5.908060762432322,1.1068509205060553,0.06575099618284709,98.54358586999795,93.84683160529725,BITZER-6FE-35Y,screw,232,100.0,30.0,BAC-VXC-116,evaporative,105.0,2,35.004071252641886
473.56784901338796,-23.34401927687065,26.008601356151594,R717,ice_making,3.091573060751357,6.328080165086941,1.164580882508351,0.42086001043836124,1113.9554401324476,633.1208786225935,BITZER-CSH9563-160,screw,1417,500.0,135.0,BAC-VXC-584,evaporative,565.0,2,239.19155584984267
504.92298841587666,-35.650615428917035,32.87077011539358,R717,hvac,1.934229240288912,14.105197984889712,1.16917845840944,0.4652283079924754,2152.211077946247,765.858115208658,BITZER-CSH9563-160,screw,1417,500.0,135.0,BAC-VXC-584,evaporative,565.0,3,168.28327975756972
164.36215511470752,-27.274543983998832,42.28738568711038,R717,hvac,1.9757581837800622,12.16582278732319,1.1914809627510587,0.1505965891906465,473.18891565193803,238.61036499509945,BITZER-S6H-25.2,screw,418,190.0,55.0,BAC-VXC-292,evaporative,250.0,2,79.21281775237473
65.03284795266676,2.8750316059799346,37.432448167797915,R410A,blast_freezing,4.808483654459737,2.599414171543791,1.186477570410547,0.382764541902562,42.598000430454036,79.44663721461413,COPELAND-ZP91K5E,screw,91,80.0,27.0,GUNTNER-GACV-060,air_cooled,65.0,3,21.92298249560953
766.1219510746329,-3.1994390790154057,32.46279073232929,R410A,blast_freezing,4.615495006588387,2.786948464280151,1.1776273734017515,4.134746522357101,558.8556609373362,897.4958399553025,COPELAND-ZP91K5E,screw,91,80.0,27.0,GUNTNER-GACV-240,air_cooled,250.0,3,245.8903185375161
74.65210672773712,8.514285113310855,28.53026193818661,R410A,hvac,9.236639814658282,1.746746563908279,1.1488890875303739,0.38232819384248834,35.71730199999905,80.05476605217795,COPELAND-ZP91K5E,screw,91,80.0,27.0,GUNTNER-GACV-060,air_cooled,65.0,3,24.078117196617246
103.45453082439327,-2.374523360526098,44.62372992366001,R410A,hvac,3.1838004910935482,3.654478201290929,1.16523978929616,0.6859388711091987,90.26258575628506,141.47611258363983,COPELAND-ZP91K5E,screw,91,80.0,27.0,GUNTNER-GACV-180,air_cooled,185.0,4,26.91522442816497
185.9912430150444,-29.48467946115694,33.390664379804505,R717,process_cooling,2.2274310760577505,10.528679085502713,1.1025770848159864,0.16464974630111473,571.2768929050027,260.54926555682937,BITZER-S6H-25.2,screw,418,190.0,55.0,BAC-VXC-292,evaporative,250.0,3,59.93988379288117
649.9834691907553,-16.36184848909407,35.10871676666896,R410A,process_cooling,2.815946072482423,4.6926481941238265,1.1244881085760858,3.8742248245979813,818.2219595387317,885.1298217254678,COPELAND-ZP91K5E,screw,91,80.0,27.0,GUNTNER-GACV-240,air_cooled,250.0,2,326.58714218980606
454.64451498557344,-25.60835083185254,31.342688874540144,R717,blast_freezing,2.5685714448258485,8.246681448992227,1.1452069148715809,0.4084853841063232,1192.6068704293934,628.6917255917513,BITZER-CSH9563-160,screw,1417,500.0,135.0,BAC-VXC-584,evaporative,565.0,4,113.12927588255606
575.1460883951147,-17.13045015445006,32.42651463823027,R410A,ice_making,2.968385892082924,4.511154699014893,1.1120147171280008,3.2732255939116404,710.4231439769109,756.6599849652939,COPELAND-ZP91K5E,screw,91,80.0,27.0,GUNTNER-GACV-240,air_cooled,250.0,3,188.66266920224214
152.639674308914,-2.8557215401230707,28.387974271170993,R717,blast_freezing,5.713614430846391,2.8852454644612266,1.1258294691516746,0.13228510455086284,156.34862273438887,179.11777527133515,BITZER-S6H-25.2,screw,418,190.0,55.0,BAC-VXC-292,evaporative,250.0,3,50.812664134599856
222.7392928074795,7.658275338953196,42.06918611520973,R410A,process_cooling,4.82150071243002,2.5131583642984543,1.1000049531197724,1.3374441370634864,128.27030988336145,266.3850445067806,COPELAND-ZP91K5E,screw,91,80.0,27.0,GUNTNER-GACV-240,air_cooled,250.0,4,55.1565543540928
813.9001864646327,6.1150005443386775,46.89458210479743,R410A,cold_storage,3.8428087771079475,2.952000736538201,1.1466092146443396,5.05114431902517,508.06821214883496,989.8336761145849,COPELAND-ZP91K5E,screw,91,80.0,27.0,GUNTNER-GACV-240,air_cooled,250.0,2,392.7206001226513
458.46564897052104,-3.9169871388787953,25.547359212707644,R717,cold_storage,6.07757282505518,2.756914546443484,1.1145326368137258,0.40182950744765505,493.5912667705994,545.0000780378887,BITZER-CSH9563-160,screw,1417,500.0,135.0,BAC-VXC-584,evaporative,565.0,3,155.9987557792079
642.7186909896116,-15.647832891996313,42.489668487083826,R717,ice_making,2.6136430024327124,7.247913937939275,1.1265663080364787,0.6105441231475884,1174.5005200444768,901.1283437887538,BITZER-CSH9563-160,screw,1417,500.0,135.0,BAC-VXC-584,evaporative,565.0,2,325.87997603135
636.5435524020761,-30.464786201121726,37.15717215156303,R717,process_cooling,2.0193368101177964,12.301374679462313,1.1440667878378181,0.6174044974384462,2239.9357313166124,989.9438304957812,BITZER-CSH9563-160,screw,1417,500.0,135.0,BAC-VXC-584,evaporative,565.0,4,165.5189651391652
486.8351183128276,-5.290451729584568,39.0033275386903,R410A,blast_freezing,3.470994371428239,3.5138933766527316,1.192580208670041,2.940394084569582,425.58314913248455,629.3321395999047,COPELAND-ZP91K5E,screw,91,80.0,27.0,GUNTNER-GACV-240,air_cooled,250.0,4,122.14331605232823
323.7765035432277,-32.832303467893155,42.0640976101091,R410A,blast_freezing,1.5679173172366492,10.62264757238231,1.1862738723594792,2.186590295208109,859.5653774223126,532.0561935733333,COPELAND-ZP91K5E,screw,91,80.0,27.0,GUNTNER-GACV-240,air_cooled,250.0,2,162.43126561106595
140.72377708875894,-24.021833506955275,39.90905832352291,R410A,cold_storage,2.034446775251663,7.050546481711376,1.1658783668588837,0.8998472206386867,251.2122829883751,210.28033741127194,COPELAND-ZP91K5E,screw,91,80.0,27.0,GUNTNER-GACV-240,air_cooled,250.0,2,70.49129314679011
540.4291920425167,-29.43200694760774,40.15019334982821,R410A,cold_storage,1.7756184875276901,8.80436384179023,1.190415111284359,3.4817183761849826,1195.825104945162,836.5155445753136,COPELAND-ZP91K5E,screw,91,80.0,27.0,GUNTNER-GACV-240,air_cooled,250.0,4,133.78391813631794
260.8201356029962,-33.504279378539,25.662486194852328,R717,ice_making,2.357290805947399,10.195669160826334,1.1162472796995926,0.23526657469599843,982.8001894197628,376.32873970703014,BITZER-CSH8561-90,screw,856,300.0,82.5,BAC-VXC-438,evaporative,425.0,3,88.07858572092698
734.4071901030039,-17.07060056307179,47.79742504338349,R410A,blast_freezing,1.969080430932312,6.537929685850503,1.104486431848823,5.108064372006156,1106.2978738761062,1117.7720898374257,COPELAND-ZP91K5E,screw,91,80.0,27.0,GUNTNER-GACV-240,air_cooled,250.0,2,370.650644120487
706.8386729968245,-9.743294215561619,46.31789168935955,R410A,hvac,2.467706337314762,4.866931439136374,1.1190046083361667,4.708720734534087,790.7949378369253,999.024400632709,COPELAND-ZP91K5E,screw,91,80.0,27.0,GUNTNER-GACV-240,air_cooled,250.0,3,236.9768952698607
677.1927502714416,-15.411607600892914,32.54204305654318,R717,hvac,3.3121751370632126,5.419040971041012,1.117656165188331,0.6174391109831507,1176.5744676970278,897.4080712944283,BITZER-CSH9563-160,screw,1417,500.0,135.0,BAC-VXC-584,evaporative,565.0,2,344.6488845030512
520.3748198658282,-35.369290973120705,38.644415893453015,R410A,cold_storage,1.6022617388246416,10.899939623693266,1.1310192145973783,3.5056316590450383,1528.0740496610326,873.961482492956,COPELAND-ZP91K5E,screw,91,80.0,27.0,GUNTNER-GACV-240,air_cooled,250.0,4,134.52865095320914
463.3777296005874,-9.795298069810862,36.51173250062648,R410A,hvac,3.267628058336044,3.849778984135074,1.1339498661696428,2.6718857559807763,449.51464026144316,589.2018587407247,COPELAND-ZP91K5E,screw,91,80.0,27.0,GUNTNER-GACV-240,air_cooled,250.0,2,225.5693911614708
335.0603578818723,2.1091250678742526,38.09387787300021,R717,hvac,4.953422442987118,3.1755797338424334,1.1679953687469844,0.3065010713779688,303.7123403591745,409.30297144363726,BITZER-CSH8561-90,screw,856,300.0,82.5,BAC-VXC-438,evaporative,425.0,3,113.51736720326754
728.0519752453491,-11.98038684496386,39.0506198815321,R410A,blast_freezing,2.850188176543702,4.421683872711157,1.1247685806606766,4.441821826199972,805.1316256458525,980.7625861307872,COPELAND-ZP91K5E,screw,91,80.0,27.0,GUNTNER-GACV-240,air_cooled,250.0,4,181.50787694069118
84.53000083785984,-33.93339042635404,27.40928797825427,R410A,blast_freezing,2.1547388596535795,7.710087679366833,1.1161349555456512,0.481037914073828,197.71656183570894,122.2804500487621,COPELAND-ZP91K5E,screw,91,80.0,27.0,GUNTNER-GACV-120,air_cooled,125.0,2,41.75978570932001
606.453891919042,-36.21443109790236,34.052280368901464,R410A,process_cooling,1.7459374329016286,10.090926349283157,1.1342457697268649,3.740520675928197,1688.4078221448967,948.1264514717711,COPELAND-ZP91K5E,screw,91,80.0,27.0,GUNTNER-GACV-240,air_cooled,250.0,4,150.71077757583208
697.3077130358045,-13.316035711629084,27.63055868614665,R410A,blast_freezing,3.8389942387685068,3.473459532288597,1.1179919136670515,3.8128476797092086,723.7359482682477,877.9241984035882,COPELAND-ZP91K5E,screw,91,80.0,27.0,GUNTNER-GACV-240,air_cooled,250.0,3,232.16573344550804
495.3189999005202,4.16248087008838,47.480023625939566,R410A,hvac,3.5408100001190173,3.1771714643011575,1.1138411734184,3.227243652008063,344.945218419814,636.4164784161827,COPELAND-ZP91K5E,screw,91,80.0,27.0,GUNTNER-GACV-240,air_cooled,250.0,4,124.06541073935513
786.1064319722055,-14.642863712221256,29.988323986497953,R410A,hvac,3.4265395110748527,3.8721754169363405,1.1937300351849145,4.34882633643295,864.5221885341109,1000.7901386165124,COPELAND-ZP91K5E,screw,91,80.0,27.0,GUNTNER-GACV-240,air_cooled,250.0,3,258.23384487166203
497.11781395157084,-23.107836464182284,27.66955750797308,R717,blast_freezing,2.9903437702543836,6.58445740788942,1.1158898863096356,0.444086535309685,1163.602463693696,669.0834553316322,BITZER-CSH9563-160,screw,1417,500.0,135.0,BAC-VXC-584,evaporative,565.0,2,250.70390643356444
753.0620002108043,-16.349308178198207,29.31681263131453,R717,ice_making,3.4974650999667096,5.128403840593059,1.1603409119912493,0.6788521953528764,1343.2818978119828,986.9997696043938,BITZER-CSH9563-160,screw,1417,500.0,135.0,BAC-VXC-584,evaporative,565.0,4,191.88571623891548
213.6398432893638,-15.527598662021223,46.98249110058146,R410A,hvac,2.090056992908296,6.064109253116644,1.166338224907716,1.5005077199368166,307.70169264826825,326.86641492030685,COPELAND-ZP91K5E,screw,91,80.0,27.0,GUNTNER-GACV-240,air_cooled,250.0,2,110.54317732956558
171.00879864124818,-39.35361482404326,26.204656235749226,R717,blast_freezing,2.0077427561559573,14.031794918469187,1.117292835699645,0.1509262168967871,836.7870350542323,251.26989943623568,BITZER-S6H-25.2,screw,418,190.0,55.0,BAC-VXC-292,evaporative,250.0,2,83.86443943728337
725.6501096503486,-13.65750813205965,36.79330249510271,R410A,ice_making,2.8981729928763147,4.43884801044103,1.134231515390077,4.309723368238078,827.8063636746621,966.7717307349938,COPELAND-ZP91K5E,screw,91,80.0,27.0,GUNTNER-GACV-240,air_cooled,250.0,3,239.58845382291565
290.97062530594496,4.544487831032789,39.7370167887363,R410A,blast_freezing,4.6943521022047605,2.6116045915360786,1.1246827689392407,1.7591928170244537,185.80162013933082,359.02400131864914,COPELAND-ZP91K5E,screw,91,80.0,27.0,GUNTNER-GACV-240,air_cooled,250.0,4,73.99371539914135
543.1913823437096,-39.241280617931885,34.31972048481224,R717,hvac,1.7294158305261302,17.747011170580823,1.1711938878369001,0.5086810539691683,2804.585440010809,860.986882916533,BITZER-CSH9563-160,screw,1417,500.0,135.0,BAC-VXC-584,evaporative,565.0,3,181.84652414605694
627.3469290260741,-15.714950506955308,38.51034299722821,R717,ice_making,2.8491491894892533,6.511542559090039,1.1184015408728183,0.5974988385116524,1152.5047465395578,877.4053455274009,BITZER-CSH9563-160,screw,1417,500.0,135.0,BAC-VXC-584,evaporative,565.0,2,324.7287395210889
308.4780386622247,-22.711483256295224,47.18108445723561,R717,cold_storage,2.003634842870309,11.22462754115114,1.1412940196169181,0.2986308212876108,769.3428036795887,463.067810387476,BITZER-CSH8561-90,screw,856,300.0,82.5,BAC-VXC-584,evaporative,565.0,3,102.96622237623865
795.2920509129757,-6.867700794010993,31.727139065766167,R410A,cold_storage,4.165492394734644,3.0893346906252765,1.1446571516281037,4.4867496912775895,684.198956683536,992.053182590746,COPELAND-ZP91K5E,screw,91,80.0,27.0,GUNTNER-GACV-240,air_cooled,250.0,2,399.9996197328964
740.1164893027503,-38.664252287948884,34.50336978062958,R410A,cold_storage,1.6320797075193214,11.373294296324506,1.1117220351954418,4.5917080253938405,2296.842554496074,1178.4812668837633,COPELAND-ZP91K5E,screw,91,80.0,27.0,GUNTNER-GACV-240,air_cooled,250.0,2,365.37179247990775
752.5431100746047,-22.08994735089668,30.38291555213771,R717,ice_making,2.886504522288846,6.8187452883277,1.1543427164706042,0.6906597140762506,1732.8962268699893,1039.207725264719,BITZER-CSH9563-160,screw,1417,500.0,135.0,BAC-VXC-584,evaporative,565.0,3,257.2729798178254
41.20821547400265,2.4510781578811773,37.963620451393,R717,hvac,5.034900771002271,3.1245086170161462,1.106675453158723,0.0366595599962845,35.89625910621215,48.866980447550816,BITZER-4NES-20Y,screw,134,50.0,15.0,BAC-VXC-116,evaporative,105.0,3,13.589861533109314
495.5878867069067,9.83688837158055,25.40534868180493,R410A,hvac,12.228506723955192,1.5469143225279338,1.148012404446008,2.45554381295385,220.31753177394168,516.7362882371112,COPELAND-ZP91K5E,screw,91,80.0,27.0,GUNTNER-GACV-240,air_cooled,250.0,3,159.2246529175862
619.9448475481092,8.593095853257942,34.673917128791835,R717,process_cooling,7.269389688117569,2.284236335895033,1.1721411116395721,0.5515164943579646,438.2668273960037,711.8735876691551,BITZER-CSH9563-160,screw,1417,500.0,135.0,BAC-VXC-584,evaporative,565.0,4,156.44705088941748
653.0266660973327,-12.662269671662528,28.981751144852055,R410A,process_cooling,3.7589630278647213,3.5155841535792423,1.118119347438765,3.741946816818138,694.391044615277,855.9015014727335,COPELAND-ZP91K5E,screw,91,80.0,27.0,GUNTNER-GACV-240,air_cooled,250.0,4,169.01277025540713
516.8463968423869,-2.301926072224191,49.313451893451166,R410A,cold_storage,2.764626692271797,4.068104185266058,1.1050694181836678,3.4389001279449016,451.4619836747497,693.2892281189905,COPELAND-ZP91K5E,screw,91,80.0,27.0,GUNTNER-GACV-240,air_cooled,250.0,4,127.28260078595144
135.31736496735627,-5.059382626849427,39.17155834879317,R410A,ice_making,3.477453059423807,3.5013686840678697,1.1722813016397842,0.8262272865895524,118.67934335335246,176.5349223046114,COPELAND-ZP91K5E,screw,91,80.0,27.0,GUNTNER-GACV-180,air_cooled,185.0,3,45.70246354462919
562.4677100159705,-6.2947484806869625,26.7978509966209,R410A,hvac,5.050114712122757,2.6671057148997637,1.1816557770913554,3.0659597278277975,458.7288532594081,686.3334517131512,COPELAND-ZP91K5E,screw,91,80.0,27.0,GUNTNER-GACV-240,air_cooled,250.0,3,190.96401896719678
277.8774233589048,-38.44278102982132,35.02637912977506,R410A,blast_freezing,1.6212177760436841,11.409714680958107,1.1875467569888738,1.7281196494805207,856.3621826828784,442.42429587131096,COPELAND-ZP91K5E,screw,91,80.0,27.0,GUNTNER-GACV-240,air_cooled,250.0,2,136.8192562204389
755.2208148027323,-14.259919201460022,28.288796333143516,R410A,ice_making,3.6495690311094617,3.654706946857606,1.1084068091947534,4.164580154384634,816.8889320834012,961.2460874319703,COPELAND-ZP91K5E,screw,91,80.0,27.0,GUNTNER-GACV-240,air_cooled,250.0,3,251.50244596108726
781.5475499389485,-12.262026536282942,44.70014926705009,R717,process_cooling,2.717326628030405,6.672975477369762,1.1222985427993493,0.730433847931576,1229.0389053029432,1060.2826463113813,BITZER-CSH9563-160,screw,1417,500.0,135.0,BAC-VXC-584,evaporative,565.0,2,387.5277257499169
491.3872521513869,8.31000196580468,44.5908125674855,R717,blast_freezing,5.007872361821043,3.039695656190322,1.179449770413485,0.45991086343157106,368.93223929576635,599.0650058565637,BITZER-CSH9563-160,screw,1417,500.0,135.0,BAC-VXC-584,evaporative,565.0,4,124.83791703149241
125.11611436227871,2.4326203998300784,40.947791674421964,R410A,hvac,4.175750396073142,2.8715365672695796,1.1392214795504407,0.7593158411789649,85.69070514586335,155.64282753727602,COPELAND-ZP91K5E,screw,91,80.0,27.0,GUNTNER-GACV-180,air_cooled,185.0,4,31.392819832841276
86.19227213843537,-33.643774759515146,43.67260314829852,R717,blast_freezing,1.6654215861646142,17.248371238113965,1.178691687260568,0.08230554335195496,346.088205599744,136.39989361945328,BITZER-6FE-35Y,screw,232,100.0,30.0,BAC-VXC-116,evaporative,105.0,4,21.306510043620275
343.7434698320146,3.059675746037435,46.96933610117064,R410A,cold_storage,3.48013484499659,3.248752965046727,1.1001174009752899,2.2594876714786953,250.00286644520247,449.08619727911656,COPELAND-ZP91K5E,screw,91,80.0,27.0,GUNTNER-GACV-240,air_cooled,250.0,4,87.21168991729623
255.28054428727287,-37.98780533592315,30.111805718893763,R717,process_cooling,1.9259680260275978,14.684487970015724,1.1304345530836497,0.23287189586384296,1206.8032857524627,387.3154963167051,BITZER-CSH8561-90,screw,856,300.0,82.5,BAC-VXC-438,evaporative,425.0,4,63.735937581631994
521.1525375492403,7.613492560680157,30.47470995170512,R410A,cold_storage,7.930431321842352,1.887140500748349,1.1809091218280638,2.851577275988025,273.8632079268433,595.2791345566328,COPELAND-ZP91K5E,screw,91,80.0,27.0,GUNTNER-GACV-240,air_cooled,250.0,2,264.31087837721714
538.6563932610576,-0.9574520924702696,25.9702810838283,R410A,blast_freezing,6.501227439536111,2.1902419754010585,1.1392999931896497,2.8869670975604076,362.92379652726254,633.5067447533149,COPELAND-ZP91K5E,screw,91,80.0,27.0,GUNTNER-GACV-240,air_cooled,250.0,3,183.01766678939455
49.180792593031754,5.3855315540692175,38.657449762639935,R410A,hvac,5.042488867082253,2.4789217537282977,1.1364655106460706,0.27497245045682184,28.29111083009439,56.1620857366578,COPELAND-ZP61K5E,screw,61,55.0,18.5,GUNTNER-GACV-060,air_cooled,65.0,3,15.62251903747755
211.7658691962992,-39.71894643618267,29.47771588280154,R717,ice_making,1.8689437740858252,15.794135235913208,1.1271503131124767,0.18714375793652907,1056.665622403471,314.5867497706204,BITZER-S6H-25.2,screw,418,190.0,55.0,BAC-VXC-438,evaporative,425.0,2,102.46714360601962
647.935489092986,-20.44486727133524,39.76161887214984,R410A,blast_freezing,2.232781670174397,6.1239525702519515,1.1731251091598787,3.9265846955631503,960.3690531800667,901.4353828917922,COPELAND-ZP91K5E,screw,91,80.0,27.0,GUNTNER-GACV-240,air_cooled,250.0,3,207.53111975120942
68.578562819054,-10.747466447268426,42.21287087236489,R717,process_cooling,2.9912944383561766,5.860663465998511,1.1473199225711346,0.06465172111913527,102.58296633398241,92.76589313938894,BITZER-6FE-35Y,screw,232,100.0,30.0,BAC-VXC-116,evaporative,105.0,2,34.7619180321964
394.0852908499287,4.150990984178755,48.60047955311565,R717,ice_making,3.895693329051787,3.920001124575431,1.1774560215556638,0.38625003031296545,356.63899989113673,515.203516124703,BITZER-CSH9563-160,screw,1417,500.0,135.0,BAC-VXC-584,evaporative,565.0,4,102.49186202905845
199.04096527605608,-29.71127869657829,36.62299384793503,R410A,blast_freezing,1.919546680243018,8.168397800081483,1.1509739014957916,1.2321917805197942,427.8641735285999,299.59312486365275,COPELAND-ZP91K5E,screw,91,80.0,27.0,GUNTNER-GACV-240,air_cooled,250.0,4,49.2442022033184
318.35347809439656,-38.07163327298584,29.357166384554176,R410A,hvac,1.8595664807844632,9.715449670561481,1.1812889946781229,1.8863490751213465,920.2328839403965,488.1219780385485,COPELAND-ZP91K5E,screw,91,80.0,27.0,GUNTNER-GACV-240,air_cooled,250.0,2,158.7120416668346
53.685598481402565,-31.58850057095479,40.55962253602726,R410A,ice_making,1.671863316725864,9.722356649082974,1.1794528268236664,0.3573009602371313,133.62947896939957,86.74698204468956,COPELAND-ZP61K5E,screw,61,55.0,18.5,GUNTNER-GACV-120,air_cooled,125.0,2,27.140066673566633
752.0196335089928,8.916203296890743,44.88590333867968,R717,cold_storage,5.067403667368985,2.9997647598027646,1.1841446526149142,0.6805558660113518,535.0353052618462,884.046289865119,BITZER-CSH9563-160,screw,1417,500.0,135.0,BAC-VXC-584,evaporative,565.0,2,369.1710373152935
755.0020540355155,-34.215148886505006,25.838336016923762,R717,blast_freezing,2.3054198080433466,10.625360368596874,1.1514292212995811,0.6621802924170418,2860.6061490428447,1064.4681401757055,BITZER-CSH9563-160,screw,1417,500.0,135.0,BAC-VXC-584,evaporative,565.0,4,185.60773501602608
224.0360747706813,9.774294021837242,43.132892407113786,R410A,ice_making,5.008408667918533,2.4201784100336194,1.1473953759365079,1.3397574929572011,120.4357519587868,262.96844601325967,COPELAND-ZP91K5E,screw,91,80.0,27.0,GUNTNER-GACV-240,air_cooled,250.0,3,73.06723611273809
175.28018316872243,-38.567602999983016,35.12892009619357,R717,ice_making,1.7314434110317485,17.52758774372052,1.1354201367387977,0.16740534696388307,892.6728399337628,282.47382591216586,BITZER-S6H-25.2,screw,418,190.0,55.0,BAC-VXC-292,evaporative,250.0,2,89.52911905280983
467.7682834541996,-35.524587145400275,39.66189504859695,R717,cold_storage,1.712905347234125,17.002067661820607,1.19596862752841,0.4368237319348309,2008.6202593085507,728.0281526324247,BITZER-CSH9563-160,screw,1417,500.0,135.0,BAC-VXC-584,evaporative,565.0,3,153.2235931553914
606.648925384495,-22.909698782962728,41.91624130984712,R410A,cold_storage,1.9879006925520548,7.08809728508865,1.1145453202265772,3.9282436902412523,1052.060212658077,906.540963497877,COPELAND-ZP91K5E,screw,91,80.0,27.0,GUNTNER-GACV-240,air_cooled,250.0,2,301.56849149243277
431.9073486712623,5.029618125764323,37.50949526624621,R717,cold_storage,5.622326383059489,2.809333589726527,1.1006700880055522,0.3852406843084787,345.1714954221909,506.91705885651106,BITZER-CSH9563-160,screw,1417,500.0,135.0,BAC-VXC-584,evaporative,565.0,2,215.1851924213956
771.8625544025703,-15.086108133686285,46.29307239136794,R410A,blast_freezing,2.152608881674143,5.872605228087829,1.1839424098647113,5.201338737490603,1050.1854397823954,1133.7829309985157,COPELAND-ZP91K5E,screw,91,80.0,27.0,GUNTNER-GACV-240,air_cooled,250.0,2,387.07484796875747
345.9649416957295,-11.978988023919637,45.16486023891201,R717,ice_making,2.7094735500856584,6.677969359430048,1.1843250843531417,0.33499134385742435,557.4818924009136,485.7584852650661,BITZER-CSH9563-160,screw,1417,500.0,135.0,BAC-VXC-584,evaporative,565.0,4,88.70192426125928
693.4690454060211,-35.506261174527566,40.98676826068296,R410A,ice_making,1.5130502010178941,11.607152694022126,1.1603606080739761,4.707479438483716,2063.559741312676,1166.6456203945254,COPELAND-ZP91K5E,screw,91,80.0,27.0,GUNTNER-GACV-240,air_cooled,250.0,2,351.20535788334087
284.8065958732888,-5.06472400775705,35.030211503027445,R717,blast_freezing,4.2610668378094,3.819410142967017,1.1149972773468,0.24855486398844792,318.4274028018253,342.9876883955152,BITZER-CSH8561-90,screw,856,300.0,82.5,BAC-VXC-438,evaporative,425.0,2,138.89706307243662
428.94599453272485,-12.616934179191649,33.65462092509257,R410A,blast_freezing,3.268968999601015,3.9555199559069725,1.18462528087791,2.4538365930535244,454.64506956527936,553.4057785396247,COPELAND-ZP91K5E,screw,91,80.0,27.0,GUNTNER-GACV-240,air_cooled,250.0,4,105.94281279714004
736.5386507603896,-25.46233603626578,39.98857737483118,R717,hvac,2.156134582867583,10.486448840285986,1.1003774963809927,0.6721776205346901,1949.9893947923351,1048.8345342423133,BITZER-CSH9563-160,screw,1417,500.0,135.0,BAC-VXC-584,evaporative,565.0,3,238.83945710694738
333.24651895719734,-22.32326528184594,32.95453744191281,R717,blast_freezing,2.7051034224905526,7.432048976303829,1.1994386700193533,0.30171033115842755,764.5387782656973,456.53951013604535,BITZER-CSH8561-90,screw,856,300.0,82.5,BAC-VXC-584,evaporative,565.0,4,83.33010246587291
601.979911831075,-2.5085894976380203,27.920150847859716,R717,hvac,5.893145083770937,2.8073634504614655,1.162236891714978,0.508919363468678,593.9985605854521,687.5442583131595,BITZER-CSH9563-160,screw,1417,500.0,135.0,BAC-VXC-584,evaporative,565.0,2,293.9005357142846
414.1997069601799,4.512524978447303,35.430294129023764,R410A,hvac,5.52831368846925,2.3511706712056775,1.1774769328710766,2.4330327213474665,257.2274043308939,505.3267595122634,COPELAND-ZP91K5E,screw,91,80.0,27.0,GUNTNER-GACV-240,air_cooled,250.0,2,213.96067767819648
271.63944495443803,-36.29507729558514,26.76353668278507,R410A,hvac,2.0619985473809117,8.39522367346733,1.1361360739997917,1.5492030562399124,701.6278795421081,399.2024505870552,COPELAND-ZP91K5E,screw,91,80.0,27.0,GUNTNER-GACV-240,air_cooled,250.0,4,67.20732068320996
614.4037585915567,-15.938599664713212,44.64975235308073,R717,hvac,2.4781966374355973,7.780684276100955,1.1444397292662787,0.5756558904563872,1120.393036649389,853.5368421871223,BITZER-CSH9563-160,screw,1417,500.0,135.0,BAC-VXC-584,evaporative,565.0,3,202.71348946265456
463.80006923956387,6.595486088632342,35.49960673186307,R410A,blast_freezing,6.005211451542818,2.2100111529554876,1.1998175794166421,2.6363165810719345,261.2610385134525,542.4924522522828,COPELAND-ZP91K5E,screw,91,80.0,27.0,GUNTNER-GACV-240,air_cooled,250.0,4,116.26279624733756
778.7681813203961,-17.20759748068,49.428651111811924,R410A,cold_storage,1.8794275678443975,6.823951628837907,1.1678238908670635,5.633137821091042,1225.984681168492,1224.7728759772663,COPELAND-ZP91K5E,screw,91,80.0,27.0,GUNTNER-GACV-240,air_cooled,250.0,3,266.47332420809056
166.06464627070176,-1.2567436618561203,46.6887260118142,R717,ice_making,3.4943733722523627,4.5519685507533305,1.1934255702844825,0.155386896839968,173.39174747817037,212.81716753458062,BITZER-S6H-25.2,screw,418,190.0,55.0,BAC-VXC-292,evaporative,250.0,3,55.15508554038393
281.07832511992,-5.929968756645273,33.017840967331125,R410A,blast_freezing,4.119115975015082,3.0934447024823633,1.182173969591138,1.5805481767831198,233.64309086777547,346.57322044644394,COPELAND-ZP91K5E,screw,91,80.0,27.0,GUNTNER-GACV-240,air_cooled,250.0,3,92.95714962120746
91.06859754135814,-8.28852205344651,39.46967936089807,R717,process_cooling,3.423442180305806,4.918571817310885,1.1209773740260318,0.0842991503816018,121.78627800675754,118.94242023155172,BITZER-6FE-35Y,screw,232,100.0,30.0,BAC-VXC-116,evaporative,105.0,2,46.02665546994924
286.96588962030006,-18.573673014524932,48.54599558960689,R410A,hvac,1.861781673720157,7.032243528896818,1.130766308170653,1.9816221491108816,452.89693850774046,435.66939701722754,COPELAND-ZP91K5E,screw,91,80.0,27.0,GUNTNER-GACV-240,air_cooled,250.0,2,141.71613904302015
269.0210842059396,-3.686100808325776,26.586674653265185,R410A,hvac,5.640968927667986,2.4324463151352838,1.1330637701885165,1.408835642743999,193.4627610878462,312.113606938455,COPELAND-ZP91K5E,screw,91,80.0,27.0,GUNTNER-GACV-240,air_cooled,250.0,3,88.37180125463293
217.39477062173066,-6.278443790165262,41.16216311300069,R410A,blast_freezing,3.1547067683596404,3.8270437256016336,1.17174054221758,1.399199792987669,209.23516859925778,298.31902671618496,COPELAND-ZP91K5E,screw,91,80.0,27.0,GUNTNER-GACV-240,air_cooled,250.0,4,56.6290899203205
762.5301460951039,-31.75770096304014,45.36351006560386,R717,cold_storage,1.686494415441249,16.428872310426783,1.1967852612945826,0.7255311958073435,2793.563688727125,1190.4122537003868,BITZER-CSH9563-160,screw,1417,500.0,135.0,BAC-VXC-584,evaporative,565.0,4,186.82559010724646
305.0198437464751,-36.95563108057283,43.413015575573546,R717,process_cooling,1.5539778457417164,20.292100394082766,1.1347210747206589,0.2893670249872973,1425.800776983849,490.5987404306841,BITZER-CSH8561-90,screw,856,300.0,82.5,BAC-VXC-584,evaporative,565.0,2,149.25336471676923
434.8568999062868,-17.20086997279315,36.4306741412704,R410A,blast_freezing,2.654189364948692,5.000810910299692,1.1906872551183172,2.648375901497006,576.2490075529658,604.9545603105255,COPELAND-ZP91K5E,screw,91,80.0,27.0,GUNTNER-GACV-240,air_cooled,250.0,3,146.4678665036793
187.0788650742915,-19.087506839652438,29.116492064089528,R717,ice_making,3.2408208851789753,5.742720986390559,1.155455537161014,0.16507801372810313,365.28214745250114,243.62954681682285,BITZER-S6H-25.2,screw,418,190.0,55.0,BAC-VXC-292,evaporative,250.0,3,62.06029012999502
489.7661539846869,7.795543535411667,44.755534890295955,R410A,cold_storage,4.385957086964321,2.6681668529362303,1.1238122566966808,3.1695594642087253,302.7031979122797,622.884960758605,COPELAND-ZP91K5E,screw,91,80.0,27.0,GUNTNER-GACV-240,air_cooled,250.0,2,253.61757101767958
721.3782137595922,-4.613813790059602,49.40770635349186,R410A,hvac,2.5880640644064443,4.397808707931825,1.1949885665556192,4.885333482451332,691.5331335495151,995.7945865511141,COPELAND-ZP91K5E,screw,91,80.0,27.0,GUNTNER-GACV-240,air_cooled,250.0,2,359.1324093888136
760.0879195548545,-4.215354698550279,26.322563134784936,R717,cold_storage,5.832610912626479,2.855882553261074,1.170624406608163,0.6367710062711975,790.7529020505735,865.7460812640604,BITZER-CSH9563-160,screw,1417,500.0,135.0,BAC-VXC-584,evaporative,565.0,3,246.3460457364802
699.2978612337074,-37.369806550604224,48.59792103145626,R410A,ice_making,1.21398480786342,15.076812718816516,1.1367784577889686,5.217683474242176,2471.39065809493,1275.4541614161124,COPELAND-ZP91K5E,screw,91,80.0,27.0,GUNTNER-GACV-240,air_cooled,250.0,3,233.12143931399817
462.9189964008655,-24.180204357280132,46.54791711007968,R410A,hvac,1.716548276952229,8.311012082152981,1.1788341131131577,3.397299834937095,954.0829067678393,776.0090326551483,COPELAND-ZP91K5E,screw,91,80.0,27.0,GUNTNER-GACV-240,air_cooled,250.0,4,122.58727179680683
324.5365389198647,-26.4692705097671,31.510304523303574,R717,cold_storage,2.502016977322728,8.629018582090184,1.1694260593657595,0.2933701245778302,889.5258547982355,454.0337206500194,BITZER-CSH8561-90,screw,856,300.0,82.5,BAC-VXC-584,evaporative,565.0,2,162.19225730479167
600.0088871838592,-16.198416188269164,35.15712719797528,R717,ice_making,3.039149322259236,6.04506191877585,1.1377619520363833,0.5412217595283848,1064.448709809393,793.1388923202896,BITZER-CSH9563-160,screw,1417,500.0,135.0,BAC-VXC-584,evaporative,565.0,3,198.9253458039519
605.6478940767037,-37.02953410960618,35.353898340752764,R717,blast_freezing,1.7875309229291858,16.27387830835618,1.1926951493885154,0.5612553063160575,2775.439288502463,937.3446445098373,BITZER-CSH9563-160,screw,1417,500.0,135.0,BAC-VXC-584,evaporative,565.0,2,300.54061888983824
438.67296247079327,-10.94508074544595,39.384551135357,R717,hvac,3.180863162556398,5.464818833825116,1.1490179362936153,0.3923187003141149,627.2519982086102,561.5511656073787,BITZER-CSH9563-160,screw,1417,500.0,135.0,BAC-VXC-584,evaporative,565.0,4,106.80912930662215
548.4789388999577,-1.5715873804252212,25.45041134288576,R410A,ice_making,6.469703142414924,2.2034152503023323,1.1727616204737075,2.9644541664911794,380.10275728165124,653.1475117449246,COPELAND-ZP91K5E,screw,91,80.0,27.0,GUNTNER-GACV-240,air_cooled,250.0,2,282.85397884168697
366.287024075924,-23.7665984497099,26.3476757157022,R410A,ice_making,2.9036067533049597,4.952923923912744,1.1732582400123517,2.072113932726576,572.9729912051199,502.11655019857335,COPELAND-ZP91K5E,screw,91,80.0,27.0,GUNTNER-GACV-240,air_cooled,250.0,4,93.37191847439581
377.31109006719834,-36.39275159199947,34.24638273348737,R717,blast_freezing,1.8518716793426278,15.251576391305397,1.148810563237109,0.34667410030200874,1662.1674299151546,575.1655525446633,BITZER-CSH9563-160,screw,1417,500.0,135.0,BAC-VXC-584,evaporative,565.0,3,124.495175736242
693.3783942906829,-13.10921123590401,25.559532410477363,R717,process_cooling,4.307061688741284,3.9897367616625976,1.190208502628177,0.6013609270399197,1045.964624135645,854.3435040061534,BITZER-CSH9563-160,screw,1417,500.0,135.0,BAC-VXC-584,evaporative,565.0,2,346.68055422610263
631.0714296869616,-14.847932078092832,35.310464360957916,R410A,blast_freezing,2.9217130396949575,4.464636472721627,1.1815443327212531,3.8302996113475207,766.9298876680759,868.2866262788818,COPELAND-ZP91K5E,screw,91,80.0,27.0,GUNTNER-GACV-240,air_cooled,250.0,2,323.44084492080503
667.2537269196011,-20.661726517080062,42.36810184673148,R717,ice_making,2.311140570458636,8.99256692319015,1.1428833052458116,0.6415097329491487,1515.5685460773525,975.3028060964223,BITZER-CSH9563-160,screw,1417,500.0,135.0,BAC-VXC-584,evaporative,565.0,4,170.18772200143837
777.5166042390666,-13.51991159453765,27.435165308294515,R410A,process_cooling,3.837069386623883,3.4808714414354593,1.1538889536912107,4.269735418325287,816.2143517130555,984.5330501391807,COPELAND-ZP91K5E,screw,91,80.0,27.0,GUNTNER-GACV-240,air_cooled,250.0,2,390.49694400241106
74.65152229234522,-8.844735304028536,36.97239950288618,R717,process_cooling,3.5901280143541943,4.689151442231397,1.1446230154354604,0.06832638984334204,100.81006595303377,96.39845133654342,BITZER-6FE-35Y,screw,232,100.0,30.0,BAC-VXC-116,evaporative,105.0,3,25.132398602785372
385.74694061736056,4.226922709165045,44.047090958221844,R410A,blast_freezing,3.984368693667878,2.9249504776329385,1.1286592413902363,2.4156889330185827,257.6822308279727,484.30984035626074,COPELAND-ZP91K5E,screw,91,80.0,27.0,GUNTNER-GACV-240,air_cooled,250.0,3,129.04803560527247
64.17320973025738,3.39741985189562,31.810551512202252,R717,process_cooling,6.496821264529254,2.5293027028450044,1.154999181249647,0.05602884501096676,53.09305026984154,73.90017563699772,BITZER-4NES-20Y,screw,134,50.0,15.0,BAC-VXC-116,evaporative,105.0,4,16.01066023817767
391.8153088923839,-19.19471992668002,37.77568780529378,R717,ice_making,2.6415942948997673,7.418523324362327,1.1031484868831953,0.35638096645138484,792.0961090824175,533.4277573072999,BITZER-CSH9563-160,screw,1417,500.0,135.0,BAC-VXC-584,evaporative,565.0,4,96.73645705245467
190.8937507753394,8.000825135034937,39.49445052316452,R717,hvac,5.8788128450725825,2.6728653632541444,1.108867076357741,0.16892226978056954,136.91123775700726,219.50873951278527,BITZER-S6H-25.2,screw,418,190.0,55.0,BAC-VXC-292,evaporative,250.0,2,93.79894660005372
576.5271692685832,-15.07804008093543,37.65700156577992,R410A,cold_storage,2.719807074621381,4.771336910153921,1.1800555716677248,3.617258203116832,730.1420696520768,814.5727183332468,COPELAND-ZP91K5E,screw,91,80.0,27.0,GUNTNER-GACV-240,air_cooled,250.0,4,148.8975501734748
644.4129603110875,-26.48418735519856,25.16445143823379,R410A,blast_freezing,2.7760817174527364,5.342462730888712,1.1829602689470728,3.559535463198843,1090.8025993965107,876.1128608561398,COPELAND-ZP91K5E,screw,91,80.0,27.0,GUNTNER-GACV-240,air_cooled,250.0,4,161.02411689124054
348.2126185896739,7.407687712680804,39.594519647889626,R717,hvac,5.724931362681305,2.7367771710721187,1.1652613970735028,0.3209533165264659,265.34725652592164,418.28221092399787,BITZER-CSH9563-160,screw,1417,500.0,135.0,BAC-VXC-438,evaporative,425.0,2,178.04173891342913
205.98056112734994,-9.040441512759376,45.25192151949214,R717,cold_storage,2.919821643844399,5.936471158971021,1.1874133941960896,0.18689638609690154,277.8063086128756,266.59107759037096,BITZER-S6H-25.2,screw,418,190.0,55.0,BAC-VXC-292,evaporative,250.0,4,49.64501379970606
553.9288191868794,-10.844899093621542,33.784162161962605,R410A,blast_freezing,3.4353026757653455,3.72940918437238,1.191017274707756,3.159719492473285,550.8966048828942,706.5461871061375,COPELAND-ZP91K5E,screw,91,80.0,27.0,GUNTNER-GACV-240,air_cooled,250.0,3,182.41521000583384
100.09074485703162,-8.018161613588184,25.34595068775888,R410A,ice_making,4.989343641615129,2.7204025330470936,1.187543267138404,0.5308884517430322,84.12598505498494,120.19867039363973,COPELAND-ZP91K5E,screw,91,80.0,27.0,GUNTNER-GACV-120,air_cooled,125.0,3,33.376638451230825
798.488673734097,-29.165437335775565,28.430204917562204,R717,process_cooling,2.4906941430951757,8.954209211204402,1.1089384119731238,0.7156088137717926,2447.296030393775,1119.7752489356315,BITZER-CSH9563-160,screw,1417,500.0,135.0,BAC-VXC-584,evaporative,565.0,2,399.4932726523436
439.97437903143145,-1.914401500803379,47.4180415239516,R410A,cold_storage,2.96090815207861,3.8445230802463386,1.1407898917141241,2.899679729147348,375.93269866265115,588.9932006485024,COPELAND-ZP91K5E,screw,91,80.0,27.0,GUNTNER-GACV-240,air_cooled,250.0,2,220.14582292243114
292.28342653713054,0.31063576390993575,48.83465305679789,R410A,process_cooling,3.0206286212981905,3.6993479592580925,1.1292126039482948,1.9509018381065097,235.49372055112988,389.23891152796926,COPELAND-ZP91K5E,screw,91,80.0,27.0,GUNTNER-GACV-240,air_cooled,250.0,3,97.47615007730725
669.6622574755954,-13.334681022493154,43.17431026241726,R717,ice_making,2.7331321032414273,6.696177306829618,1.165146630017103,0.6122491488487443,1074.3818389128585,892.4776909045961,BITZER-CSH9563-160,screw,1417,500.0,135.0,BAC-VXC-584,evaporative,565.0,3,217.80276016486314
791.7336389904386,-39.821110963048504,28.74205518749843,R410A,cold_storage,1.808184855441374,10.342317688324353,1.1001189703749232,4.591858220257286,2412.988620096135,1201.0738952958175,COPELAND-ZP91K5E,screw,91,80.0,27.0,GUNTNER-GACV-240,air_cooled,250.0,3,257.7897277110853
69.82188272229115,-2.429740062278867,29.204079205217155,R410A,hvac,5.356462226478537,2.49993612945831,1.1715617771493991,0.38446057859840793,50.68165799814239,84.05766866682856,COPELAND-ZP91K5E,screw,91,80.0,27.0,GUNTNER-GACV-120,air_cooled,125.0,3,23.611232738033795
351.57258617922713,8.012289568743597,30.167393821581072,R410A,process_cooling,8.224558124771308,1.8499785775564914,1.1182924408639343,1.8875372973621072,179.06992565190222,393.8074813529487,COPELAND-ZP91K5E,screw,91,80.0,27.0,GUNTNER-GACV-240,air_cooled,250.0,4,87.77906964615221
239.50491057030004,5.906310567570493,40.360645637708444,R410A,ice_making,4.820654345555677,2.5431086509454053,1.1361727325414823,1.4518170412675144,146.97802915425498,293.700201182283,COPELAND-ZP91K5E,screw,91,80.0,27.0,GUNTNER-GACV-240,air_cooled,250.0,4,60.810480534761304
180.8656515844816,9.772547722692146,44.914326529185175,R410A,process_cooling,4.677571885855029,2.524837600771672,1.1659177716973352,1.1130889971258802,100.06500541833626,216.57697037211474,COPELAND-ZP91K5E,screw,91,80.0,27.0,GUNTNER-GACV-240,air_cooled,250.0,4,44.60772880129275
327.46995322996037,-10.760619356465654,44.02769334494637,R717,ice_making,2.8685386490069327,6.160103093089096,1.1523852172798639,0.30718575314844826,487.65898909746505,441.771883894687,BITZER-CSH8561-90,screw,856,300.0,82.5,BAC-VXC-584,evaporative,565.0,3,109.19194024525841
203.08000440922325,-20.84904199867441,25.43738472224768,R410A,blast_freezing,3.2418612142015317,4.322377404035212,1.1253020936744227,1.1134711175172625,276.38589704138127,266.734432686033,COPELAND-ZP91K5E,screw,91,80.0,27.0,GUNTNER-GACV-240,air_cooled,250.0,3,67.9509903908749
254.7138221743649,-10.87077735659955,31.243701200288655,R410A,ice_making,3.7100918544571004,3.4996507220416913,1.148352965745655,1.4222232041561498,248.18339331112972,320.589157995521,COPELAND-ZP91K5E,screw,91,80.0,27.0,GUNTNER-GACV-240,air_cooled,250.0,3,84.17494891533904
304.2546962127864,-11.906484488270017,41.39220243712089,R717,cold_storage,2.954736512163221,6.010158222610513,1.1600585502271634,0.2811118079339851,466.50002818216575,405.55892062019257,BITZER-CSH8561-90,screw,856,300.0,82.5,BAC-VXC-438,evaporative,425.0,4,75.75218645442156
275.9531701921964,-35.6559122434468,30.6858630810961,R717,ice_making,2.01663213849363,13.232415549157345,1.1206716237289769,0.25242913629694264,1168.0695296150896,413.7395112173503,BITZER-CSH8561-90,screw,856,300.0,82.5,BAC-VXC-438,evaporative,425.0,3,92.19557406848158
84.84367988681205,-0.26753316442475494,26.001631354485113,R717,hvac,6.99575347649603,2.433146280494351,1.1426011441116106,0.07306372352367113,78.70822516565438,97.43614097997715,BITZER-6FE-35Y,screw,232,100.0,30.0,BAC-VXC-116,evaporative,105.0,3,28.41671828263797
144.03494383340083,-36.77627585893838,31.408389907764857,R717,blast_freezing,1.9352317697779415,14.322795473781706,1.1530454425583525,0.13330321241483706,651.1267353946971,220.47439990789252,BITZER-N320VLD,screw,320,150.0,42.5,BAC-VXC-292,evaporative,250.0,3,48.45376181392758
683.9899071134672,-33.633912101178424,27.941951695857618,R717,cold_storage,2.2406068329965705,10.999293821050498,1.186938382563505,0.6014935592764707,2528.057089197318,967.4064218365384,BITZER-CSH9563-160,screw,1417,500.0,135.0,BAC-VXC-584,evaporative,565.0,4,167.2200262757087
450.7767587376122,7.047026836316192,46.649644231185206,R717,ice_making,4.505825473992074,3.35735959026092,1.1343210959167778,0.4105904716881749,343.5904522627031,538.9547026158369,BITZER-CSH9563-160,screw,1417,500.0,135.0,BAC-VXC-584,evaporative,565.0,3,147.0222064396755
287.4668077305798,-29.75593973743233,39.74756812853484,R410A,cold_storage,1.7791965028189944,8.83538380811374,1.172485908793182,1.8974281779029192,660.0155532687963,457.23589051225485,COPELAND-ZP91K5E,screw,91,80.0,27.0,GUNTNER-GACV-240,air_cooled,250.0,2,146.35749874785222
292.58802210238434,-37.01582001831781,47.29385288799826,R410A,ice_making,1.2621391046781905,14.400062886385598,1.1836464091730787,2.0980955751891917,979.1678800795781,514.1238368045268,COPELAND-ZP91K5E,screw,91,80.0,27.0,GUNTNER-GACV-240,air_cooled,250.0,2,143.42526455076086
432.28610519733496,-26.42050781995411,25.158095253330657,R410A,process_cooling,2.7814841590483144,5.328014346235957,1.1708907083407887,2.3807705109462125,727.8024891162579,585.8112257807281,COPELAND-ZP91K5E,screw,91,80.0,27.0,GUNTNER-GACV-240,air_cooled,250.0,4,107.72388407359136
473.8588032218335,-15.580918093781207,33.90431469347877,R717,blast_freezing,3.1869986095635423,5.678750645302068,1.1807127690249561,0.4273434292373214,819.8754512336843,622.944371862373,BITZER-CSH9563-160,screw,1417,500.0,135.0,BAC-VXC-584,evaporative,565.0,2,237.0818612676551
152.40064110686353,-6.41276684661738,46.12652016668282,R717,hvac,3.0697930767733497,5.472089240948693,1.1346683144258856,0.14263698185798473,192.07933436831095,200.72448776701418,BITZER-S6H-25.2,screw,418,190.0,55.0,BAC-VXC-292,evaporative,250.0,3,50.467974764504454
446.35114094760803,6.472862895473682,35.083319336306076,R410A,process_cooling,6.080161984617568,2.1953188740150007,1.1941017037369837,2.504347776910929,249.12523993173198,516.4453008205462,COPELAND-ZP91K5E,screw,91,80.0,27.0,GUNTNER-GACV-240,air_cooled,250.0,4,110.87567953973439
693.4233085209512,-22.979392033236877,48.02254143453393,R717,process_cooling,1.9601440691415821,11.617405227268934,1.1281582898355937,0.671315318592595,1749.3564294972205,1044.0061698803495,BITZER-CSH9563-160,screw,1417,500.0,135.0,BAC-VXC-584,evaporative,565.0,3,230.43951625769196
693.4615732389561,-11.054891606376358,26.165418385989582,R717,process_cooling,4.538269879510845,3.7330413810759557,1.1293518251147856,0.617636384343041,991.6909658726536,868.8906637486015,BITZER-CSH9563-160,screw,1417,500.0,135.0,BAC-VXC-584,evaporative,565.0,4,178.0005495248068
133.17034871140223,7.100229916810967,31.488942198963727,R717,hvac,7.7874154449461495,2.1941268083512973,1.1651739877869007,0.11775892944443059,98.36698655371742,152.6186895873904,BITZER-N320VLD,screw,320,150.0,42.5,BAC-VXC-116,evaporative,105.0,4,33.81270488252105
740.1773522195505,-14.13888150414476,44.27310787379223,R410A,process_cooling,2.328460505336937,5.412180091439785,1.13381177078691,4.718445166634295,921.6303937835661,1032.1410262322536,COPELAND-ZP91K5E,screw,91,80.0,27.0,GUNTNER-GACV-240,air_cooled,250.0,3,240.68180185866981
24.03307592127979,-13.356618540575596,38.47353072965824,R717,process_cooling,3.040191434657906,5.887240384674446,1.1774910881627678,0.021474830841763902,37.716820019402135,31.115540401541477,BITZER-4CC-9.2Y,reciprocating,48,25.0,8.0,BAC-VXC-116,evaporative,105.0,2,11.70701944987518
219.28462083201677,6.747719458997338,43.17879674762203,R717,ice_making,4.95941095993826,3.0912751250757284,1.152328992621354,0.19166077306197704,162.00949415056365,251.2946248258047,BITZER-S6H-25.2,screw,418,190.0,55.0,BAC-VXC-292,evaporative,250.0,4,52.281732410831275
58.12011783549016,-10.624316673669483,33.57111288789814,R410A,process_cooling,3.480966922080328,3.6810983068122107,1.172188060448161,0.3313780344153938,57.34293907483922,74.0757435308267,COPELAND-ZP61K5E,screw,61,55.0,18.5,GUNTNER-GACV-060,air_cooled,65.0,2,28.772273645751667
435.92259107885485,-23.43029488441584,26.12479990346799,R717,hvac,3.0751611347821983,6.375741657899799,1.1394823579055384,0.3882802540916071,1031.5315928413825,584.521805148937,BITZER-CSH9563-160,screw,1417,500.0,135.0,BAC-VXC-584,evaporative,565.0,4,110.27163578175993
709.9068910404537,-8.548815276388549,35.139002362334196,R717,hvac,3.8029183371976423,4.397816028181805,1.1313114783979998,0.6381806544766248,931.0888338389066,896.8953589493614,BITZER-CSH9563-160,screw,1417,500.0,135.0,BAC-VXC-584,evaporative,565.0,3,236.7185648136655
116.84094465663316,-18.023738922914387,29.858788602018798,R717,hvac,3.281875515090543,5.603869542775892,1.1771698387401202,0.1035961174383017,219.4255210638822,152.15832157626326,BITZER-N320VLD,screw,320,150.0,42.5,BAC-VXC-116,evaporative,105.0,4,29.155720912396262
673.2410350310352,-25.604347156345128,33.28469678108988,R717,hvac,2.463736363827814,8.727018436379613,1.1547843143082843,0.6231293516028075,1818.959049183004,962.2689942855734,BITZER-CSH9563-160,screw,1417,500.0,135.0,BAC-VXC-584,evaporative,565.0,3,228.1521901958895
150.22049150300418,9.09765458654742,36.103327879389184,R410A,ice_making,6.520727744068311,2.081037489380773,1.1076228747585068,0.851363752606345,78.12822507315397,172.89326010047847,COPELAND-ZP91K5E,screw,91,80.0,27.0,GUNTNER-GACV-180,air_cooled,185.0,3,49.96811994197392
489.1984677657659,-10.3567853365428,37.17003200358338,R717,process_cooling,3.416341239576138,5.013452227428605,1.1649832020934507,0.4446896423590293,695.0694409803245,632.6790405437278,BITZER-CSH9563-160,screw,1417,500.0,135.0,BAC-VXC-584,evaporative,565.0,4,122.3551000914304
606.9018117550038,-0.9280289902805663,49.06407614930894,R410A,ice_making,2.894988136956948,3.8692165501708864,1.153753729622886,4.04123287434877,507.5478966789131,810.2516369344992,COPELAND-ZP91K5E,screw,91,80.0,27.0,GUNTNER-GACV-240,air_cooled,250.0,2,301.1137382703215
279.38405799990585,-28.02329508500833,49.16895427267684,R717,hvac,1.7138933450369822,15.150240369256803,1.1085339557397456,0.2844596023470597,924.1288457653584,457.9398703224957,BITZER-CSH8561-90,screw,856,300.0,82.5,BAC-VXC-584,evaporative,565.0,4,72.30019720636155
26.03792413748327,-2.3364623841023118,36.743208551916425,R717,blast_freezing,4.433892458748634,3.610227052669549,1.1499951884027113,0.023459105609407945,27.21149948263074,31.986585978942323,BITZER-4CC-9.2Y,reciprocating,48,25.0,8.0,BAC-VXC-116,evaporative,105.0,4,6.525022505957356
315.56500926070686,-29.726235157926766,48.72242774451035,R717,cold_storage,1.663657604620719,16.25442250948845,1.1025487266123135,0.3098276828174107,1086.8407843021232,504.17006612708326,BITZER-CSH8561-90,screw,856,300.0,82.5,BAC-VXC-584,evaporative,565.0,3,104.96423702999242
353.79737225498917,-12.385075584045026,29.41120927860934,R717,process_cooling,3.9461235343114938,4.349956416129066,1.1712014598168432,0.3070461128587242,519.1264872958288,437.00357426434095,BITZER-CSH9563-160,screw,1417,500.0,135.0,BAC-VXC-584,evaporative,565.0,3,116.21694424061089
560.0276942841556,-11.528995199690705,36.944125894745454,R410A,blast_freezing,3.0664170865254183,4.132807575570804,1.1815776577681998,3.285750271869519,586.4258726642566,729.3490668622804,COPELAND-ZP91K5E,screw,91,80.0,27.0,GUNTNER-GACV-240,air_cooled,250.0,2,274.99496400390785
529.1779228949158,-22.07120336707988,45.248533488686974,R717,ice_making,2.110275506675421,10.356712674599201,1.1290936261333955,0.5161968464919141,1294.1321956640638,794.9803978827204,BITZER-CSH9563-160,screw,1417,500.0,135.0,BAC-VXC-584,evaporative,565.0,4,134.8455834811403
213.47046675996918,1.96682682835403,40.26149141258502,R717,ice_making,4.608212802780482,3.3911963407381007,1.1778157542994445,0.20149848836432038,200.65818253670355,269.8256389937748,BITZER-CSH8561-90,screw,856,300.0,82.5,BAC-VXC-292,evaporative,250.0,4,55.428262436522935
569.1295909382025,-32.20635583914218,34.671352953318575,R717,hvac,2.031064010444247,12.486551457246254,1.1064193697555258,0.5361794409298513,2107.906641535407,865.6130200683995,BITZER-CSH9563-160,screw,1417,500.0,135.0,BAC-VXC-584,evaporative,565.0,2,290.0162197127606
362.50726851443636,0.20932180393767652,29.0747262309509,R410A,process_cooling,5.995679017436962,2.2888024636472855,1.1906070319745448,2.016263812671172,244.17168521159502,436.13045580578324,COPELAND-ZP91K5E,screw,91,80.0,27.0,GUNTNER-GACV-240,air_cooled,250.0,4,93.44690544771395
662.0838529949297,5.602158700704912,42.93746357795489,R410A,cold_storage,4.339627403829671,2.7309248191743656,1.1272250112239313,4.122266845019983,421.2836081517648,825.4788030753589,COPELAND-ZP91K5E,screw,91,80.0,27.0,GUNTNER-GACV-240,air_cooled,250.0,2,335.44198538432465
579.7050306805701,-38.265223212074105,25.449244744810375,R410A,blast_freezing,2.0243365394537136,8.845231199919517,1.194455904388897,3.376436912986016,1660.6668954762029,881.3502605264956,COPELAND-ZP91K5E,screw,91,80.0,27.0,GUNTNER-GACV-240,air_cooled,250.0,2,294.96544335689345
117.25683808053687,-28.526608045816445,43.91403305043893,R717,ice_making,1.8621377758406963,13.498469417511767,1.116729038481012,0.11301176140535135,375.52023704698456,181.01116422795403,BITZER-N320VLD,screw,320,150.0,42.5,BAC-VXC-292,evaporative,250.0,2,58.88391006243058
504.9800143794667,9.749705886447963,25.356090556105492,R717,blast_freezing,12.701680033728433,1.6632500456757189,1.125371461281422,0.4200187217247689,321.22612430308027,534.938268520454,BITZER-CSH9563-160,screw,1417,500.0,135.0,BAC-VXC-584,evaporative,565.0,2,247.9482336406083
494.6978386943006,-39.73483437016901,37.93552753023759,R717,cold_storage,1.6040974496767135,20.196639945942138,1.151014287788168,0.4690941248566817,2650.7389067761897,802.7055735858185,BITZER-CSH9563-160,screw,1417,500.0,135.0,BAC-VXC-584,evaporative,565.0,3,164.81948010946448
361.317250504082,-0.7070836150745166,35.54027663036991,R410A,hvac,4.524590126384763,2.7778005793706657,1.1819611651908615,2.0956212997157966,261.33398137915924,445.1047241530403,COPELAND-ZP91K5E,screw,91,80.0,27.0,GUNTNER-GACV-240,air_cooled,250.0,2,182.26840308856964
504.3818988814293,-24.18340857704305,41.05034391168165,R717,blast_freezing,2.1778475717103527,10.17671020356313,1.12421396412985,0.48798506229690053,1339.135842480758,756.6385629365234,BITZER-CSH9563-160,screw,1417,500.0,135.0,BAC-VXC-584,evaporative,565.0,3,172.84691600934056
131.68931785015644,1.4877331020279314,47.5648495807769,R717,blast_freezing,3.699517236230229,4.2046913139982145,1.1368229663066305,0.12275008212881534,124.30194066956957,165.85277784638075,BITZER-N320VLD,screw,320,150.0,42.5,BAC-VXC-292,evaporative,250.0,3,43.52044259561257
67.82712994512697,-20.38905273707134,41.65370734625614,R717,hvac,2.360850117816102,8.711867197798767,1.1960804828868237,0.06294621195693051,147.02428673907855,95.44002425087882,BITZER-6FE-35Y,screw,232,100.0,30.0,BAC-VXC-116,evaporative,105.0,3,22.34748001233616
373.5629100304872,-4.50174559043176,48.05199139554979,R717,ice_making,3.089615056099718,5.3432318199974045,1.1303620777950845,0.360948639285365,452.9551365184598,503.67094795664457,BITZER-CSH9563-160,screw,1417,500.0,135.0,BAC-VXC-584,evaporative,565.0,3,126.8374751478421
192.75896123143116,-30.21705120631598,28.19050286884793,R717,process_cooling,2.4351958621599494,9.355359999203706,1.143142589393271,0.16923685871501068,607.0794255740288,266.44399244191834,BITZER-S6H-25.2,screw,418,190.0,55.0,BAC-VXC-292,evaporative,250.0,3,62.96034092642808
259.79749997169796,-17.19430135148151,43.403122566078764,R717,hvac,2.465167921959742,7.941179551356635,1.1464877160005145,0.24522348252155682,502.1279343339382,365.68685034698603,BITZER-CSH8561-90,screw,856,300.0,82.5,BAC-VXC-438,evaporative,425.0,4,65.03865853404636
789.038248590697,-6.143599120596441,26.82857001023764,R410A,process_cooling,5.073497525758844,2.6557802707660616,1.111528564501948,4.248427501279814,632.4749753659075,950.3423310397887,COPELAND-ZP91K5E,screw,91,80.0,27.0,GUNTNER-GACV-240,air_cooled,250.0,4,198.46717005749656
771.703545029514,7.809464654732274,49.29419450479517,R717,process_cooling,4.276841859430115,3.503874377330893,1.105925897206568,0.7248142798122383,591.2296195708423,949.5545486719758,BITZER-CSH9563-160,screw,1417,500.0,135.0,BAC-VXC-584,evaporative,565.0,3,256.5356798476658
485.4691747922432,-28.902200202498587,38.63758675943695,R717,blast_freezing,2.0376805639934097,11.888027115793202,1.1322603971682779,0.45561322789702846,1539.738698373874,725.0410521102999,BITZER-CSH9563-160,screw,1417,500.0,135.0,BAC-VXC-584,evaporative,565.0,2,243.17929895174063
342.64620272431637,-20.971258058994287,30.992015172440034,R717,cold_storage,2.93552687893749,6.601752167225954,1.1218787993358932,0.30604225434304533,732.4708792505235,457.960053635232,BITZER-CSH8561-90,screw,856,300.0,82.5,BAC-VXC-584,evaporative,565.0,4,85.39860660847688
579.9790316121431,2.333985469593074,47.535705304490854,R717,hvac,3.79603437073238,4.072580308153885,1.195674890581793,0.5527138094705237,543.4137248551992,743.517614025175,BITZER-CSH9563-160,screw,1417,500.0,135.0,BAC-VXC-584,evaporative,565.0,3,196.16334384564314
236.5374509004019,-38.55217414007406,46.49953590484064,R717,cold_storage,1.4252686252037938,23.96854708112973,1.1485644313723091,0.2334321628513579,1243.8061936787883,402.67007619527885,BITZER-CSH8561-90,screw,856,300.0,82.5,BAC-VXC-438,evaporative,425.0,3,78.87965068355076
327.44572306448094,-20.164501547082168,49.42866789758902,R717,process_cooling,2.0366586391433787,10.617904090463718,1.189121285566725,0.31203908103159284,722.0354863624488,477.7012339049425,BITZER-CSH8561-90,screw,856,300.0,82.5,BAC-VXC-584,evaporative,565.0,4,80.09744101796751
711.7612087668431,-1.8621034552555784,43.04645243045529,R717,hvac,3.7717879027071235,4.223649896638207,1.1486224035925972,0.6307715344951914,719.2888541298554,863.6158685221976,BITZER-CSH9563-160,screw,1417,500.0,135.0,BAC-VXC-584,evaporative,565.0,2,341.3160802505452
561.1213086023255,6.294522596743718,35.92458727699419,R410A,process_cooling,5.825861045971528,2.2540110983678483,1.195938044526685,3.317190722341935,331.80975350329913,682.34882516727,COPELAND-ZP91K5E,screw,91,80.0,27.0,GUNTNER-GACV-240,air_cooled,250.0,3,194.12786233284325
159.56074001215163,-25.588973549824143,38.03417652986919,R410A,cold_storage,2.050918439893174,7.162638337944079,1.1642002145871129,1.0137928411459893,300.25753328716155,240.25243938834504,COPELAND-ZP91K5E,screw,91,80.0,27.0,GUNTNER-GACV-240,air_cooled,250.0,2,80.75243043667318
439.0122606493722,-26.24482135083734,25.004468691264904,R410A,process_cooling,2.8065513822789776,5.269272862699513,1.1855032366759524,2.396726389779928,727.7823382361007,589.438348762731,COPELAND-ZP91K5E,screw,91,80.0,27.0,GUNTNER-GACV-240,air_cooled,250.0,3,144.86331995846768
97.3447639432355,-8.895325821389907,43.552548370158696,R717,cold_storage,3.048491534386217,5.637837751295802,1.1870175795929185,0.09290044064207344,137.33036738895646,132.14887544312518,BITZER-6FE-35Y,screw,232,100.0,30.0,BAC-VXC-116,evaporative,105.0,4,24.876841451028355
206.33290000430273,-33.39561398716351,32.049894178383404,R717,cold_storage,2.076026082839928,12.280101670934144,1.1903182892260638,0.1849290745084986,768.5826399927939,299.3925091150669,BITZER-S6H-25.2,screw,418,190.0,55.0,BAC-VXC-438,evaporative,425.0,3,67.35385647921528
273.1986844530773,-32.57339085646201,33.68492892626516,R410A,cold_storage,1.9207932747231542,8.551062246649442,1.111080638221225,1.653293619839839,643.1870968586651,411.3127693623321,COPELAND-ZP91K5E,screw,91,80.0,27.0,GUNTNER-GACV-240,air_cooled,250.0,2,135.2452445087555
311.1072712342159,-34.82115415389654,47.562317643896904,R410A,blast_freezing,1.3159176020799501,13.169182137545045,1.1525704010201159,2.2687868764703896,966.9288027036022,548.2425486656907,COPELAND-ZP91K5E,screw,91,80.0,27.0,GUNTNER-GACV-240,air_cooled,250.0,2,155.75727291645035
69.17056517404983,-37.70976862762843,47.006205148574864,R410A,blast_freezing,1.2516712432096315,14.748971570219341,1.177164413041842,0.5197574748599069,249.72411275781897,128.01909373306046,COPELAND-ZP91K5E,screw,91,80.0,27.0,GUNTNER-GACV-120,air_cooled,125.0,2,35.58197465341789
478.5096777568622,0.12233905021000879,27.013326250303628,R717,process_cooling,6.826899436631879,2.473015983316521,1.18873890294257,0.4147331682994554,440.64616398924085,552.70339480808,BITZER-CSH9563-160,screw,1417,500.0,135.0,BAC-VXC-584,evaporative,565.0,3,160.6958381237589
361.8697774695138,-3.040770661780016,48.58896477351129,R410A,blast_freezing,2.7684847609666168,4.097926054561977,1.1308136913368168,2.3946750728117117,322.00038844650624,486.30134491632884,COPELAND-ZP91K5E,screw,91,80.0,27.0,GUNTNER-GACV-240,air_cooled,250.0,2,178.62854012087027
108.39520081620307,6.705268217833286,37.278093614230635,R410A,cold_storage,5.605032001985155,2.3019735320061776,1.1559358314252277,0.603286908465097,59.583795170978675,123.20402067537883,COPELAND-ZP91K5E,screw,91,80.0,27.0,GUNTNER-GACV-120,air_cooled,125.0,4,26.137741590471823
580.5238655363722,-11.639969070853649,45.596420495005574,R717,process_cooling,2.7074979015586225,6.661584692132313,1.1969877568799192,0.5542100680676518,910.2313354119971,802.5072641610004,BITZER-CSH9563-160,screw,1417,500.0,135.0,BAC-VXC-584,evaporative,565.0,2,293.02602339815564
603.7430021985682,-12.03847660776475,41.65791419919812,R410A,cold_storage,2.644584334804196,4.719631192393649,1.188579440295391,3.823205106078456,694.3853376372533,836.2486778606183,COPELAND-ZP91K5E,screw,91,80.0,27.0,GUNTNER-GACV-240,air_cooled,250.0,4,151.69975162542954
248.82931385519572,-26.74295066797234,26.982483223885346,R410A,blast_freezing,2.628686105896051,5.663801359057756,1.1413528404605475,1.3510759132513972,418.15049016503735,331.6138800198944,COPELAND-ZP91K5E,screw,91,80.0,27.0,GUNTNER-GACV-240,air_cooled,250.0,2,120.11355811600585
560.3220030770195,-10.687270317143792,32.36250173453077,R717,blast_freezing,3.837463129834611,4.425552913305189,1.1061840857992689,0.49409029785695907,782.1587708679549,699.763055705423,BITZER-CSH9563-160,screw,1417,500.0,135.0,BAC-VXC-584,evaporative,565.0,2,277.55404576921006
244.20099682972418,-27.069212248613056,43.51083742268787,R410A,ice_making,1.7300733753250572,8.673014883394712,1.1613396535057854,1.6244300999360188,509.0826182606083,381.1185115018909,COPELAND-ZP91K5E,screw,91,80.0,27.0,GUNTNER-GACV-240,air_cooled,250.0,2,120.75920661187921
579.3081893073123,-8.598381936074087,28.167499226306806,R717,hvac,4.647486802624792,3.590219822090914,1.1407226816412248,0.5166172038936471,755.1459927581535,719.6550384900967,BITZER-CSH9563-160,screw,1417,500.0,135.0,BAC-VXC-584,evaporative,565.0,4,148.0564457570176
713.210409960491,-30.912062076187244,31.381580125490057,R717,hvac,2.238259922312025,10.643806048433754,1.1706263066126503,0.6203509930964984,2297.2387977691874,986.9707782809181,BITZER-CSH9563-160,screw,1417,500.0,135.0,BAC-VXC-584,evaporative,565.0,2,341.0932399679107
294.8982832454573,-1.5865861600139866,45.83233687413299,R717,cold_storage,3.5372511082615676,4.505312808539493,1.113465269561879,0.2820159458326978,318.42962794635883,386.6082770737695,BITZER-CSH8561-90,screw,856,300.0,82.5,BAC-VXC-438,evaporative,425.0,3,100.46689239161014
525.3445550157429,-10.855185879093064,28.981944622797077,R410A,blast_freezing,3.9869541748735147,3.29973103787203,1.1617060353848658,3.0237104819364684,527.3684749174416,686.0898545752677,COPELAND-ZP91K5E,screw,91,80.0,27.0,GUNTNER-GACV-240,air_cooled,250.0,2,274.25646137069276
440.31610831352594,-33.109563748493265,42.52362136975745,R717,process_cooling,1.7200245175686986,16.275464303521098,1.1302692873414244,0.420111073837653,1722.7308814732423,692.2515413336746,BITZER-CSH9563-160,screw,1417,500.0,135.0,BAC-VXC-584,evaporative,565.0,2,218.8747961145113
554.950514776809,-27.635697172971078,26.57569698071511,R717,cold_storage,2.7037855444673404,7.866720689007473,1.144729845718284,0.48696607863133895,1554.8772434401124,752.2437895291272,BITZER-CSH9563-160,screw,1417,500.0,135.0,BAC-VXC-584,evaporative,565.0,3,183.0474847625744
634.3877110018158,-11.66603332446978,44.15378060175762,R717,cold_storage,2.793222229077681,6.415412046433071,1.1089219740034852,0.5929913604966068,974.9108845645344,857.2904511291896,BITZER-CSH9563-160,screw,1417,500.0,135.0,BAC-VXC-584,evaporative,565.0,2,315.64229568647386
313.20587358353754,-22.90239091020372,45.95177100452102,R410A,process_cooling,1.79573675010416,7.7988276782995705,1.1599536517719895,2.1490617919003085,575.4043124756395,488.64897145014925,COPELAND-ZP91K5E,screw,91,80.0,27.0,GUNTNER-GACV-240,air_cooled,250.0,2,156.93267899793128
571.119547769383,-22.264133143925655,44.16674333654977,R410A,ice_making,1.9076357002065922,7.295553718962647,1.1820099267305983,3.8946534149417698,1018.3932325590396,888.5492608297291,COPELAND-ZP91K5E,screw,91,80.0,27.0,GUNTNER-GACV-240,air_cooled,250.0,4,145.73939672278544
476.8941620593068,-15.12700586257396,47.902988447497904,R717,ice_making,2.364023928338347,8.195204519101642,1.1096894156158368,0.4528250838287158,853.127369636859,671.0105457549427,BITZER-CSH9563-160,screw,1417,500.0,135.0,BAC-VXC-584,evaporative,565.0,2,235.7719534883927
570.3392063940026,-23.42937937554437,36.616142899292186,R410A,hvac,2.2430368676315675,6.35541772020504,1.1609689621582575,3.458986956846571,944.4890047460702,814.2601951832468,COPELAND-ZP91K5E,screw,91,80.0,27.0,GUNTNER-GACV-240,air_cooled,250.0,4,140.79516454701562
309.7078112299584,-27.35121979922635,47.31269964992538,R717,cold_storage,1.7981645078769455,13.974825782929543,1.178530168139644,0.3019819532057823,952.0943312107185,482.58539485866896,BITZER-CSH8561-90,screw,856,300.0,82.5,BAC-VXC-584,evaporative,565.0,3,103.37347055088414
551.4685760863974,-27.015183667824182,34.52185718968601,R717,cold_storage,2.315953965308826,9.665450292800742,1.1780866133942296,0.5030707703522492,1562.6130534457711,785.3644094050369,BITZER-CSH9563-160,screw,1417,500.0,135.0,BAC-VXC-584,evaporative,565.0,3,182.84007530490774
792.3662918216122,6.54474346732821,46.93005323668352,R717,cold_storage,4.396793076385488,3.443087797892212,1.1183718398240912,0.741878459851331,631.4111147983637,976.4500604799574,BITZER-CSH9563-160,screw,1417,500.0,135.0,BAC-VXC-584,evaporative,565.0,3,265.1728415121349
65.42738333190775,-22.682341033144336,43.628851309264405,R410A,ice_making,1.9143889430243717,7.319754506976659,1.1347517802723104,0.43325264537105423,115.05789552446352,99.25831126767133,COPELAND-ZP91K5E,screw,91,80.0,27.0,GUNTNER-GACV-120,air_cooled,125.0,2,32.60014660172837
287.58519795944187,-19.659043261578855,49.21066391258624,R410A,process_cooling,1.7829804604197594,7.436619902645467,1.131519638614406,2.1150609328531016,502.7256943911766,466.3627210397133,COPELAND-ZP91K5E,screw,91,80.0,27.0,GUNTNER-GACV-240,air_cooled,250.0,3,99.59533563722083
241.52937884011732,-1.1912906160000887,37.12520776608737,R717,process_cooling,4.554979658429899,3.4943267595841108,1.1940443428177554,0.20764707891994735,231.16614945369653,281.6110948880503,BITZER-CSH8561-90,screw,856,300.0,82.5,BAC-VXC-292,evaporative,250.0,4,57.728960665798475
185.13027597615437,-13.312456806529262,28.065451018884026,R410A,ice_making,3.7876350671653336,3.512726831486088,1.1115186932271566,1.061580857518529,201.4790380186912,244.141073129937,COPELAND-ZP91K5E,screw,91,80.0,27.0,GUNTNER-GACV-240,air_cooled,250.0,2,96.57349369255842
724.3620118675116,-14.642090135405077,43.51015959296181,R717,ice_making,2.623345117116605,7.139789098240231,1.1647240857536258,0.6735353510686504,1244.6601827163033,989.6549192916766,BITZER-CSH9563-160,screw,1417,500.0,135.0,BAC-VXC-584,evaporative,565.0,4,179.1304938004542
510.96142693847275,-12.75874653190667,29.965847240230694,R717,ice_making,3.8399810282080713,4.491691057426271,1.115926012086697,0.4668544423683851,800.9312829667596,666.3059882448226,BITZER-CSH9563-160,screw,1417,500.0,135.0,BAC-VXC-584,evaporative,565.0,4,132.1597305304331
214.30598838474236,-6.333134083663623,33.01200741751634,R717,blast_freezing,4.33505670996647,3.7867186905103374,1.1908387793728816,0.19030032506930886,255.50658224598186,263.67477880223925,BITZER-CSH8561-90,screw,856,300.0,82.5,BAC-VXC-292,evaporative,250.0,3,71.41724266712033
175.52764103927294,-6.650819254598787,49.28398481452204,R717,process_cooling,2.838137475554456,6.003044555715108,1.1827237994746438,0.17077457506668914,232.01747833807613,241.43092261978413,BITZER-S6H-25.2,screw,418,190.0,55.0,BAC-VXC-292,evaporative,250.0,3,59.50925881881563
111.21256037117566,-3.610648257570304,27.25705790910768,R717,ice_making,5.775737272065072,2.870407139721337,1.1712574160329547,0.09779194279289952,118.79052601682082,132.71911650703876,BITZER-N320VLD,screw,320,150.0,42.5,BAC-VXC-116,evaporative,105.0,2,56.56585528231568
620.7980981517344,2.0961775082784655,42.13811684113307,R410A,cold_storage,3.964180540348422,2.9862918368703504,1.192598467132518,3.7910873771976528,432.4023891658301,774.2682358908089,COPELAND-ZP91K5E,screw,91,80.0,27.0,GUNTNER-GACV-240,air_cooled,250.0,2,309.14861463850167
507.0385167464381,-2.3085767301470383,35.846391968507106,R717,hvac,4.559090689181131,3.5155472283831415,1.1577660803320031,0.46174094673948174,535.0607292129372,628.8805180952372,BITZER-CSH9563-160,screw,1417,500.0,135.0,BAC-VXC-584,evaporative,565.0,4,128.9385024890526
599.8323622984232,-13.230980521476525,37.38264389708718,R717,hvac,3.1309309573885877,5.679386345347637,1.125981980786149,0.5367859057087339,938.1246599509744,776.078091986688,BITZER-CSH9563-160,screw,1417,500.0,135.0,BAC-VXC-584,evaporative,565.0,2,294.10403473412725
392.68200033565955,-25.11063791790791,32.489041531489335,R410A,ice_making,2.38474736203444,6.120009550885111,1.1450829938912734,2.333336434076654,678.6605003943761,560.4572877624015,COPELAND-ZP91K5E,screw,91,80.0,27.0,GUNTNER-GACV-240,air_cooled,250.0,4,98.71852279995696
195.95375981054423,-3.4306155909502465,25.65656113382196,R410A,hvac,5.917876359189905,2.3535656342224636,1.1573124993745683,1.0438465340374588,142.15303746163073,231.6264134019372,COPELAND-ZP91K5E,screw,91,80.0,27.0,GUNTNER-GACV-240,air_cooled,250.0,2,99.07205657227065
24.46983731696788,4.8146433567784115,33.89741023692199,R717,ice_making,6.361037364531152,2.553565412403325,1.1673436442808987,0.021715209265993525,19.599903032464496,28.50832459861037,BITZER-4CC-9.2Y,reciprocating,48,25.0,8.0,BAC-VXC-116,evaporative,105.0,4,6.158864199145842
26.142525341663518,-11.278694513662387,47.387284123089856,R717,hvac,2.628463531091775,6.882957200199609,1.1820987549354616,0.02440389341768644,39.52379914300959,35.33936866314198,BITZER-4CC-9.2Y,reciprocating,48,25.0,8.0,BAC-VXC-116,evaporative,105.0,2,12.799941483072711
562.4187985739172,8.226820079961428,32.77018025988,R410A,ice_making,7.304074595313922,1.964510893911273,1.1675332450842866,3.1068815663561433,292.81490005629576,641.5517108068384,COPELAND-ZP91K5E,screw,91,80.0,27.0,GUNTNER-GACV-240,air_cooled,250.0,4,141.0735627040471
467.132146060972,-32.99214342943897,49.78508417734639,R717,cold_storage,1.5215824321666243,19.631049090837184,1.1638071722939314,0.44766765111975615,1825.6586393062016,746.3575869995113,BITZER-CSH9563-160,screw,1417,500.0,135.0,BAC-VXC-584,evaporative,565.0,4,112.59245166902467
86.4552459039764,1.950382659492746,44.294538389743664,R717,process_cooling,4.096993285633529,3.788432959843873,1.1441837396139825,0.0831623803702271,82.86309165999485,111.78072871320823,BITZER-6FE-35Y,screw,232,100.0,30.0,BAC-VXC-116,evaporative,105.0,2,44.925004736818536
184.66898230454254,-19.526552882155965,29.29943429153316,R717,hvac,3.185248378889904,5.8871729748093475,1.194998969579562,0.16248475888251246,366.13628489990253,240.47034398250682,BITZER-S6H-25.2,screw,418,190.0,55.0,BAC-VXC-292,evaporative,250.0,3,61.004565241162595
198.92726944990716,-10.81213634490068,49.045695575736445,R717,hvac,2.5669242739495393,7.053052798946176,1.1558304167802966,0.19244000559842137,306.10642868005135,278.45869881361114,BITZER-S6H-25.2,screw,418,190.0,55.0,BAC-VXC-292,evaporative,250.0,2,100.1959024610308
298.4339998969252,-34.84633481891295,47.2112091028858,R410A,ice_making,1.3263217387234394,13.076014968400994,1.141464103152149,2.1128459007578386,901.398341224153,511.2700680946118,COPELAND-ZP91K5E,screw,91,80.0,27.0,GUNTNER-GACV-240,air_cooled,250.0,4,72.87347600987971
60.179591962315904,-36.1378967745809,25.99146928844858,R410A,process_cooling,2.107923814886064,8.169600595283985,1.1188550836869817,0.33886507894177476,152.4733570133568,87.38019748473613,COPELAND-ZP61K5E,screw,61,55.0,18.5,GUNTNER-GACV-120,air_cooled,125.0,3,19.7549672169463
577.2808577287445,-12.992939687989683,41.025110010621745,R410A,ice_making,2.6229536040169683,4.807459807576658,1.1772861040988862,3.5643814067806807,669.043326678055,785.1429854770831,COPELAND-ZP91K5E,screw,91,80.0,27.0,GUNTNER-GACV-240,air_cooled,250.0,3,189.47649243445957
489.4076927944163,-11.048748340126227,37.676413476983114,R410A,hvac,3.0439835789100407,4.138112007396987,1.1066318516250517,2.903852262892915,509.82122991166887,641.4911846332002,COPELAND-ZP91K5E,screw,91,80.0,27.0,GUNTNER-GACV-240,air_cooled,250.0,2,241.43132556503988
440.2480777761289,-15.68115432571922,26.15138548966058,R717,ice_making,3.8891552844906983,4.52905234558792,1.1924627529241425,0.38731018448501403,746.0631779566199,558.3339494689028,BITZER-CSH9563-160,screw,1417,500.0,135.0,BAC-VXC-584,evaporative,565.0,3,148.04516688706107
563.6149710142613,-6.206074897014403,32.91545606302883,R410A,blast_freezing,4.094967154148584,3.1140757776173684,1.1612297854200837,3.142239383576785,468.762598795273,690.0873307024127,COPELAND-ZP91K5E,screw,91,80.0,27.0,GUNTNER-GACV-240,air_cooled,250.0,4,138.6606069883822
293.7907006431147,-9.182262911898235,29.113310169939215,R717,hvac,4.424327095818457,3.781523170281528,1.1883724735730843,0.2533896524535888,378.67868639216994,354.4879309087483,BITZER-CSH8561-90,screw,856,300.0,82.5,BAC-VXC-438,evaporative,425.0,3,96.37880915338069
617.4024325198903,-19.679847687099365,28.24265808687008,R717,cold_storage,3.255279690899657,5.742319256154775,1.1729300452968776,0.55187117922213,1251.497757455379,816.0504988766173,BITZER-CSH9563-160,screw,1417,500.0,135.0,BAC-VXC-584,evaporative,565.0,3,208.0922844643028
180.57164403199502,6.254420286966592,30.425094625570804,R717,blast_freezing,7.842099309207012,2.190957489140633,1.1945343133851771,0.16004093339225287,137.552757361317,208.017804315624,BITZER-S6H-25.2,screw,418,190.0,55.0,BAC-VXC-292,evaporative,250.0,3,61.497321789019594
414.9572674466197,9.28603310115873,35.116535200206414,R410A,hvac,6.877769845739229,2.0191654001718295,1.1995465273122692,2.246487586630714,204.9739499753104,457.6514626168616,COPELAND-ZP91K5E,screw,91,80.0,27.0,GUNTNER-GACV-240,air_cooled,250.0,2,199.7787121914413
262.5484420942518,-11.523766302518293,27.056417493310622,R717,ice_making,4.346236458095724,3.910421142452072,1.1989819388014855,0.23270237241142805,380.4707822337308,328.58357291130926,BITZER-CSH8561-90,screw,856,300.0,82.5,BAC-VXC-438,evaporative,425.0,3,89.04094904344247
691.1295746439309,-11.410798032293265,49.07712599454316,R717,ice_making,2.527363051439162,7.234500336117605,1.1818268220830246,0.6738276325058153,1096.9042076810667,978.4215532216897,BITZER-CSH9563-160,screw,1417,500.0,135.0,BAC-VXC-584,evaporative,565.0,3,233.68036748540362
769.8878379783346,-20.35760661994693,41.043447626159704,R410A,cold_storage,2.1649898914564623,6.29627750523806,1.1085515633628982,4.84184002275733,1180.4604572625408,1106.1816365278485,COPELAND-ZP91K5E,screw,91,80.0,27.0,GUNTNER-GACV-240,air_cooled,250.0,2,378.33802687052
45.91159248634761,0.7150267427445343,47.72043285549198,R410A,ice_making,3.16538982802012,3.5589224291099875,1.157805652396661,0.30687648940813766,36.568829098924425,61.45292544463466,COPELAND-ZP61K5E,screw,61,55.0,18.5,GUNTNER-GACV-060,air_cooled,65.0,3,15.566567447140569
548.5692433377887,8.766719605312133,44.24894317956849,R410A,hvac,4.625043396615799,2.5608115948867605,1.1951730824818032,3.400741113100616,315.2536071767911,666.9750474077463,COPELAND-ZP91K5E,screw,91,80.0,27.0,GUNTNER-GACV-240,air_cooled,250.0,4,137.10065510679487
703.2158604434143,-38.32970805798403,28.488959329263736,R410A,cold_storage,1.8849760660894341,9.608713333143168,1.1464033693845226,4.1186083016779795,2031.223233023027,1069.1401398905007,COPELAND-ZP91K5E,screw,91,80.0,27.0,GUNTNER-GACV-240,air_cooled,250.0,2,349.2756142204039
272.479945251622,-15.92020390754547,45.00467678541132,R717,process_cooling,2.461026354880846,7.849013761208834,1.1620257861338563,0.2517005924335838,489.5200385007223,373.33600039893446,BITZER-CSH8561-90,screw,856,300.0,82.5,BAC-VXC-438,evaporative,425.0,2,132.73370988809117
180.06111224182237,-6.121678767921779,46.520718640223876,R410A,cold_storage,2.7041212708096802,4.323958963266942,1.1407031673615653,1.2420769932747688,184.77723629331192,258.6198100850734,COPELAND-ZP91K5E,screw,91,80.0,27.0,GUNTNER-GACV-240,air_cooled,250.0,2,94.40016651384352
78.65005271528895,-32.208652732462795,48.89260763250559,R717,process_cooling,1.5711248130551296,18.444336173325077,1.183927294736611,0.07603273448154638,298.94286769352664,125.88441840106609,BITZER-6FE-35Y,screw,232,100.0,30.0,BAC-VXC-116,evaporative,105.0,3,25.641194380851175
46.69932039820313,-16.7397212025481,29.496109741281956,R410A,process_cooling,3.262813603287674,4.1252508032889,1.125608243275305,0.25745620310823925,55.10739137068542,59.90034584063204,COPELAND-ZP61K5E,screw,61,55.0,18.5,GUNTNER-GACV-060,air_cooled,65.0,4,11.462128152853992
638.4854282226269,-25.378243670332065,34.61781627915399,R717,cold_storage,2.4093711257813135,8.974764058466244,1.1562393162025117,0.5985588807376702,1730.0551734151027,925.1568235457268,BITZER-CSH9563-160,screw,1417,500.0,135.0,BAC-VXC-584,evaporative,565.0,4,163.4499483361326
234.40576554828542,-9.032271989945087,37.60615078786769,R410A,ice_making,3.2353602525686638,3.8528104908359557,1.1351699963319635,1.4022840228659892,229.91270253000397,306.95372460230556,COPELAND-ZP91K5E,screw,91,80.0,27.0,GUNTNER-GACV-240,air_cooled,250.0,2,117.23983566143022
379.92905473879114,-16.873963507526305,25.510763099656504,R717,hvac,3.8107014199874287,4.6744987648182725,1.1887075723736775,0.32526583537643133,657.4225737107658,471.4563001904769,BITZER-CSH9563-160,screw,1417,500.0,135.0,BAC-VXC-584,evaporative,565.0,4,93.363682119902
669.8404032844406,-34.64060002679589,45.62812185583735,R717,hvac,1.5748811620217846,19.120449529286308,1.1390365791580026,0.6524689451546878,2876.159118890571,1092.6249806412811,BITZER-CSH9563-160,screw,1417,500.0,135.0,BAC-VXC-584,evaporative,565.0,3,222.76167207852063
542.4696016155322,-15.462098055077075,43.616623089715546,R717,blast_freezing,2.563350926430078,7.414290972981843,1.1548501796409822,0.5329366273242763,1017.604028432065,786.9170483076281,BITZER-CSH9563-160,screw,1417,500.0,135.0,BAC-VXC-584,evaporative,565.0,3,188.6936001579694
421.49031483964006,-9.349956805851882,48.90501441822412,R717,ice_making,2.6709165162496085,6.621219123377811,1.1377204376221512,0.4015881784131378,603.9961619818866,576.1768633278026,BITZER-CSH9563-160,screw,1417,500.0,135.0,BAC-VXC-584,evaporative,565.0,4,104.8049100089151
701.1839445090952,-5.008021158420348,33.26433492753993,R410A,ice_making,4.21479922501603,3.0186739755547016,1.180724350988892,3.9064062847475927,560.1694072045766,852.3899410780771,COPELAND-ZP91K5E,screw,91,80.0,27.0,GUNTNER-GACV-240,air_cooled,250.0,3,229.6446649906766
723.0436918560673,-31.449485916344457,36.72981784997732,R410A,blast_freezing,1.8364419361114899,8.801400542077822,1.1491753158576452,4.635500537407661,1724.0895911111927,1137.176235003199,COPELAND-ZP91K5E,screw,91,80.0,27.0,GUNTNER-GACV-240,air_cooled,250.0,4,184.06494595586565
66.48080107427532,-1.7303813040352054,28.707850715727666,R410A,blast_freezing,5.615826672857342,2.4126328125274368,1.1713769358381254,0.346864665433634,44.70337731177074,75.73089995689416,COPELAND-ZP91K5E,screw,91,80.0,27.0,GUNTNER-GACV-060,air_cooled,65.0,2,32.14198534570555
417.81828600159565,9.398975692510035,32.138390436787056,R717,blast_freezing,8.47062579768913,2.063497203228207,1.1249967522832667,0.3707636542511395,286.86031925682687,475.7837058815277,BITZER-CSH9563-160,screw,1417,500.0,135.0,BAC-VXC-584,evaporative,565.0,3,141.8486246932625
230.15297363347526,-7.197229794414341,41.99970151189519,R717,blast_freezing,3.3165418042187413,5.049620786951165,1.1276648755021947,0.21858207387547074,303.09185078473115,307.50965915682923,BITZER-CSH8561-90,screw,856,300.0,82.5,BAC-VXC-438,evaporative,425.0,3,78.75661320658118
486.4224378595714,-12.446591434759522,31.154795705336667,R717,hvac,3.7539786586831188,4.592634202230373,1.1550686729719397,0.43533333704832006,737.7930831851493,621.3301716321914,BITZER-CSH9563-160,screw,1417,500.0,135.0,BAC-VXC-584,evaporative,565.0,2,245.31664651490794
427.87008901821457,-4.223214598534128,33.069224137127215,R717,blast_freezing,4.648473145884557,3.4928981725039474,1.1502004833719859,0.387662594890616,481.5442620410976,531.429814883351,BITZER-CSH9563-160,screw,1417,500.0,135.0,BAC-VXC-584,evaporative,565.0,3,145.78200513104036
259.30712409248645,-15.105701864436092,44.94703515158973,R410A,process_cooling,2.2306952758563323,5.693530315626619,1.1207546123106986,1.72410298774431,348.3475669986921,377.95016877830545,COPELAND-ZP91K5E,screw,91,80.0,27.0,GUNTNER-GACV-240,air_cooled,250.0,3,86.9876382650995
135.20729776680398,-34.23369036515918,40.372647533447605,R410A,cold_storage,1.579924875643948,10.825301813474454,1.1658010319694874,0.9198319752025411,382.7207735842832,226.74257582334144,COPELAND-ZP91K5E,screw,91,80.0,27.0,GUNTNER-GACV-240,air_cooled,250.0,3,46.28509913768524
364.86832641513064,-28.76181963263618,34.30325843720269,R717,ice_making,2.2266135330523342,10.439664009768586,1.1172145755340073,0.3234541557933719,1086.217302711069,510.3440456156579,BITZER-CSH8561-90,screw,856,300.0,82.5,BAC-VXC-584,evaporative,565.0,4,88.04424103167538
309.1780043045349,-8.702074473353047,27.683230602705844,R410A,cold_storage,4.48056202440264,2.961589949927954,1.1453193651295908,1.630077141243153,264.30521396078706,367.7627053257492,COPELAND-ZP91K5E,screw,91,80.0,27.0,GUNTNER-GACV-240,air_cooled,250.0,3,100.21986821407745
606.2835798935121,-2.6714120482070527,49.00636852330929,R410A,hvac,2.7619958175218904,4.088166814969568,1.1819828528414518,4.013263401218198,533.2105757616323,811.8205112110597,COPELAND-ZP91K5E,screw,91,80.0,27.0,GUNTNER-GACV-240,air_cooled,250.0,2,298.0126727015404
157.18012653980577,-15.409142016731366,32.17643236425561,R717,process_cooling,3.3429369322825675,5.360857345705079,1.1641771042462297,0.1387663652756825,264.40315490940213,201.5765937407967,BITZER-S6H-25.2,screw,418,190.0,55.0,BAC-VXC-292,evaporative,250.0,2,77.58089173374907
510.21435150743895,-3.3313592838625183,44.757224523518175,R717,blast_freezing,3.4569422902717926,4.678867438652746,1.130548166007421,0.4768595509384384,573.4034391577072,659.0746157636212,BITZER-CSH9563-160,screw,1417,500.0,135.0,BAC-VXC-584,evaporative,565.0,4,127.79966416947673
42.53126241666273,6.149687654879848,43.15839702869833,R410A,blast_freezing,4.38800865811687,2.699924513343821,1.167430167813368,0.2581855034109386,25.941650081251144,51.518651380464796,COPELAND-ZP61K5E,screw,61,55.0,18.5,GUNTNER-GACV-060,air_cooled,65.0,2,20.978463719747854
568.6764898243812,2.433726155049392,47.920850349465454,R717,ice_making,3.7687774257465025,4.099096384949497,1.1704173677922949,0.528924029112254,518.2236106703699,711.3751940422669,BITZER-CSH9563-160,screw,1417,500.0,135.0,BAC-VXC-584,evaporative,565.0,4,140.55042483571395
404.59214453392894,-1.8118409762654721,31.267326779089714,R717,blast_freezing,5.37761282162272,3.020818711116266,1.1501022755864665,0.35842418266244874,407.9857458306763,484.4724507425271,BITZER-CSH9563-160,screw,1417,500.0,135.0,BAC-VXC-584,evaporative,565.0,2,204.253953297615
295.8927226446141,-28.41031439044106,39.220465911318406,R410A,hvac,1.8604311713466017,8.256216036467983,1.1818541301925312,1.9852138165899291,655.2141785825039,475.7290100276497,COPELAND-ZP91K5E,screw,91,80.0,27.0,GUNTNER-GACV-240,air_cooled,250.0,3,103.13842288709226
774.1510196540461,-1.5718671885051947,43.01577256961144,R410A,process_cooling,3.429504274640247,3.4272308068165667,1.1593724033901083,4.88999482559581,627.0015242303522,1011.9432405929076,COPELAND-ZP91K5E,screw,91,80.0,27.0,GUNTNER-GACV-240,air_cooled,250.0,3,261.1626835366765
415.20674191422734,-23.770409844635974,46.35670671950429,R717,hvac,1.9857212231709258,11.526743234078143,1.1679075892096165,0.40477450471367754,1091.183470509034,631.1142804932556,BITZER-CSH9563-160,screw,1417,500.0,135.0,BAC-VXC-584,evaporative,565.0,3,139.91226098583445
718.0819342232545,-6.084035825334766,27.662433312468472,R717,ice_making,5.1746663115131115,3.1995565719633157,1.1171962067326282,0.6011603371820868,799.7156021339085,826.3070721620131,BITZER-CSH9563-160,screw,1417,500.0,135.0,BAC-VXC-584,evaporative,565.0,3,230.8283100421231
372.64126974160655,-11.190692140756518,29.300085812799935,R410A,process_cooling,3.9032883409114443,3.366191961570276,1.1915657060329263,2.09262415766211,369.1825643491055,475.09513539856835,COPELAND-ZP91K5E,screw,91,80.0,27.0,GUNTNER-GACV-240,air_cooled,250.0,4,94.55049213362526
633.0355507019336,-28.881762241857885,31.468319124269602,R410A,process_cooling,2.219997230283279,6.935752787613624,1.179659960364462,3.6519494889836572,1227.6222565751473,896.2931629666882,COPELAND-ZP91K5E,screw,91,80.0,27.0,GUNTNER-GACV-240,air_cooled,250.0,3,205.98033652478614
327.85857860985374,-12.280730051641086,47.87843009197948,R717,cold_storage,2.5365938183685284,7.267242232450265,1.119988361753028,0.3163137315943731,532.6225473359357,460.96839475571835,BITZER-CSH8561-90,screw,856,300.0,82.5,BAC-VXC-584,evaporative,565.0,2,165.3129593971899
192.72068972430523,-23.005952238824403,25.22448689956696,R717,cold_storage,3.183056243906311,6.082957156468752,1.1013018662524698,0.1667316740093112,434.9735736549078,249.9876104826073,BITZER-S6H-25.2,screw,418,190.0,55.0,BAC-VXC-292,evaporative,250.0,4,47.55641438033842
131.0012085415938,-29.16532958128939,32.75704073364209,R410A,process_cooling,2.135832605655645,7.250421441440665,1.1023599344062431,0.7869485714432846,267.48002294061854,192.79002802055368,COPELAND-ZP91K5E,screw,91,80.0,27.0,GUNTNER-GACV-240,air_cooled,250.0,3,43.77011144758592
554.0759963094033,-3.7261907527605587,33.25235365661391,R717,hvac,4.702503169206001,3.4447420558187334,1.1187205414536419,0.49154438216346036,599.6091300533835,672.29466894918,BITZER-CSH9563-160,screw,1417,500.0,135.0,BAC-VXC-584,evaporative,565.0,3,184.80000317790333
153.9720041481582,-3.1088592814069287,48.63508614381859,R717,hvac,3.1644078247112915,5.141685868724823,1.186174171152299,0.14688047230193643,175.1976308154771,203.53347018416363,BITZER-S6H-25.2,screw,418,190.0,55.0,BAC-VXC-292,evaporative,250.0,3,51.55298045975769
496.0545539257862,-12.378760292488657,32.43662361601133,R410A,ice_making,3.4135475347691355,3.8033871820408893,1.1717208655700189,2.9455954107088616,541.2933904188701,666.1002685211979,COPELAND-ZP91K5E,screw,91,80.0,27.0,GUNTNER-GACV-240,air_cooled,250.0,3,171.72617655127252
356.13259734955557,-25.00734119409055,39.615826605901624,R717,cold_storage,2.1962024144010828,10.160874068967527,1.192512222888635,0.34810105131000246,990.0046289733839,541.2840728097791,BITZER-CSH9563-160,screw,1417,500.0,135.0,BAC-VXC-584,evaporative,565.0,3,123.97727401175297
629.8234632333839,0.45426953761899114,35.94754322652366,R410A,hvac,4.64819953887422,2.703994721890391,1.1825390954725838,3.648010095826662,438.3396507143931,769.7076958764285,COPELAND-ZP91K5E,screw,91,80.0,27.0,GUNTNER-GACV-240,air_cooled,250.0,3,211.14427305058578
258.33165181123843,-26.939564720477627,43.07022172856426,R410A,blast_freezing,1.7541827491671997,8.5379479604893,1.1891699342923672,1.791013871094416,558.5023592900598,420.5470884779961,COPELAND-ZP91K5E,screw,91,80.0,27.0,GUNTNER-GACV-240,air_cooled,250.0,3,89.2843739876086
152.64002748492814,-32.38433489521292,27.879714995663164,R410A,hvac,2.2159641054064636,7.3090367965415135,1.1047833564098315,0.8634521518829684,333.3714346483076,217.5343800307937,COPELAND-ZP91K5E,screw,91,80.0,27.0,GUNTNER-GACV-240,air_cooled,250.0,2,74.94616886887823
758.1372098099056,-4.148402009207878,43.55203304952323,R410A,hvac,3.123425374191046,3.7755966595412636,1.1175056034984676,4.645536230214708,647.6384986206817,970.8431929547542,COPELAND-ZP91K5E,screw,91,80.0,27.0,GUNTNER-GACV-240,air_cooled,250.0,4,183.849347815009
309.42350869834837,7.448549392602288,37.66940318274006,R410A,blast_freezing,5.685122799209888,2.272668361281924,1.1342551237177243,1.8233503212430657,176.0039708279835,370.560318373531,COPELAND-ZP91K5E,screw,91,80.0,27.0,GUNTNER-GACV-240,air_cooled,250.0,2,157.56486288605078
740.8256624852726,-18.745900174226158,44.416616629561815,R410A,cold_storage,2.0652014119734936,6.424880747553696,1.1618075590200094,5.021434088719212,1154.780819168017,1123.7782978522168,COPELAND-ZP91K5E,screw,91,80.0,27.0,GUNTNER-GACV-240,air_cooled,250.0,3,252.38455983172835
692.1735316518294,0.1970538525333012,47.36630899179823,R410A,ice_making,3.152549771152056,3.588253225719824,1.1311599099559593,4.577467693334725,554.5533042714718,920.5656532680173,COPELAND-ZP91K5E,screw,91,80.0,27.0,GUNTNER-GACV-240,air_cooled,250.0,2,349.4394046402222
284.4138863624267,-1.3341334082656147,36.57124975551029,R717,ice_making,4.609831956428421,3.4585139298585816,1.162922288549067,0.2635163852484823,294.86494304107015,357.4279332603189,BITZER-CSH8561-90,screw,856,300.0,82.5,BAC-VXC-438,evaporative,425.0,4,73.42834516528922
497.68433120379353,-18.58605987681085,38.745215745679246,R717,blast_freezing,2.6276590858692814,7.42189155610256,1.1125883428352237,0.4662105582172603,1010.5210903190917,696.3311084244178,BITZER-CSH9563-160,screw,1417,500.0,135.0,BAC-VXC-584,evaporative,565.0,4,126.095142936123
703.7412032764769,-32.69601568759771,33.58870483411153,R410A,hvac,1.919447934635589,8.57462653720482,1.1221135442412058,4.2155472504895855,1648.0969804187223,1049.6953480450215,COPELAND-ZP91K5E,screw,91,80.0,27.0,GUNTNER-GACV-240,air_cooled,250.0,2,345.0713307639613
417.93918612128573,-3.972309230895128,36.66789589175426,R410A,blast_freezing,3.897828241333731,3.176288753637878,1.1587474891139373,2.3985209164760346,332.4601323695885,514.769055847856,COPELAND-ZP91K5E,screw,91,80.0,27.0,GUNTNER-GACV-240,air_cooled,250.0,4,102.41689095563747
507.97147288313727,0.7027042184250547,27.520527946133218,R410A,cold_storage,6.544894659446501,2.163746475702593,1.1260163735154052,2.5703811530892122,306.41873835848776,557.5660125175274,COPELAND-ZP91K5E,screw,91,80.0,27.0,GUNTNER-GACV-240,air_cooled,250.0,3,161.22207940287555
276.32242385557834,6.80238781742738,42.509455591969676,R717,ice_making,5.07616848783092,3.029612808560312,1.1620547800938243,0.258817529766073,218.37410065834152,339.07842448936435,BITZER-CSH8561-90,screw,856,300.0,82.5,BAC-VXC-438,evaporative,425.0,2,141.6368898215585
620.9079497937065,-30.59726386901183,37.76505828704697,R410A,cold_storage,1.8286108801415704,8.714642391193594,1.1371113868858513,3.956265429188757,1422.546958877688,963.3191124884085,COPELAND-ZP91K5E,screw,91,80.0,27.0,GUNTNER-GACV-240,air_cooled,250.0,3,207.58549983098195
682.6062931211545,-3.3262691568570943,44.11144265431007,R717,process_cooling,3.514256767029568,4.597318086076798,1.1855871770825075,0.6487133250454779,779.9061786874463,895.986900920209,BITZER-CSH9563-160,screw,1417,500.0,135.0,BAC-VXC-584,evaporative,565.0,4,174.3768793085619
577.6961176780233,-32.34149951859849,27.91825313354301,R410A,cold_storage,2.2163218087634307,7.30321441812272,1.130443697971526,3.3314721491894344,1284.0441608744572,839.0630036139775,COPELAND-ZP91K5E,screw,91,80.0,27.0,GUNTNER-GACV-240,air_cooled,250.0,4,144.54660823812085
804.8509035382223,-1.1664625563799973,32.51317441797904,R717,process_cooling,5.2812704369155945,3.0576424076937525,1.1048595223693214,0.700453968091451,779.0994446587944,945.1123637289356,BITZER-CSH9563-160,screw,1417,500.0,135.0,BAC-VXC-584,evaporative,565.0,3,264.88240111374984
660.0473259862657,-16.046982769566373,40.31062492352248,R410A,blast_freezing,2.465517009008845,5.2725641348866095,1.1959504860717947,4.396588508104627,918.2570909839371,985.6001756453539,COPELAND-ZP91K5E,screw,91,80.0,27.0,GUNTNER-GACV-240,air_cooled,250.0,4,175.29952896052308
31.432933542094315,-33.694833326411,28.601176922311193,R717,hvac,2.207248504469589,11.254223309023878,1.1659211040219302,0.02828272489157818,119.21312197447108,45.56662352333678,BITZER-4DC-10.2Y,reciprocating,67,37.5,12.0,BAC-VXC-116,evaporative,105.0,3,10.45307854852854
709.99545280156,-24.715803662195547,46.2329880110636,R717,cold_storage,1.9473675735878286,12.001153106753724,1.1125473873501288,0.6769607214598722,1901.0473459592788,1061.6870691303045,BITZER-CSH9563-160,screw,1417,500.0,135.0,BAC-VXC-584,evaporative,565.0,3,233.82390331960914
574.5108769423367,2.253873465157291,35.19241163282314,R717,cold_storage,5.481837163260896,2.909054393117953,1.1314801688991962,0.49513677479940976,488.16451928562213,658.8721417152418,BITZER-CSH9563-160,screw,1417,500.0,135.0,BAC-VXC-584,evaporative,565.0,4,139.3057902149946
295.6217132917635,-29.159542718424746,28.24597668836962,R410A,blast_freezing,2.386852149937791,6.455045364720001,1.1731728872511147,1.6784495726943838,570.3679700153099,415.6968479281442,COPELAND-ZP91K5E,screw,91,80.0,27.0,GUNTNER-GACV-240,air_cooled,250.0,2,146.4792189434485
589.322219764315,-25.17831394786388,48.305942269660385,R717,cold_storage,1.8547827422713008,12.952188277142826,1.1634697185754255,0.5805783646816514,1663.5135660528024,916.105948231282,BITZER-CSH9563-160,screw,1417,500.0,135.0,BAC-VXC-584,evaporative,565.0,4,148.80094706607872
758.1569477453859,3.5544275256444706,37.73263320343301,R717,process_cooling,5.279860161358608,2.981757735007148,1.1309225161838066,0.6642355319326834,626.0308993593326,880.4681326571477,BITZER-CSH9563-160,screw,1417,500.0,135.0,BAC-VXC-584,evaporative,565.0,4,185.0657696793583
69.24949498365514,-38.484744994422634,46.755190310463604,R410A,process_cooling,1.2380170768515093,15.177061011657182,1.102106569428896,0.5237045565521002,259.98075517224527,129.703179259783,COPELAND-ZP91K5E,screw,91,80.0,27.0,GUNTNER-GACV-120,air_cooled,125.0,2,35.87433547903126
741.2822304530209,-9.060803696139423,26.574149492725148,R410A,cold_storage,4.596136684856794,2.912118575228882,1.1546541033127486,3.9243038489680533,644.0319063350349,889.4891178251115,COPELAND-ZP91K5E,screw,91,80.0,27.0,GUNTNER-GACV-240,air_cooled,250.0,3,243.51404045578158
271.7605824105353,-10.941649365189484,47.79441834632529,R717,process_cooling,2.627831383908496,6.861642855052823,1.1992049660530375,0.25521497550306754,407.99206289909137,369.04023117498446,BITZER-CSH8561-90,screw,856,300.0,82.5,BAC-VXC-438,evaporative,425.0,3,89.10516125491931
515.1141142539778,-7.126976859226353,44.14331821534174,R410A,ice_making,2.8192117593713104,4.228850859696421,1.1951363452260393,3.2183291816194615,495.02703812094916,680.5108695706137,COPELAND-ZP91K5E,screw,91,80.0,27.0,GUNTNER-GACV-240,air_cooled,250.0,4,125.5824739991165
201.8624844784145,9.126986599423603,39.175414493754225,R717,process_cooling,6.220421389639818,2.5470877983908853,1.100236664629996,0.18163005015072,141.79831910067958,234.7087566769751,BITZER-S6H-25.2,screw,418,190.0,55.0,BAC-VXC-292,evaporative,250.0,2,101.10125791716798
76.61501251663984,-30.160503157536265,43.521891183230004,R717,cold_storage,1.8066637669488101,14.454548423249063,1.1623211387743486,0.07315808417810023,261.7535116214709,118.37537051635783,BITZER-6FE-35Y,screw,232,100.0,30.0,BAC-VXC-116,evaporative,105.0,4,19.049707283208104
496.52710626094165,0.28912222183100056,34.60429986564815,R717,cold_storage,5.196976331495332,3.0760519115418283,1.1731048280057865,0.4289144297421604,453.0349990071041,575.9031053900418,BITZER-CSH9563-160,screw,1417,500.0,135.0,BAC-VXC-584,evaporative,565.0,4,120.74254635827002
617.3413970694721,-8.775773907936848,31.11852427219185,R717,cold_storage,4.226228123454876,3.9483875006340394,1.1120528364487883,0.5624200717489252,827.63866716198,787.265960985228,BITZER-CSH9563-160,screw,1417,500.0,135.0,BAC-VXC-584,evaporative,565.0,4,159.15711419209097
707.8719945404973,-38.560253583605665,27.978431742547517,R410A,hvac,1.8964354706268485,9.579728940560505,1.1157578689219956,4.054582862846071,2019.2467449520113,1054.9062857412594,COPELAND-ZP91K5E,screw,91,80.0,27.0,GUNTNER-GACV-240,air_cooled,250.0,2,345.3489157198422
259.43598154905334,-19.683346931937194,47.17268076952271,R717,process_cooling,2.1508555600567,9.795985181836249,1.136580081247279,0.2576978699174176,584.4754663120913,392.1268422996914,BITZER-CSH8561-90,screw,856,300.0,82.5,BAC-VXC-438,evaporative,425.0,4,66.91898302953237
119.02910215304306,3.9873313728519904,25.15731015037181,R717,process_cooling,8.988754197331804,2.026987389232767,1.1521624901488918,0.10167954019597482,94.41375913676724,132.83125574764068,BITZER-N320VLD,screw,320,150.0,42.5,BAC-VXC-116,evaporative,105.0,4,29.88329385353675
404.2136646093531,-9.97791410630041,31.140040275945125,R717,ice_making,4.06098626029512,4.14776252290796,1.1361471687605678,0.355172067799538,547.1456940594547,500.30981291359547,BITZER-CSH9563-160,screw,1417,500.0,135.0,BAC-VXC-584,evaporative,565.0,3,133.81787472747496
678.1233164819691,-22.879620908212154,47.2078955965011,R717,cold_storage,1.994856300030092,11.318919663121997,1.1224271152681198,0.6628398199688744,1719.9246070028842,1028.9560016026035,BITZER-CSH9563-160,screw,1417,500.0,135.0,BAC-VXC-584,evaporative,565.0,3,228.46052883295295
725.055943098565,6.431487654448276,48.52091183445272,R410A,process_cooling,3.671488668551606,3.0365356442356,1.1324672188211315,4.635256124687172,461.6920896218625,899.2786062181584,COPELAND-ZP91K5E,screw,91,80.0,27.0,GUNTNER-GACV-240,air_cooled,250.0,2,353.38747954456016
645.865800628389,-10.00256107743066,30.533035606447044,R410A,hvac,3.9017700556533366,3.334520406926819,1.1208273455866884,3.551277069580377,601.6750996038926,799.1188964551204,COPELAND-ZP91K5E,screw,91,80.0,27.0,GUNTNER-GACV-240,air_cooled,250.0,2,318.0461492169838
784.2920465999754,-16.518019947254984,38.21936051392763,R717,blast_freezing,2.8070552512193108,6.684958257411321,1.131971909229328,0.7242427171724718,1442.8945246415242,1067.9924350029096,BITZER-CSH9563-160,screw,1417,500.0,135.0,BAC-VXC-584,evaporative,565.0,2,393.7313192364695
671.5010072103325,-15.978328472863488,33.56952608406428,R410A,cold_storage,2.9710259292514523,4.452204480172428,1.1803770177709025,4.02633120094499,838.8890688553222,922.5890367856808,COPELAND-ZP91K5E,screw,91,80.0,27.0,GUNTNER-GACV-240,air_cooled,250.0,4,172.5647225155535
520.2482154713173,0.5862496258682626,45.132506121932174,R717,ice_making,3.8404355958773864,4.075353866428372,1.1366826498665008,0.48705154872345624,509.07649157421673,659.7430584465918,BITZER-CSH9563-160,screw,1417,500.0,135.0,BAC-VXC-584,evaporative,565.0,3,174.48159197003307
506.2939047563939,-37.39603105406658,49.49868182031173,R410A,blast_freezing,1.18720934186657,15.411859636964994,1.1312296432726445,3.7249373194402984,1766.2815557479837,907.7521245154543,COPELAND-ZP91K5E,screw,91,80.0,27.0,GUNTNER-GACV-240,air_cooled,250.0,4,123.18114476919116
684.0812215398017,-25.16140023090744,40.46252548322067,R410A,process_cooling,1.9515728615329797,7.472309682342368,1.12707764860582,4.39120086854095,1279.6530628674054,1030.382712387229,COPELAND-ZP91K5E,screw,91,80.0,27.0,GUNTNER-GACV-240,air_cooled,250.0,3,227.09552192716433
79.90191562908495,-13.205049796593379,34.518035094827425,R410A,hvac,3.1328922853247447,4.127377944422142,1.1349396906641376,0.47562880520937406,89.93484261757494,107.26517376459536,COPELAND-ZP91K5E,screw,91,80.0,27.0,GUNTNER-GACV-120,air_cooled,125.0,2,40.65557630964409
312.56382591192954,-6.710811366944348,26.65131499305988,R717,ice_making,5.2298217051930855,3.1805439296866713,1.1115445923556353,0.2747890380174639,374.1691945617885,378.388006747009,BITZER-CSH8561-90,screw,856,300.0,82.5,BAC-VXC-438,evaporative,425.0,4,79.41245770407332
681.838589282375,-2.9077299247503348,34.369839693453756,R717,hvac,4.673041596037319,3.447798605978667,1.1440806448016043,0.5950018191709643,704.5611662959843,811.4911461531856,BITZER-CSH9563-160,screw,1417,500.0,135.0,BAC-VXC-584,evaporative,565.0,3,222.81591609450334
439.89620425405064,-6.368710089496794,43.38996326188762,R717,process_cooling,3.28116663711017,5.075367599100968,1.1441349316978597,0.4117634034387421,553.5854943569127,577.5978348026201,BITZER-CSH9563-160,screw,1417,500.0,135.0,BAC-VXC-584,evaporative,565.0,4,110.67046122390039
792.81076050896,-33.611350639516864,40.48773464116942,R410A,ice_making,1.5983182888123153,10.570568952974783,1.194932647184801,5.140809547470737,2085.5293588473896,1262.4087898657563,COPELAND-ZP91K5E,screw,91,80.0,27.0,GUNTNER-GACV-240,air_cooled,250.0,4,194.13817251409188
683.3127734726444,-19.689768694717973,48.910555607239274,R410A,blast_freezing,1.7957144539769136,7.393735601015108,1.1448622003787663,4.858406813313504,1156.0753541435345,1072.8299137780211,COPELAND-ZP91K5E,screw,91,80.0,27.0,GUNTNER-GACV-240,air_cooled,250.0,2,344.5445188598483
183.11780100583547,-39.60499161355334,48.0728111524308,R410A,ice_making,1.171185913095331,16.457839692780947,1.1306147489204599,1.3441700349170473,699.8488399084343,333.6947427106628,COPELAND-ZP91K5E,screw,91,80.0,27.0,GUNTNER-GACV-240,air_cooled,250.0,2,90.001178521726
235.086409603668,-1.7394826800756178,25.355742796091803,R410A,blast_freezing,6.4478435102647165,2.2098340178552616,1.1870981572742,1.1917109285940464,153.63095347229049,262.8187449504166,COPELAND-ZP91K5E,screw,91,80.0,27.0,GUNTNER-GACV-240,air_cooled,250.0,3,75.84361552302228
368.7589581807375,-19.133752682345204,48.64724912030075,R410A,blast_freezing,1.8321687713998627,7.197402157514461,1.160080848356444,2.654279959684933,619.0077782270344,585.041355766024,COPELAND-ZP91K5E,screw,91,80.0,27.0,GUNTNER-GACV-240,air_cooled,250.0,3,126.15708885198701
607.4220376215671,-3.072164521088091,30.889307612258143,R717,process_cooling,5.195492734313371,3.13447727607113,1.1007347107119296,0.5207900804322021,620.3678728423012,708.0131126063989,BITZER-CSH9563-160,screw,1417,500.0,135.0,BAC-VXC-584,evaporative,565.0,3,197.9114570377974
300.19020382589434,3.167183036187467,29.576165795785712,R410A,cold_storage,6.679799390846094,2.1126203618540975,1.1135862262201028,1.6000663691206705,176.44339509137598,341.29445232153034,COPELAND-ZP91K5E,screw,91,80.0,27.0,GUNTNER-GACV-240,air_cooled,250.0,4,74.21347741953659
496.0640344619498,-7.274173620697788,38.863449403822244,R410A,hvac,3.282836929899258,3.7426799639081305,1.1844409554889068,2.9526405766782626,456.393531922325,638.1176843514614,COPELAND-ZP91K5E,screw,91,80.0,27.0,GUNTNER-GACV-240,air_cooled,250.0,4,122.2808814635426
700.0571181415767,-13.336813492881962,40.18351939356082,R410A,process_cooling,2.65992867086283,4.768398910501578,1.169443950413832,4.340325953136073,824.4531422571946,960.6502096445456,COPELAND-ZP91K5E,screw,91,80.0,27.0,GUNTNER-GACV-240,air_cooled,250.0,3,232.72411979379834
751.741428823682,4.102662089529055,44.21510227985139,R410A,ice_making,3.945271558236641,2.9479200574383335,1.1983926856640343,4.629442849611293,495.74632012710083,927.937623940116,COPELAND-ZP91K5E,screw,91,80.0,27.0,GUNTNER-GACV-240,air_cooled,250.0,2,370.1481174932723
683.3599775012694,-21.94769750784099,46.30915485436927,R410A,process_cooling,1.8202371284274081,7.58104324024383,1.1998942060086857,4.681862043228391,1210.0084634972943,1057.6665743059395,COPELAND-ZP91K5E,screw,91,80.0,27.0,GUNTNER-GACV-240,air_cooled,250.0,3,227.54634691797585
283.7473639585093,-1.2004669343768768,33.90138961457379,R717,process_cooling,5.037650215918187,3.187626843068842,1.1980878679486753,0.24809897835908293,276.29036798236046,335.3246269878907,BITZER-CSH8561-90,screw,856,300.0,82.5,BAC-VXC-438,evaporative,425.0,2,139.89284896751323
518.2933764650309,-26.888669301525795,37.186017270337906,R717,cold_storage,2.2012821603337493,10.36666029061698,1.1485922470151464,0.48529745267613056,1498.9843831813057,760.5067756582642,BITZER-CSH9563-160,screw,1417,500.0,135.0,BAC-VXC-584,evaporative,565.0,4,130.7358984794194
738.6750591672987,-36.397154913994825,28.270257191762134,R717,ice_making,2.075716242645182,12.791684902310083,1.1145791214798606,0.6855252974912823,3287.5272331506417,1123.602643316052,BITZER-CSH9563-160,screw,1417,500.0,135.0,BAC-VXC-584,evaporative,565.0,4,189.57212507714783
152.26162670747408,-2.323953546247232,40.459420670116096,R717,blast_freezing,3.988369674287384,4.004254615533572,1.1472737981331764,0.13772387229744282,159.68146464126062,188.51872335921934,BITZER-S6H-25.2,screw,418,190.0,55.0,BAC-VXC-292,evaporative,250.0,3,50.24235761547976
593.8109477476146,-33.92026283106693,26.923467981445842,R717,cold_storage,2.271305653167459,10.820426446774256,1.1343683037881445,0.5308965563833931,2261.689575009984,853.6899814295955,BITZER-CSH9563-160,screw,1417,500.0,135.0,BAC-VXC-584,evaporative,565.0,4,148.1817266903832
307.19572671551236,-23.79840818162395,46.671128099773014,R410A,blast_freezing,1.7265754425465496,8.211848609417894,1.1280597090803242,2.119370358958188,586.7381604314335,482.87481684124043,COPELAND-ZP91K5E,screw,91,80.0,27.0,GUNTNER-GACV-240,air_cooled,250.0,4,76.4438595364499
497.9987756051104,-15.903536096179657,46.26330251483974,R717,hvac,2.398756419061332,8.111596182894168,1.117728385621522,0.49992393106252503,971.626087801577,742.6620699596035,BITZER-CSH9563-160,screw,1417,500.0,135.0,BAC-VXC-584,evaporative,565.0,4,131.03803184584936
490.4247050037031,-16.51413416247555,42.55469172317406,R717,blast_freezing,2.553028685848475,7.535550944980949,1.1112815543859087,0.4518868531202214,900.1439496730072,670.3990905715261,BITZER-CSH9563-160,screw,1417,500.0,135.0,BAC-VXC-584,evaporative,565.0,2,240.85762606038642
542.6078625377032,-34.86099426329796,38.20857762988429,R717,process_cooling,1.7852247818652207,15.78086036419232,1.1805290658865937,0.5040446282360361,2245.3277515323575,833.9274041680205,BITZER-CSH9563-160,screw,1417,500.0,135.0,BAC-VXC-584,evaporative,565.0,3,178.1720788319155
494.4609848916365,-34.95242214345211,29.32108079729505,R717,hvac,2.107741043505977,12.256809683098332,1.1122809771555973,0.44784168269248625,2003.68190903638,728.5701206727016,BITZER-CSH9563-160,screw,1417,500.0,135.0,BAC-VXC-584,evaporative,565.0,4,123.53322919414941
133.97471302756773,-23.27423272902545,45.12761227258589,R717,ice_making,2.0561346980941644,10.903861904000548,1.1480828111833985,0.13158457265079535,347.2450831138667,204.14513679340936,BITZER-N320VLD,screw,320,150.0,42.5,BAC-VXC-292,evaporative,250.0,4,34.33666548384376
805.7689356934718,-20.706305320321597,49.36331532077145,R717,ice_making,2.01388954814277,10.858944048945395,1.1732871918833512,0.76502781557132,1810.7579911996768,1175.0438017036436,BITZER-CSH9563-160,screw,1417,500.0,135.0,BAC-VXC-584,evaporative,565.0,3,261.7225341827971
523.3289131292527,-21.44687375721605,40.54380977298814,R410A,blast_freezing,2.133926180238451,6.483150601219526,1.1131869793851568,3.398086312164078,862.1718041495388,781.9990191031435,COPELAND-ZP91K5E,screw,91,80.0,27.0,GUNTNER-GACV-240,air_cooled,250.0,3,177.490692059847
590.0074310592718,-37.6206085730904,34.80208856852915,R410A,process_cooling,1.660800317516571,10.938613200468039,1.1331169823498388,3.6617010192863457,1752.7331061577204,933.66683429769,COPELAND-ZP91K5E,screw,91,80.0,27.0,GUNTNER-GACV-240,air_cooled,250.0,3,194.25661327635976
270.7932180248928,-14.96550851065276,30.414423733748094,R717,cold_storage,3.544022073421971,4.994536231662056,1.1256252798378197,0.24342139131073945,455.6623247594618,351.8201461646687,BITZER-CSH8561-90,screw,856,300.0,82.5,BAC-VXC-438,evaporative,425.0,4,68.59882851224562
573.1678282667983,-18.678074020721382,26.623273207498375,R717,hvac,3.4960996919508824,5.231365573541068,1.1410286443154956,0.5046698301543133,1098.031438938705,740.1128709655279,BITZER-CSH9563-160,screw,1417,500.0,135.0,BAC-VXC-584,evaporative,565.0,4,143.8751672268154
367.3754149704238,-26.047059342897818,34.312547653146936,R410A,cold_storage,2.2237289471382455,6.650161429842721,1.1452088120585868,2.1903109393075146,660.1075887082674,525.9577480949331,COPELAND-ZP91K5E,screw,91,80.0,27.0,GUNTNER-GACV-240,air_cooled,250.0,3,120.93525733592968
258.4979125343924,-19.519891600818184,41.753058618445195,R410A,ice_making,2.170840717306633,6.206131444536338,1.1759214566887073,1.6856369048820652,398.6404147126148,382.5095668847842,COPELAND-ZP91K5E,screw,91,80.0,27.0,GUNTNER-GACV-240,air_cooled,250.0,3,87.2920272133319
394.8812035420537,-20.37183115680961,43.71294103619955,R410A,cold_storage,2.020650958740196,6.715627091602363,1.1210266339623118,2.6984737098718967,658.2402724177796,610.6298483806322,COPELAND-ZP91K5E,screw,91,80.0,27.0,GUNTNER-GACV-240,air_cooled,250.0,4,102.11952700092064
533.8884683426168,-26.501254566816016,49.60583783382813,R410A,ice_making,1.5066686087232455,9.778994823311866,1.125742030857098,3.8947184000925397,1194.2967334562952,890.1709473944466,COPELAND-ZP91K5E,screw,91,80.0,27.0,GUNTNER-GACV-240,air_cooled,250.0,3,178.34994464622264
662.6764933048527,-2.137074833707615,28.18216886782402,R410A,blast_freezing,5.640132146268777,2.411369260434606,1.1227649294745674,3.5223827840966053,459.96193759240515,771.6099975075301,COPELAND-ZP91K5E,screw,91,80.0,27.0,GUNTNER-GACV-240,air_cooled,250.0,4,163.8514963053129
682.1093202813217,-29.5479575393106,42.33210742072029,R717,ice_making,1.8724337631325723,13.583794440097272,1.1423148817984907,0.6552761890159018,2280.110616100945,1053.8537252761926,BITZER-CSH9563-160,screw,1417,500.0,135.0,BAC-VXC-584,evaporative,565.0,4,171.74210611371964
310.0562700641487,-18.6698230522613,38.234678782793644,R410A,cold_storage,2.432233229738344,5.519997160404982,1.1891718994176323,1.9109320164657169,438.2550554667937,437.0610294303816,COPELAND-ZP91K5E,screw,91,80.0,27.0,GUNTNER-GACV-240,air_cooled,250.0,4,77.43022458334386
529.2234573348379,4.4273887721125575,31.039099806040706,R410A,ice_making,6.625947616944058,2.1097245977216685,1.1538165706147534,2.856663859007983,302.81871870424,603.1227906020704,COPELAND-ZP91K5E,screw,91,80.0,27.0,GUNTNER-GACV-240,air_cooled,250.0,3,174.6781828676245
312.62902086671613,-27.016291217946968,48.737766193713924,R717,blast_freezing,1.7660715070032722,14.279904726532207,1.188326395948128,0.31074404065449196,965.264837484083,496.58815535284543,BITZER-CSH8561-90,screw,856,300.0,82.5,BAC-VXC-584,evaporative,565.0,2,158.52992044195503
569.0715831452223,4.0882087203098365,33.91212864598744,R717,blast_freezing,6.169360337311279,2.622471596520788,1.1734267863171546,0.4986041635520643,461.3732644648188,656.8476152877865,BITZER-CSH9563-160,screw,1417,500.0,135.0,BAC-VXC-584,evaporative,565.0,2,282.6144477858474
284.0816171187332,5.533214599567934,45.061944577492405,R717,cold_storage,4.493993783691546,3.396038521650577,1.1855748732573486,0.2551322951462146,224.70950109306983,337.02008885595643,BITZER-CSH8561-90,screw,856,300.0,82.5,BAC-VXC-438,evaporative,425.0,3,91.89223989742531
341.35397397513725,-35.24476853243965,25.57094243286461,R717,blast_freezing,2.25717595105243,11.105757018037197,1.110436510667938,0.30163016342132754,1368.4997981431522,487.8685865121521,BITZER-CSH8561-90,screw,856,300.0,82.5,BAC-VXC-584,evaporative,565.0,2,169.04294660430608
724.3741003646928,-31.793734613883842,35.08858118104646,R717,cold_storage,2.0350273268217474,12.381103717872609,1.1186123850829248,0.6670425246495458,2572.649083493795,1074.8019073851697,BITZER-CSH9563-160,screw,1417,500.0,135.0,BAC-VXC-584,evaporative,565.0,2,360.3346884423981
28.67204432051582,-36.59712517535736,49.9149692759235,R717,ice_making,1.405508625354014,23.668545944912374,1.1819816843180089,0.029541282111790648,143.0474739200415,50.547397631603786,BITZER-4DC-10.2Y,reciprocating,67,37.5,12.0,BAC-VXC-116,evaporative,105.0,2,14.767106343250518
64.88433501991496,-37.32912624502288,32.89966344026892,R410A,process_cooling,1.7460484057863421,10.293501851099265,1.179506778460028,0.40429613427597033,191.1714732677493,103.38827347441378,COPELAND-ZP91K5E,screw,91,80.0,27.0,GUNTNER-GACV-120,air_cooled,125.0,2,32.86921849167288
582.9983973582852,-23.372274469226358,36.5166360678392,R717,cold_storage,2.436809125192646,8.636796655903332,1.159227160115683,0.5511217226238132,1460.5077484303165,844.1145599355607,BITZER-CSH9563-160,screw,1417,500.0,135.0,BAC-VXC-584,evaporative,565.0,2,299.252298779271
91.88949960918359,3.27387983432223,35.595200872797186,R410A,process_cooling,5.231518215574837,2.453090748884368,1.1961983322479575,0.5229511704593337,57.47418292118587,109.13098367700655,COPELAND-ZP91K5E,screw,91,80.0,27.0,GUNTNER-GACV-120,air_cooled,125.0,4,22.90455990174757
614.4783093516343,6.973451524673543,25.620433196030273,R410A,ice_making,9.984222050150676,1.6948911900934054,1.1201410337484854,3.083949231908512,302.07636852719355,655.9849738393166,COPELAND-ZP91K5E,screw,91,80.0,27.0,GUNTNER-GACV-240,air_cooled,250.0,3,198.75477178298596
714.3930715492269,-33.67530039841715,30.462317982064512,R717,cold_storage,2.1272845133421834,11.884992418560074,1.1887838859931013,0.6609755065448412,2783.4812912403518,1068.7253352779649,BITZER-CSH9563-160,screw,1417,500.0,135.0,BAC-VXC-584,evaporative,565.0,3,242.3276855744663
131.88420982258424,-28.21642887763944,41.69262101131703,R717,cold_storage,1.9543860699494024,12.518946435718489,1.1718089301329941,0.1265162407240228,414.5839853278466,201.4854974113789,BITZER-N320VLD,screw,320,150.0,42.5,BAC-VXC-292,evaporative,250.0,4,33.321681739818224
713.2584135146554,-31.06351635657912,27.883728902216884,R717,hvac,2.3974147373672348,9.66151419385799,1.1007622708640834,0.6392273553814316,2383.6751254454316,1011.1739099339,BITZER-CSH9563-160,screw,1417,500.0,135.0,BAC-VXC-584,evaporative,565.0,3,237.84783638115894
58.12396984796896,-35.02486639258274,45.36943121204883,R717,cold_storage,1.5685190806996159,19.36417491651206,1.117965734856235,0.055465044975592036,249.01479821085235,93.09037567968154,BITZER-4NES-20Y,screw,134,50.0,15.0,BAC-VXC-116,evaporative,105.0,3,18.94918510050605
207.82426342829527,-10.292433478058676,34.193897879145965,R717,ice_making,3.6973180147271636,4.592727787520466,1.1366961890684177,0.18657215519875797,290.90111554049827,264.32619682151216,BITZER-S6H-25.2,screw,418,190.0,55.0,BAC-VXC-292,evaporative,250.0,4,52.01361746258411
337.17421342888167,-5.974747092089068,43.46930697082138,R410A,ice_making,2.9705865185052325,4.003652077241533,1.1444323935928078,2.1227380967006084,314.25685960570075,447.6543361876143,COPELAND-ZP91K5E,screw,91,80.0,27.0,GUNTNER-GACV-240,air_cooled,250.0,2,167.45585694099813
170.10085250276344,-29.27774417451867,38.21348870418981,R717,hvac,2.035953608561739,11.962373664922406,1.1906840966551115,0.15877634413939234,545.7602892180655,253.0969215094793,BITZER-S6H-25.2,screw,418,190.0,55.0,BAC-VXC-292,evaporative,250.0,3,56.576796739131574
641.1890057297255,-16.435061783857506,37.1284527328518,R717,ice_making,2.8839502437307467,6.45948255984799,1.1246274009423078,0.5703113784107415,1132.4191618542511,839.287556981722,BITZER-CSH9563-160,screw,1417,500.0,135.0,BAC-VXC-584,evaporative,565.0,3,207.73211143513797
167.87495023911404,-4.083402784537377,33.546492803155715,R717,cold_storage,4.602835654216349,3.522541728494756,1.1658264974003343,0.14627011252512925,180.76698095460912,200.48610411868148,BITZER-S6H-25.2,screw,418,190.0,55.0,BAC-VXC-292,evaporative,250.0,2,82.35156670336676
404.6375469955293,-23.90775413749446,37.18754588722365,R717,ice_making,2.3706192617231574,9.021559822903686,1.1943186235720977,0.3710094086616081,1006.0931472585635,570.7324589583573,BITZER-CSH9563-160,screw,1417,500.0,135.0,BAC-VXC-584,evaporative,565.0,4,100.35169025628959
338.4108649523386,2.7558201283985113,34.704964340689,R717,hvac,5.684040945835384,2.8163475781400313,1.1865015014077207,0.2981892759249056,288.9075388355105,395.6442544978445,BITZER-CSH8561-90,screw,856,300.0,82.5,BAC-VXC-438,evaporative,425.0,3,112.15062668297269
84.52107316579838,-22.5023708186853,40.20129493520869,R410A,ice_making,2.096766236819961,6.694811189560283,1.1369377674265653,0.5599008796011785,147.70261859962596,129.6962740018352,COPELAND-ZP91K5E,screw,91,80.0,27.0,GUNTNER-GACV-120,air_cooled,125.0,3,29.27169263806556
449.87850947554017,-10.300636815957894,44.16514333109765,R410A,hvac,2.58335492489937,4.716021976189181,1.1754391049240545,2.956870797728724,506.06415706043504,634.8991395560282,COPELAND-ZP91K5E,screw,91,80.0,27.0,GUNTNER-GACV-240,air_cooled,250.0,2,228.859525969577
540.8526332003267,-8.663295690584476,26.97904620160145,R410A,process_cooling,4.597141464082042,2.9035406265669503,1.1425622512271063,3.0210651779252204,489.20530987961297,682.8218086593625,COPELAND-ZP91K5E,screw,91,80.0,27.0,GUNTNER-GACV-240,air_cooled,250.0,3,186.94235675545056
111.89611801813298,-13.106732883071658,42.56578043679386,R717,ice_making,2.786794949861306,6.523749591867179,1.1091281065047154,0.10308760855755576,179.28583989054303,149.9591889922792,BITZER-6FE-35Y,screw,232,100.0,30.0,BAC-VXC-116,evaporative,105.0,4,27.58965801569787
441.30498872965563,4.259056550097945,31.026817090073386,R410A,hvac,6.579491165442471,2.120036543570363,1.1326400134112196,2.4407678904295342,260.09606072915795,515.7013855782375,COPELAND-ZP91K5E,screw,91,80.0,27.0,GUNTNER-GACV-240,air_cooled,250.0,2,223.8311673142756
769.4807338490862,7.425846009715009,31.688006181675547,R410A,hvac,7.400321504748026,1.9577298488517525,1.1037258594490214,4.262948531741714,411.7806246722957,886.7552242979848,COPELAND-ZP91K5E,screw,91,80.0,27.0,GUNTNER-GACV-240,air_cooled,250.0,2,390.5965832445169
450.30757088458523,-12.314052846040571,49.22670231707913,R717,hvac,2.4640121514057967,7.539028436482221,1.1758083356657814,0.4415272986287161,744.4294310780847,644.5878837162134,BITZER-CSH9563-160,screw,1417,500.0,135.0,BAC-VXC-584,evaporative,565.0,2,229.25329194949987
296.43659798539534,3.9142832061703814,43.56234081420545,R717,cold_storage,4.454697805896257,3.4572210209807186,1.1948602995737112,0.27935284481511347,260.0431737101462,371.55148211068934,BITZER-CSH8561-90,screw,856,300.0,82.5,BAC-VXC-438,evaporative,425.0,2,151.71780647012707
280.33423940577563,-0.9514953950939073,42.41460327259219,R410A,process_cooling,3.56335257377194,3.3115074512192146,1.154637139208954,1.7316683259168015,217.64827140790956,358.2516235908662,COPELAND-ZP91K5E,screw,91,80.0,27.0,GUNTNER-GACV-240,air_cooled,250.0,2,139.87269494775268
404.5340124834003,4.381048194993575,29.4687264138009,R717,hvac,7.480484273726569,2.277314208701768,1.1421762821701196,0.3470223183706021,317.9001420615172,454.5403971904744,BITZER-CSH9563-160,screw,1417,500.0,135.0,BAC-VXC-584,evaporative,565.0,4,100.23549903544111
139.24006502535178,-5.038004091937864,29.020467083776545,R717,blast_freezing,5.141098019664429,3.199209459256746,1.1932430383399482,0.12128701941754844,155.22993264131702,166.1300180389096,BITZER-N320VLD,screw,320,150.0,42.5,BAC-VXC-292,evaporative,250.0,2,69.5389247990968
467.94304512680264,-6.420705639156651,40.14802995296326,R717,cold_storage,3.55324304193132,4.653378243107689,1.1177497941948922,0.42821640335518724,576.8196459035875,598.6600168737275,BITZER-CSH9563-160,screw,1417,500.0,135.0,BAC-VXC-584,evaporative,565.0,4,116.79502498821064
748.6599068495167,-12.09462105498486,45.11118515450885,R410A,blast_freezing,2.39953872164549,5.13439208944861,1.1866951469636162,5.064023938414762,921.5250924644913,1092.7127220183213,COPELAND-ZP91K5E,screw,91,80.0,27.0,GUNTNER-GACV-240,air_cooled,250.0,4,192.8207547264286
58.137508097488684,-27.311351220395302,28.332242862661612,R717,cold_storage,2.622472557097722,8.16948187690666,1.1764446580189762,0.051943370253248425,163.4781324438416,80.34276594819733,BITZER-4NES-20Y,screw,134,50.0,15.0,BAC-VXC-116,evaporative,105.0,2,29.08189027514404
270.4436484867608,-18.333579485534187,35.316458310943815,R717,ice_making,2.855463663662918,6.661373773850751,1.1124810878701543,0.2530534458394807,542.8386558686436,375.4795612507854,BITZER-CSH8561-90,screw,856,300.0,82.5,BAC-VXC-438,evaporative,425.0,4,69.52265259978418
385.40174661430507,-38.04889267901435,44.175278148514565,R717,process_cooling,1.4975935730263288,21.933425379121264,1.125812382525929,0.37455157052087507,1946.8593586643938,640.9450827611461,BITZER-CSH9563-160,screw,1417,500.0,135.0,BAC-VXC-584,evaporative,565.0,3,128.10667662564515
754.8108355559001,-30.400635881982033,32.34195777929693,R717,blast_freezing,2.2235311034438334,10.677182615128233,1.1576950664191288,0.6807736451718751,2462.60433404058,1081.5104958369095,BITZER-CSH9563-160,screw,1417,500.0,135.0,BAC-VXC-584,evaporative,565.0,4,186.50139777038385
52.359395861002284,-38.9735012491156,33.96338321165677,R410A,blast_freezing,1.640255433787326,11.3766228938682,1.1375161075641425,0.32027743666352015,162.32470123017703,82.44767179944014,COPELAND-ZP61K5E,screw,61,55.0,18.5,GUNTNER-GACV-060,air_cooled,65.0,2,25.610257239042397
313.97157065811797,-2.339308334447061,36.12671336244295,R717,blast_freezing,4.515958797154554,3.547907972964289,1.1920293697610054,0.2814719905420283,326.5282380568235,383.535653369568,BITZER-CSH8561-90,screw,856,300.0,82.5,BAC-VXC-438,evaporative,425.0,4,78.50091305749967
728.846543098585,9.633582786811886,41.55622049181518,R410A,hvac,5.300656141994328,2.3402035022037726,1.189012085290675,4.376881314322816,395.14441799906524,866.0566730485541,COPELAND-ZP91K5E,screw,91,80.0,27.0,GUNTNER-GACV-240,air_cooled,250.0,4,182.1504189346588
318.53977856953696,-39.88657256857453,45.71689950444586,R410A,ice_making,1.2303692814407725,15.77563421520338,1.1753661701241724,2.2911706880913414,1207.3758039272582,574.2057687032882,COPELAND-ZP91K5E,screw,91,80.0,27.0,GUNTNER-GACV-240,air_cooled,250.0,2,158.37851267890406
61.12637505128056,-2.358490946908546,26.66447072574963,R717,blast_freezing,6.216443725878235,2.6870844552844506,1.1707794827472446,0.05468578705220437,63.48340967989683,73.71526280908537,BITZER-4NES-20Y,screw,134,50.0,15.0,BAC-VXC-116,evaporative,105.0,4,15.87509029370404
462.06793332258195,-10.681321248458268,32.733536600229826,R717,hvac,3.799569984485819,4.47267168473577,1.1345841555531222,0.42569993521755495,673.7406129941515,603.187079484068,BITZER-CSH9563-160,screw,1417,500.0,135.0,BAC-VXC-584,evaporative,565.0,3,159.17061525966787
488.6801282426466,4.537293639233582,29.729311851995103,R717,process_cooling,7.450445303514652,2.2821799300958063,1.180487944733278,0.4112853370771095,374.7592250545071,538.4647759799091,BITZER-CSH9563-160,screw,1417,500.0,135.0,BAC-VXC-584,evaporative,565.0,3,158.24816394149158
613.2394709577394,-8.16788436212255,28.485887786145835,R717,cold_storage,4.67159040955322,3.5627274247406913,1.1054918107984122,0.5489820831787647,789.5075097042004,763.3859297055492,BITZER-CSH9563-160,screw,1417,500.0,135.0,BAC-VXC-584,evaporative,565.0,3,209.59590582054753
408.90614037019355,-23.06015709014009,34.050352784031375,R717,hvac,2.5895075240978236,7.933624964167247,1.1392716359290216,0.38274875766186117,1000.8409563374308,582.7667510719871,BITZER-CSH9563-160,screw,1417,500.0,135.0,BAC-VXC-584,evaporative,565.0,2,210.20695409661263
526.4851030898101,-8.939097043264653,25.229202028986155,R717,process_cooling,5.046401812778462,3.3283372378077254,1.1938542230317828,0.44930198100340524,665.2861215903605,624.4537844450972,BITZER-CSH9563-160,screw,1417,500.0,135.0,BAC-VXC-584,evaporative,565.0,4,130.294214947817
532.7149099968708,7.393687031579709,32.67299507497218,R717,hvac,7.494061610405698,2.248179890231164,1.1940677976553513,0.4634280699208711,383.31780234852744,600.4477552728065,BITZER-CSH9563-160,screw,1417,500.0,135.0,BAC-VXC-584,evaporative,565.0,4,132.43936405911273
394.57562139326757,-21.182667378658778,31.383902219430425,R410A,ice_making,2.726367501162641,5.110953871184859,1.1283681325023645,2.2484098704618383,564.9646080424948,531.397695444525,COPELAND-ZP91K5E,screw,91,80.0,27.0,GUNTNER-GACV-240,air_cooled,250.0,4,97.19823706334984
362.7884652882188,8.300950959596932,48.76842261219042,R410A,process_cooling,3.865892377997791,2.8866617535173233,1.108093598206794,2.373031946703561,223.1438407805526,455.6591856600771,COPELAND-ZP91K5E,screw,91,80.0,27.0,GUNTNER-GACV-240,air_cooled,250.0,2,181.00784357388557
447.16233417713056,-37.837581413074965,35.20921880130951,R717,blast_freezing,1.7586486539047792,16.905564692469493,1.176899820108224,0.4201132158968619,2161.142380860364,705.3781825835559,BITZER-CSH9563-160,screw,1417,500.0,135.0,BAC-VXC-584,evaporative,565.0,2,224.8405917039244
417.55839661282226,-23.810554487096915,40.79840414219974,R717,ice_making,2.2086135461201057,9.93428184217397,1.1052873322892447,0.386923921146835,1044.8661907106807,598.3097391078904,BITZER-CSH9563-160,screw,1417,500.0,135.0,BAC-VXC-584,evaporative,565.0,2,205.91993637986857
355.93864856442906,-37.14099354485863,49.092466014112944,R410A,hvac,1.2055828337904833,15.097115700450226,1.123271824193758,2.7130002541496547,1272.7812312890792,661.0977908179799,COPELAND-ZP91K5E,screw,91,80.0,27.0,GUNTNER-GACV-240,air_cooled,250.0,4,90.33985664202436
151.2242419776774,-23.175542128534463,29.091242943741292,R410A,cold_storage,2.74304509385591,5.200838179475415,1.1196382822248225,0.850441024704152,230.0287839268761,204.14382588768297,COPELAND-ZP91K5E,screw,91,80.0,27.0,GUNTNER-GACV-240,air_cooled,250.0,4,37.40108027027021
155.86499232001964,4.980686960506276,35.14802341717086,R717,ice_making,6.109171798281941,2.6314631739306895,1.1029986563864234,0.13527628875371134,121.4086013875406,177.66218124387868,BITZER-N320VLD,screw,320,150.0,42.5,BAC-VXC-292,evaporative,250.0,4,38.167905421087774
60.86685361603141,-2.740280783899969,35.79352577826193,R410A,cold_storage,4.180246474102106,2.985231372013121,1.1373010252627243,0.3376886377735296,44.966376086134474,72.30624028426712,COPELAND-ZP61K5E,screw,61,55.0,18.5,GUNTNER-GACV-060,air_cooled,65.0,3,19.449390263248542
364.4753390733316,-25.968222721813408,42.21184143452511,R717,hvac,2.0403505558978607,11.415298712920524,1.1351407575581993,0.34452022906038327,1021.8437411149171,541.2444917642466,BITZER-CSH9563-160,screw,1417,500.0,135.0,BAC-VXC-584,evaporative,565.0,4,90.80601721284991
599.3753076224184,8.778611681426902,32.43653589022038,R410A,process_cooling,7.62673330039568,1.9160903640051272,1.1484257086506189,3.212046948867131,297.6530787379108,662.554068918065,COPELAND-ZP91K5E,screw,91,80.0,27.0,GUNTNER-GACV-240,air_cooled,250.0,4,146.43791006319537
260.56606559446607,-22.331668612514196,31.93034424422527,R717,ice_making,2.7674718547590893,7.215664903495245,1.1664348004819791,0.23931254243908773,606.6383569083396,361.5265219561593,BITZER-CSH8561-90,screw,856,300.0,82.5,BAC-VXC-438,evaporative,425.0,3,88.52218081813139
275.75105874241274,-5.048731998830853,45.31258729322005,R410A,cold_storage,2.886955091051986,4.05530065466003,1.1343060517184815,1.7442927392243484,250.46256662077766,363.2797021798352,COPELAND-ZP91K5E,screw,91,80.0,27.0,GUNTNER-GACV-240,air_cooled,250.0,3,89.93948228681313
375.1598998199457,-36.04451780317015,39.970252015786485,R717,cold_storage,1.6834983746952192,17.613017531747833,1.1134133835598918,0.35926337152061844,1693.8041874876494,601.2849431734243,BITZER-CSH9563-160,screw,1417,500.0,135.0,BAC-VXC-584,evaporative,565.0,2,188.60868970642392
72.15739424252781,-6.833261892081964,44.21648155724381,R410A,blast_freezing,2.8363264850371457,4.194458753362712,1.1767165286173449,0.4621336266121963,70.39158856512994,97.54839366000607,COPELAND-ZP91K5E,screw,91,80.0,27.0,GUNTNER-GACV-120,air_cooled,125.0,3,24.040280338481654
305.5499923538481,2.2123204212469716,46.961035069113166,R717,ice_making,3.840450431226354,4.029144231761061,1.1441689729939413,0.29306335212539136,289.3548841957674,394.29064880636145,BITZER-CSH8561-90,screw,856,300.0,82.5,BAC-VXC-438,evaporative,425.0,3,104.27773983376072
739.0689882654444,-35.26426449981752,42.4563731746493,R717,ice_making,1.640431087213813,18.118886848852533,1.1599800080944702,0.7183826048716999,3262.3525135826335,1201.365271957499,BITZER-CSH9563-160,screw,1417,500.0,135.0,BAC-VXC-584,evaporative,565.0,4,186.59424106554738
632.6861029175457,9.230861227638698,46.06271208227571,R717,cold_storage,4.935640263492004,3.0619804777956876,1.1095148758019837,0.595060340710178,462.9672099224618,772.4322673078029,BITZER-CSH9563-160,screw,1417,500.0,135.0,BAC-VXC-584,evaporative,565.0,3,214.0992170518268
186.22575654475102,-36.5875579603263,32.306580306015874,R410A,cold_storage,1.80121159029597,9.814254077610302,1.185430334331785,1.1410670826745313,523.1047630207556,291.01893248387637,COPELAND-ZP91K5E,screw,91,80.0,27.0,GUNTNER-GACV-240,air_cooled,250.0,2,93.56427697240359
243.8286619001505,-18.493952793449857,36.33707434672863,R410A,hvac,2.5697179230313805,5.2332886012144915,1.16530037249126,1.487290173450704,338.94461456675316,341.96927103251295,COPELAND-ZP91K5E,screw,91,80.0,27.0,GUNTNER-GACV-240,air_cooled,250.0,2,123.08599500657232
739.6755204450276,2.2909106831788364,26.721001139734494,R410A,process_cooling,7.308954352277169,2.0153404983144165,1.155995505646149,3.981719457979375,451.3609030235896,860.2062458495633,COPELAND-ZP91K5E,screw,91,80.0,27.0,GUNTNER-GACV-240,air_cooled,250.0,3,252.22620953642559
602.3422827777764,-24.13736719090955,28.375944596142777,R410A,ice_making,2.7222319470851244,5.2995382938469815,1.1065565507465327,3.4330643729542016,962.5780988242274,829.3642995263564,COPELAND-ZP91K5E,screw,91,80.0,27.0,GUNTNER-GACV-240,air_cooled,250.0,4,151.6376480588846
400.4264705217224,9.236204579610373,27.595210289264212,R717,hvac,10.66598456263265,1.8127463501165237,1.1602174155356266,0.3437172593448626,267.3706524667511,439.6414325120091,BITZER-CSH9563-160,screw,1417,500.0,135.0,BAC-VXC-584,evaporative,565.0,4,100.48891945405987
64.58066089568541,-21.561641187882035,43.91471944782894,R717,hvac,2.1923959140358593,9.764553796039854,1.1900039318529807,0.061280504975644995,150.35737092293638,93.89458183735404,BITZER-6FE-35Y,screw,232,100.0,30.0,BAC-VXC-116,evaporative,105.0,3,21.49421136073708
724.9206137961512,-16.340685142005977,33.97354483985869,R717,ice_making,3.113808267174971,5.878347867309013,1.1032689796957742,0.6530007271151456,1291.678709408877,956.0525661652715,BITZER-CSH9563-160,screw,1417,500.0,135.0,BAC-VXC-584,evaporative,565.0,2,361.8258546628384
380.0762944671808,-0.07782877776386243,25.165701531447624,R410A,hvac,7.016923998568209,2.0844506692680533,1.1994903659098997,1.998865803660622,244.29534434039928,438.073625375555,COPELAND-ZP91K5E,screw,91,80.0,27.0,GUNTNER-GACV-240,air_cooled,250.0,3,127.8100069131462
625.5504677066874,-1.041874545834176,46.215070069636525,R717,process_cooling,3.5584791825381417,4.458731418182541,1.1678784982722266,0.6019010919115027,666.5104862775621,823.0677348917675,BITZER-CSH9563-160,screw,1417,500.0,135.0,BAC-VXC-584,evaporative,565.0,4,160.62755159936887
232.94055076358234,0.24030578670861047,42.149554385106185,R717,blast_freezing,4.1232086074707475,3.8080202356333093,1.1478193804833021,0.2084033528291539,220.50315147172253,282.0144437933555,BITZER-CSH8561-90,screw,856,300.0,82.5,BAC-VXC-292,evaporative,250.0,3,75.65599810401487
468.15970056538447,-12.125777206905088,47.028269035776106,R410A,process_cooling,2.274232075860349,5.3766307386401015,1.1606360382336927,3.171132610113628,577.685206200484,678.7636491748501,COPELAND-ZP91K5E,screw,91,80.0,27.0,GUNTNER-GACV-240,air_cooled,250.0,3,157.15298805098146
345.8735892024696,-9.223143667720922,29.164903568598174,R717,process_cooling,4.41131485973385,3.7936225441783247,1.1373574179052002,0.3116551963839002,466.47846515756044,436.1229404659239,BITZER-CSH9563-160,screw,1417,500.0,135.0,BAC-VXC-584,evaporative,565.0,4,88.88207662170554
88.1485142243469,-16.686521684976732,48.32101610570978,R410A,cold_storage,1.9601427559413418,6.525495928233142,1.1434000032855582,0.6019440620034998,128.60038776311467,131.15830302782814,COPELAND-ZP91K5E,screw,91,80.0,27.0,GUNTNER-GACV-120,air_cooled,125.0,2,43.42510121269489
610.0833893387047,-28.985702901984343,35.19287366188911,R410A,hvac,2.0222574062554792,7.65227199136212,1.1847400811850368,3.7267152942160093,1257.8422286392406,906.2676890870302,COPELAND-ZP91K5E,screw,91,80.0,27.0,GUNTNER-GACV-240,air_cooled,250.0,3,202.13439822751278
400.78745755357374,-21.563631758125172,39.99770830595529,R717,cold_storage,2.3723201432305503,8.772508459929712,1.1141010154801112,0.3781379461438283,927.874276919543,575.9948406900571,BITZER-CSH9563-160,screw,1417,500.0,135.0,BAC-VXC-584,evaporative,565.0,2,202.5970407508367
167.37464954076944,7.039441970507035,30.174402005311425,R717,hvac,8.248212840393284,2.115052323145617,1.1418984305116435,0.14197294864974602,118.83615091710872,183.82878474613176,BITZER-S6H-25.2,screw,418,190.0,55.0,BAC-VXC-292,evaporative,250.0,4,40.98789055098286
504.86955781324457,-18.683514007341625,49.18715762108977,R717,blast_freezing,2.1176183868187053,9.883087460788188,1.1624933130866715,0.4971670885764649,1081.9496456080458,753.9336374600853,BITZER-CSH9563-160,screw,1417,500.0,135.0,BAC-VXC-584,evaporative,565.0,4,128.02591073018857
656.3259622344814,7.879786807823024,44.568283314967815,R717,blast_freezing,4.937053977059508,3.083991491875217,1.1775592479413302,0.6000835406093381,488.3375522663207,783.2781674451435,BITZER-CSH9563-160,screw,1417,500.0,135.0,BAC-VXC-584,evaporative,565.0,2,325.6738617057522
255.28975183074746,-6.2526954542441615,25.591418155129574,R410A,hvac,5.291394615127415,2.5797872553267087,1.1167998421498881,1.3214726720391579,197.4433949509977,296.7698139820162,COPELAND-ZP91K5E,screw,91,80.0,27.0,GUNTNER-GACV-240,air_cooled,250.0,3,83.19968738786027
406.09307675127974,-36.911251652999006,27.266430343615063,R410A,ice_making,2.0070905003543307,8.739914973117338,1.1680944449521715,2.333849367583812,1084.4477082318713,602.7441148829555,COPELAND-ZP91K5E,screw,91,80.0,27.0,GUNTNER-GACV-240,air_cooled,250.0,3,134.1010507203459
587.7620230135677,-8.348881024522829,30.694149332050564,R717,cold_storage,4.3405071887822215,3.8329058299376273,1.1252261327793203,0.522033571684209,755.8985311790749,728.712415078794,BITZER-CSH9563-160,screw,1417,500.0,135.0,BAC-VXC-584,evaporative,565.0,2,296.1311879561016
136.30477426636853,-32.77801692707181,43.31432195200992,R410A,hvac,1.5241226697306267,10.919893528481449,1.186533136660991,0.9227848702294713,361.96164199933486,223.5776366465742,COPELAND-ZP91K5E,screw,91,80.0,27.0,GUNTNER-GACV-240,air_cooled,250.0,2,67.50063072295262
170.7780885673735,-15.573483641191658,36.22242664124601,R717,hvac,3.015479810531907,6.0673661604632425,1.1837573787530942,0.15864134368846441,304.2690672935333,232.0192449985246,BITZER-S6H-25.2,screw,418,190.0,55.0,BAC-VXC-292,evaporative,250.0,2,87.1190221294163
607.94667230624,8.727260355846397,37.93387947356862,R410A,blast_freezing,5.927822732701095,2.2014608725349865,1.1723837958714511,3.475509196188893,322.5739191099939,701.6073076245154,COPELAND-ZP91K5E,screw,91,80.0,27.0,GUNTNER-GACV-240,air_cooled,250.0,2,300.16672683715274
756.2198261471399,-22.069415152111098,41.77835038371637,R717,process_cooling,2.2596238402081488,9.426684358301364,1.1049578222383276,0.7308680305341969,1832.1850555095139,1119.763725244975,BITZER-CSH9563-160,screw,1417,500.0,135.0,BAC-VXC-584,evaporative,565.0,4,194.0595704443507
375.31263113817107,-29.583823894217097,28.957110593566053,R410A,cold_storage,2.319382294239315,6.690837657161506,1.131017022983181,2.0965903134030723,724.3865488050793,519.5118908844643,COPELAND-ZP91K5E,screw,91,80.0,27.0,GUNTNER-GACV-240,air_cooled,250.0,3,121.00109544029333
433.7209699585298,-3.73008077076247,35.04173887595795,R717,hvac,4.452246256320838,3.627949100041961,1.1674068212201933,0.39000048405441007,475.8084792932939,534.5241136221954,BITZER-CSH9563-160,screw,1417,500.0,135.0,BAC-VXC-584,evaporative,565.0,2,218.24335071335707
278.85371256122164,-19.411038094333957,42.437858954064204,R717,cold_storage,2.3800880456614784,8.522862706854184,1.1855980632964105,0.2546792646192508,571.1427739899892,384.3188121944582,BITZER-CSH8561-90,screw,856,300.0,82.5,BAC-VXC-438,evaporative,425.0,2,135.3089916993332
100.85244033539796,-39.40314347406821,33.71272204152872,R717,blast_freezing,1.7418283303486715,17.589286092626846,1.164995520831527,0.09907427626086479,550.6582497008319,167.6723077539943,BITZER-6FE-35Y,screw,232,100.0,30.0,BAC-VXC-292,evaporative,250.0,3,35.5062803200992
650.0185907442532,5.727754209391925,46.324411969386205,R410A,hvac,3.8699834460677134,2.947436056938826,1.1548003588905986,4.122505048882257,419.66885709320263,811.6813508721144,COPELAND-ZP91K5E,screw,91,80.0,27.0,GUNTNER-GACV-240,air_cooled,250.0,2,322.50555121427885
707.6758689256499,-16.370228403145575,28.327893371909415,R717,blast_freezing,3.5871260982226247,4.98306347351495,1.188723863636769,0.6122512453817746,1212.5181206818434,888.9133002025403,BITZER-CSH9563-160,screw,1417,500.0,135.0,BAC-VXC-584,evaporative,565.0,2,347.56446955417687
417.4338672539417,-0.004024005404922093,29.350546802483187,R717,process_cooling,6.190691575588453,2.6659408652279386,1.1858157406423933,0.3762558397093594,401.5561561584227,503.0496651399795,BITZER-CSH9563-160,screw,1417,500.0,135.0,BAC-VXC-584,evaporative,565.0,2,216.54560561720444
244.2781427707112,-35.424867843757795,40.96570502260071,R717,process_cooling,1.6776801374976638,17.536916022022808,1.1492843637299102,0.23331275574031474,1067.710824110903,389.532563483534,BITZER-CSH8561-90,screw,856,300.0,82.5,BAC-VXC-438,evaporative,425.0,2,122.02933343554423
694.481966561791,-32.26346214364546,40.616947823912,R410A,cold_storage,1.6437067011585513,10.015408527068535,1.1777685005843206,4.5314483528051674,1741.0924566979875,1104.061559489177,COPELAND-ZP91K5E,screw,91,80.0,27.0,GUNTNER-GACV-240,air_cooled,250.0,3,228.8142608039237
353.22345696913874,-20.776755871120532,37.02846675044048,R717,hvac,2.576587194806648,7.792171456726351,1.1353886885194973,0.3221129081245036,764.6688400720205,486.11253697728,BITZER-CSH8561-90,screw,856,300.0,82.5,BAC-VXC-584,evaporative,565.0,4,87.54933612616315
632.4243591932366,8.807209393102234,26.31012935299915,R717,cold_storage,11.208525588641155,1.7695319271636225,1.1160926080839026,0.5501111097961336,434.05057951020933,704.1396140503246,BITZER-CSH9563-160,screw,1417,500.0,135.0,BAC-VXC-584,evaporative,565.0,4,161.61588933806325
242.9951323394506,0.24308476776094068,47.424962550580474,R410A,ice_making,3.150994809977762,3.5879022276258388,1.146605603423199,1.5863772841757584,191.90506919362127,318.86998337140824,COPELAND-ZP91K5E,screw,91,80.0,27.0,GUNTNER-GACV-240,air_cooled,250.0,3,80.68408567554802
210.925418621445,-10.68514311648459,48.19293941135244,R410A,hvac,2.2847490369395005,5.253069342924925,1.1463411094968354,1.4665685307169622,254.30713827081377,310.0010797424392,COPELAND-ZP91K5E,screw,91,80.0,27.0,GUNTNER-GACV-240,air_cooled,250.0,2,107.81260005355904
692.4027046092691,0.8025427412644603,43.59127232623173,R717,ice_making,4.031189161524545,3.8783051790946783,1.1015249727886238,0.6444171031450582,668.4473519707283,870.7105280921056,BITZER-CSH9563-160,screw,1417,500.0,135.0,BAC-VXC-584,evaporative,565.0,4,174.4119894414094
214.57794137546074,0.7409957428520855,49.5060498100726,R717,ice_making,3.446303252640712,4.548285201672909,1.1170621379264298,0.2077118200623895,215.9245925705618,282.20629701597886,BITZER-S6H-25.2,screw,418,190.0,55.0,BAC-VXC-292,evaporative,250.0,2,109.36821265443815
496.92908127271716,5.458084612259256,35.00086271043583,R717,process_cooling,6.264032205687075,2.5759157467715625,1.1203533111589816,0.43146702981943186,380.98937349056655,565.3003790201133,BITZER-CSH9563-160,screw,1417,500.0,135.0,BAC-VXC-584,evaporative,565.0,2,243.73926765473126
595.3489508945944,-8.043810427519851,30.003909239082976,R717,process_cooling,4.477327589197264,3.7096465405980004,1.1591816401809265,0.5188360808400098,742.671699383422,722.4572911596293,BITZER-CSH9563-160,screw,1417,500.0,135.0,BAC-VXC-584,evaporative,565.0,3,196.852565358416
530.9584277369125,-13.360568580835356,38.12439746969699,R410A,hvac,2.815087812109087,4.538616856355851,1.1594759315867185,3.3275674431205657,632.5987625019112,742.0134336736863,COPELAND-ZP91K5E,screw,91,80.0,27.0,GUNTNER-GACV-240,air_cooled,250.0,2,273.75948817299223
378.6125776890201,-18.9448298945237,35.7997386654323,R717,blast_freezing,2.7781904148435403,6.937595784300394,1.1551530723539025,0.3527957125759632,776.0766773375958,525.718667338897,BITZER-CSH9563-160,screw,1417,500.0,135.0,BAC-VXC-584,evaporative,565.0,2,193.28652107727697
258.1818064204721,0.6726761732402267,32.94492983681034,R717,blast_freezing,5.579219912745381,2.8901885826481926,1.1148970230632924,0.21796533680514626,227.1292702490108,291.60472003797196,BITZER-CSH8561-90,screw,856,300.0,82.5,BAC-VXC-292,evaporative,250.0,3,82.42754623713994
654.9267784603917,-23.10519793430302,46.64226891629275,R410A,cold_storage,1.7561706825204808,7.988492869380163,1.1513071500056604,4.41523423118926,1191.116313381196,1002.3207473122495,COPELAND-ZP91K5E,screw,91,80.0,27.0,GUNTNER-GACV-240,air_cooled,250.0,4,159.66412403948712
794.2356322798231,-24.834969640429968,29.141396170088594,R410A,blast_freezing,2.6178052930004934,5.555769753221592,1.1644806673366206,4.538173666287445,1306.2746871713266,1097.974633340394,COPELAND-ZP91K5E,screw,91,80.0,27.0,GUNTNER-GACV-240,air_cooled,250.0,2,397.24136236681204
500.6181322763473,-26.84544684231092,41.90194649494652,R410A,hvac,1.8091127701074463,8.271261885831256,1.142071156560017,3.1731281690524917,985.9302062153438,747.6551202711569,COPELAND-ZP91K5E,screw,91,80.0,27.0,GUNTNER-GACV-240,air_cooled,250.0,2,240.75082355398513
437.08225899509716,9.170054270528858,42.612383715512664,R717,blast_freezing,5.512564463748712,2.79606392242515,1.1895466772385743,0.4023125712998896,313.63704825066606,521.1185963636336,BITZER-CSH9563-160,screw,1417,500.0,135.0,BAC-VXC-584,evaporative,565.0,4,110.27529445978082
100.47551184492534,-28.255210011047467,49.76211357710554,R410A,process_cooling,1.4425659253297294,10.531447728155177,1.110537327843735,0.7328055753740258,240.4093347919845,169.05273017957143,COPELAND-ZP91K5E,screw,91,80.0,27.0,GUNTNER-GACV-180,air_cooled,185.0,3,33.28053579667317
677.0953045049931,1.0051214247666564,33.55172986594988,R717,cold_storage,5.532548803504834,2.905503740004947,1.1828090846542212,0.5921226264961429,609.8435511858228,791.3974247649102,BITZER-CSH9563-160,screw,1417,500.0,135.0,BAC-VXC-584,evaporative,565.0,3,223.41687281033876
37.81309020334924,-12.796328891481611,32.411823251064845,R717,blast_freezing,3.5916186673309105,4.835115910818149,1.1254519303280697,0.03487933469680307,59.92680323371043,49.963944472179335,BITZER-4EC-6.2Y,reciprocating,103,50.0,15.0,BAC-VXC-116,evaporative,105.0,4,9.770597727145248
409.1890305211485,-19.48166815043644,41.30996337426025,R717,hvac,2.4319963714730424,8.289433907523016,1.1344154538924243,0.3925654849895478,882.9460513503419,591.6759787240617,BITZER-CSH9563-160,screw,1417,500.0,135.0,BAC-VXC-584,evaporative,565.0,2,209.6380178757397
579.7600984478253,-30.497912233686396,42.279473902598,R717,cold_storage,1.8336519275770198,14.206344272336894,1.173387071776813,0.5443497757463075,1977.888993796184,880.9108219526286,BITZER-CSH9563-160,screw,1417,500.0,135.0,BAC-VXC-584,evaporative,565.0,4,142.50901910155216
186.82529073703049,-5.948665435013076,44.72673708427928,R717,process_cooling,3.213977523911337,5.175563897716559,1.1231462707977933,0.17614108026666997,233.14496293951908,246.87826429161333,BITZER-S6H-25.2,screw,418,190.0,55.0,BAC-VXC-292,evaporative,250.0,2,94.14634844077335
654.1584557154099,-15.930908405449333,28.650580989394925,R410A,hvac,3.427254345188533,3.918504564509092,1.1983725565940626,3.730713063752018,775.996157055689,866.7773655457986,COPELAND-ZP91K5E,screw,91,80.0,27.0,GUNTNER-GACV-240,air_cooled,250.0,3,223.6650725075523
519.8148111996547,-29.38792250677438,37.00016307039052,R717,ice_making,2.0787034004053035,11.621872689704114,1.197041231366025,0.4826602535163474,1667.3370541797776,768.2863877150565,BITZER-CSH9563-160,screw,1417,500.0,135.0,BAC-VXC-584,evaporative,565.0,3,172.91256728597168
808.4421405212538,3.9166354321657764,35.448923115130114,R717,blast_freezing,5.791806062172773,2.7580893044391255,1.1320275105413833,0.7101954128439321,661.0511930217253,937.733109582559,BITZER-CSH9563-160,screw,1417,500.0,135.0,BAC-VXC-584,evaporative,565.0,4,199.9162026662353
236.6518529435516,-6.550940721147313,25.963301012499347,R410A,hvac,5.15788810526936,2.631532967270974,1.1304394510549587,1.2496911554468417,188.57432114439192,280.71336652646977,COPELAND-ZP91K5E,screw,91,80.0,27.0,GUNTNER-GACV-240,air_cooled,250.0,4,58.781846529414274
380.57523673653907,9.198310300027195,44.171117344817716,R717,ice_making,5.238297105233734,2.9138965114808584,1.135868295074474,0.36797307881194485,286.5981452406919,477.1063126982799,BITZER-CSH9563-160,screw,1417,500.0,135.0,BAC-VXC-584,evaporative,565.0,2,200.31304813932073
275.5229473077083,-38.64312758470739,32.44301515397992,R717,ice_making,1.8149366215052665,16.281279327812165,1.1080037353975956,0.25710184008542575,1376.0969320116637,431.65797019907086,BITZER-CSH8561-90,screw,856,300.0,82.5,BAC-VXC-584,evaporative,565.0,2,139.15621618151891
100.54919071603263,-23.739071345667064,31.339242386279324,R410A,hvac,2.5466801237741947,5.632631240981558,1.110289258110767,0.6062850986506073,167.47506587028587,145.09047185320338,COPELAND-ZP91K5E,screw,91,80.0,27.0,GUNTNER-GACV-180,air_cooled,185.0,4,26.045414861403575
59.54632617223723,5.873809420453469,45.81087057686837,R717,cold_storage,4.445185935531352,3.4228684603842283,1.1789301644161214,0.0568990478307278,49.53815541656197,75.07765430762613,BITZER-4NES-20Y,screw,134,50.0,15.0,BAC-VXC-116,evaporative,105.0,2,30.644879435910216
625.2993544167656,-17.045892826992667,33.980101145104186,R410A,cold_storage,2.850003252757003,4.6772915433633555,1.1974598185036147,3.6870579357698894,797.8362057121088,848.0565390599288,COPELAND-ZP91K5E,screw,91,80.0,27.0,GUNTNER-GACV-240,air_cooled,250.0,2,313.89114971680164
691.4266959917065,-35.28364711773141,40.44128100461106,R410A,hvac,1.5400651276597839,11.345074545747822,1.1941516566498909,4.615919003984554,2004.959275552088,1144.3432580912795,COPELAND-ZP91K5E,screw,91,80.0,27.0,GUNTNER-GACV-240,air_cooled,250.0,3,231.27532265057343
191.11752509511132,-8.335892490549426,28.000851199927734,R410A,cold_storage,4.489814527186892,2.94918636292017,1.1231362100908637,1.050862168155439,168.30594166225563,236.49578129120164,COPELAND-ZP91K5E,screw,91,80.0,27.0,GUNTNER-GACV-240,air_cooled,250.0,4,48.35419253242757
529.3998256477472,-16.86462909812459,44.87554091967738,R717,cold_storage,2.4106000558669756,8.14601674623005,1.18218114488403,0.5102769235241732,1030.9742002244493,760.9783251576191,BITZER-CSH9563-160,screw,1417,500.0,135.0,BAC-VXC-584,evaporative,565.0,3,179.28559618933932
721.9293914502445,-9.767779763542649,27.146399788020325,R410A,cold_storage,4.3952691751147,3.0290489104793865,1.1098685106442991,3.8776173988229217,651.7575456471409,880.2044536482592,COPELAND-ZP91K5E,screw,91,80.0,27.0,GUNTNER-GACV-240,air_cooled,250.0,4,179.2651755339261
397.35015334763915,-9.735833070380991,30.421156256657973,R410A,ice_making,3.9501677727084443,3.2944704304216,1.1250088733927834,2.183344607746314,366.58399293219935,490.88607827559827,COPELAND-ZP91K5E,screw,91,80.0,27.0,GUNTNER-GACV-240,air_cooled,250.0,4,97.93013365961886
392.34366994966086,5.388014487149597,36.638228284915854,R410A,cold_storage,5.455596161202049,2.3585668547075436,1.1940867402401363,2.3073600666763774,237.37920735882693,475.1554609920233,COPELAND-ZP91K5E,screw,91,80.0,27.0,GUNTNER-GACV-240,air_cooled,250.0,4,100.38795195018778
394.40633173908344,-13.082772915420989,47.80006483288426,R410A,cold_storage,2.1731879857251504,5.662414376542126,1.1145198753742194,2.6985175329313202,508.09589894898113,578.4433771066881,COPELAND-ZP91K5E,screw,91,80.0,27.0,GUNTNER-GACV-240,air_cooled,250.0,3,132.050816949763
746.095574478234,1.360491379843026,39.697283062485,R410A,cold_storage,4.204533956897789,2.8812675631008804,1.1408312367858173,4.512391246747021,526.8009890221535,934.3520477330497,COPELAND-ZP91K5E,screw,91,80.0,27.0,GUNTNER-GACV-240,air_cooled,250.0,2,377.4127467440158
223.60093002249278,-26.1428881040229,37.1506950960847,R410A,blast_freezing,2.0677169420018386,7.16420457566355,1.1681079136257353,1.4297465248449106,432.46790100360766,340.7028369607555,COPELAND-ZP91K5E,screw,91,80.0,27.0,GUNTNER-GACV-240,air_cooled,250.0,3,76.5473739907848
71.08239364250139,-24.904930613365742,33.44234026284435,R410A,cold_storage,2.340325101851782,6.21893914032988,1.1192937465670718,0.4183021143946544,120.72302518147681,100.11260007185555,COPELAND-ZP91K5E,screw,91,80.0,27.0,GUNTNER-GACV-120,air_cooled,125.0,3,23.380561653507414
412.99953346684384,-8.066455000503417,29.30040786142091,R410A,blast_freezing,4.336248353466289,3.02270945560533,1.169074931831428,2.326634483099991,369.28162490981254,521.015554455628,COPELAND-ZP91K5E,screw,91,80.0,27.0,GUNTNER-GACV-240,air_cooled,250.0,3,141.12616770488142
310.6495596665942,-36.91652292295325,30.309732156507266,R410A,blast_freezing,1.8708034958262318,9.461335220253408,1.1852624389326072,1.8710166165395545,869.5788684538055,480.17495143786607,COPELAND-ZP91K5E,screw,91,80.0,27.0,GUNTNER-GACV-240,air_cooled,250.0,3,104.30447771436104
685.9008982241558,-27.7929295472509,49.18850745345799,R410A,cold_storage,1.4787556024362765,10.200501503636044,1.1242767012753034,4.927082620593693,1587.7521089538325,1136.2868377913292,COPELAND-ZP91K5E,screw,91,80.0,27.0,GUNTNER-GACV-240,air_cooled,250.0,4,169.46916082681102
716.9014428418424,-36.75924033079253,29.120857416150827,R717,cold_storage,2.023095495798823,13.370965728020913,1.1756535956421075,0.6411293554779588,3129.0421811161627,1055.2654519392956,BITZER-CSH9563-160,screw,1417,500.0,135.0,BAC-VXC-584,evaporative,565.0,4,176.54939991619182
570.7645036066232,-11.056024327286497,42.15097088300298,R410A,process_cooling,2.678811300988336,4.614395811663168,1.1332935933400061,3.485644558770802,612.1169855571584,757.3364417005938,COPELAND-ZP91K5E,screw,91,80.0,27.0,GUNTNER-GACV-240,air_cooled,250.0,4,137.86799951745317
384.41737813971946,3.13834332111162,44.27941737321642,R410A,ice_making,3.814968475095546,3.0420263242120575,1.1354310971214634,2.475568184751136,273.2347416306422,498.293210307316,COPELAND-ZP91K5E,screw,91,80.0,27.0,GUNTNER-GACV-240,air_cooled,250.0,3,131.60161542828817
227.7433851740296,-7.55923267189943,43.725633749843794,R410A,ice_making,2.819588234683935,4.248754792933099,1.1278771900480347,1.4682512318091907,229.1187304378558,311.65987316688734,COPELAND-ZP91K5E,screw,91,80.0,27.0,GUNTNER-GACV-240,air_cooled,250.0,4,57.51618090825165
684.1201896396552,-5.254105181300098,27.232868945782442,R717,process_cooling,5.419306885486462,3.0571247270878192,1.1810935591971419,0.5945919561101057,767.072376810305,813.4691765757582,BITZER-CSH9563-160,screw,1417,500.0,135.0,BAC-VXC-584,evaporative,565.0,4,171.68672523334007
85.93502473196688,-10.487237569929611,37.73109372182361,R717,process_cooling,3.3558731681449427,5.120662019733471,1.1332215493845774,0.07858955473228875,123.4559774625124,111.97249240817104,BITZER-6FE-35Y,screw,232,100.0,30.0,BAC-VXC-116,evaporative,105.0,3,28.755465577748797
726.5300029738185,-32.55829227792391,40.55375275226922,R410A,blast_freezing,1.634987878429483,10.125107520545471,1.100635483458706,4.72572907207481,1837.3531250491749,1153.4927532076429,COPELAND-ZP91K5E,screw,91,80.0,27.0,GUNTNER-GACV-240,air_cooled,250.0,4,178.93314470148695
267.64170154652874,-30.069128407298614,40.97556223821759,R717,hvac,1.8968406013190717,13.423288539618152,1.1864474521079,0.25297879661204276,901.3743174902992,407.30927285030015,BITZER-CSH8561-90,screw,856,300.0,82.5,BAC-VXC-438,evaporative,425.0,2,133.35230900940746
251.44066919209428,2.2851358999940032,29.667959250926273,R717,hvac,6.742734070740962,2.4724713252990296,1.119237804722724,0.2178326562241026,214.53169172131038,288.1897479016196,BITZER-CSH8561-90,screw,856,300.0,82.5,BAC-VXC-292,evaporative,250.0,4,62.74226953491833
173.22434058018985,-23.173772578666842,35.12340686791681,R410A,blast_freezing,2.345133326594564,6.063433393998414,1.1032992873896221,1.0243736803193038,277.05613368848014,241.90493576030448,COPELAND-ZP91K5E,screw,91,80.0,27.0,GUNTNER-GACV-240,air_cooled,250.0,3,56.52981723319761
275.81766853825434,-38.78102089499586,39.43541373360989,R410A,process_cooling,1.4561517731279867,12.91475032215691,1.1674901015158778,1.8895983425640421,949.89879303108,479.24847349046405,COPELAND-ZP91K5E,screw,91,80.0,27.0,GUNTNER-GACV-240,air_cooled,250.0,2,142.06339406161277
448.515661242799,-22.124577672659587,37.585390667254345,R717,cold_storage,2.4595474921425162,8.410535510177144,1.1959944680410437,0.43540018635240263,1094.0441477579327,662.9838856419219,BITZER-CSH9563-160,screw,1417,500.0,135.0,BAC-VXC-584,evaporative,565.0,3,157.1149942745475
543.9637604985047,-31.050639072303557,37.15484932567338,R410A,blast_freezing,1.8354011893280282,8.747705300531065,1.158837475599493,3.4476574451635718,1262.126748388628,842.9744727150135,COPELAND-ZP91K5E,screw,91,80.0,27.0,GUNTNER-GACV-240,air_cooled,250.0,2,272.8355259949966
697.7272930896899,-16.79631363036282,41.37827704405855,R410A,cold_storage,2.349775433463664,5.560281574490022,1.110793272631109,4.542090120262247,974.1711187071594,1018.0664004795991,COPELAND-ZP91K5E,screw,91,80.0,27.0,GUNTNER-GACV-240,air_cooled,250.0,3,238.04853638682894
253.90775065490624,4.723278674310436,39.98312789836328,R717,ice_making,5.115213344840307,3.0439518306373947,1.1122023103234027,0.2278709238285174,206.3169231888932,300.9446732892705,BITZER-CSH8561-90,screw,856,300.0,82.5,BAC-VXC-438,evaporative,425.0,4,62.93305409232957
661.1174374434413,-38.37162999498785,33.18336906888393,R410A,cold_storage,1.6929069452610903,10.858645743600714,1.1964274942511735,3.9680196256881497,1960.4266504418088,1019.8957231834038,COPELAND-ZP91K5E,screw,91,80.0,27.0,GUNTNER-GACV-240,air_cooled,250.0,3,213.7205367428525
531.7049505777917,-17.163617726391337,44.70734132283438,R410A,ice_making,2.1316573156821708,6.101663182102056,1.1443932016317115,3.5058803896943207,761.8181138286017,777.3752987931487,COPELAND-ZP91K5E,screw,91,80.0,27.0,GUNTNER-GACV-240,air_cooled,250.0,3,176.38134015120386
747.2812492023328,-19.480418208767123,27.956523130584603,R717,hvac,3.298054503714169,5.643015464511054,1.1764431139500284,0.6523635354957633,1467.1997166703707,963.1114594295084,BITZER-CSH9563-160,screw,1417,500.0,135.0,BAC-VXC-584,evaporative,565.0,4,184.7576667306878
226.11380009051976,-19.077026411826452,36.013569606846055,R410A,cold_storage,2.5518323907102944,5.305378517876864,1.137912690431792,1.3877105306949022,322.9671076200946,320.3047605622146,COPELAND-ZP91K5E,screw,91,80.0,27.0,GUNTNER-GACV-240,air_cooled,250.0,3,76.70820513557588
206.69038258497764,-3.6485247177319593,41.44245697282207,R410A,ice_making,3.382618033483064,3.5311568270392737,1.1070318632182437,1.3221083309032562,181.33084832505165,278.11596239818414,COPELAND-ZP91K5E,screw,91,80.0,27.0,GUNTNER-GACV-240,air_cooled,250.0,4,53.664274562614054
214.47114028491336,3.370864465360313,34.12550656750966,R717,blast_freezing,5.945788420014384,2.708263563081969,1.145386417852364,0.19247578731431975,182.55773577228788,254.4835707584506,BITZER-CSH8561-90,screw,856,300.0,82.5,BAC-VXC-292,evaporative,250.0,2,108.92251365874266
698.540530365167,-26.782593447088402,46.62562136173108,R410A,hvac,1.6129233356349963,9.22811834065055,1.126345486006359,4.889407841363002,1515.5444422991975,1132.4957595505468,COPELAND-ZP91K5E,screw,91,80.0,27.0,GUNTNER-GACV-240,air_cooled,250.0,3,233.02493075797886
73.97470407326648,-39.12670831315028,35.420512930867105,R717,ice_making,1.700185586572723,18.206022729982177,1.1288330281247445,0.06949750936778949,380.99527787744137,117.8019766962126,BITZER-6FE-35Y,screw,232,100.0,30.0,BAC-VXC-116,evaporative,105.0,2,37.087306858580305
288.0543375300356,-4.851424854081252,41.63626035871201,R717,hvac,3.5811168460700578,4.55911660159304,1.1965133210075063,0.26658539079524834,338.858333737104,370.21916276857917,BITZER-CSH8561-90,screw,856,300.0,82.5,BAC-VXC-438,evaporative,425.0,2,144.70249560059318
718.271669573275,-33.748532244303064,46.63117555056499,R410A,blast_freezing,1.3779710279087767,12.306592790307812,1.1432739767939677,5.506321688990368,2246.2782582982886,1326.614026500334,COPELAND-ZP91K5E,screw,91,80.0,27.0,GUNTNER-GACV-240,air_cooled,250.0,4,192.1843950452235
298.01184703873565,-30.360695261547306,33.02447224668944,R410A,process_cooling,2.059816337255761,7.667319439040029,1.1233420260228588,1.7839813328994383,635.4983124616382,439.4469726493808,COPELAND-ZP91K5E,screw,91,80.0,27.0,GUNTNER-GACV-240,air_cooled,250.0,4,73.95705769979348
121.62147382341742,-2.9457811852284337,45.335147229147765,R410A,process_cooling,3.0634564482261823,3.7861569515786777,1.1414981886184157,0.7692673940966064,103.12085893522077,158.5837480432392,COPELAND-ZP91K5E,screw,91,80.0,27.0,GUNTNER-GACV-180,air_cooled,185.0,3,39.852312246717084
626.0008862475056,-26.190450697050352,46.14441850435844,R717,cold_storage,1.8857045022435317,12.825699634472231,1.1622564598728615,0.6244875317466191,1870.3980094201686,988.6151114803044,BITZER-CSH9563-160,screw,1417,500.0,135.0,BAC-VXC-584,evaporative,565.0,4,161.5061387310295
792.6492983436165,-21.752446178276006,32.61053028852591,R717,ice_making,2.768265130568816,7.170375683524951,1.1812135452523618,0.7203421679153855,1781.728382431323,1085.718970384114,BITZER-CSH9563-160,screw,1417,500.0,135.0,BAC-VXC-584,evaporative,565.0,3,265.86575547544993
361.6171039834294,-10.389413447301436,35.17464338550402,R717,ice_making,3.5923968636444767,4.74287105931958,1.1945437851248581,0.3261438629853422,510.41620551978804,462.90117801147926,BITZER-CSH9563-160,screw,1417,500.0,135.0,BAC-VXC-584,evaporative,565.0,3,120.701294584697
647.7023562735566,-30.69755780123247,36.407648751452335,R717,hvac,2.037188478029574,12.18069456345986,1.1724968134403855,0.599099279303739,2196.813547637793,960.7519970362714,BITZER-CSH9563-160,screw,1417,500.0,135.0,BAC-VXC-584,evaporative,565.0,4,161.1056502390644
636.6330132259124,1.8707518677790418,30.112228304889605,R410A,hvac,6.162717815927391,2.2306713644916845,1.1694958272724651,3.59229288124873,412.65909812615445,769.0330689389287,COPELAND-ZP91K5E,screw,91,80.0,27.0,GUNTNER-GACV-240,air_cooled,250.0,4,165.41674252644106
641.6306885446542,-7.71859997214564,31.055473811924998,R717,process_cooling,4.3860077069841115,3.777621075284121,1.10674269734093,0.5677250999231169,802.7676676550566,790.2937243945904,BITZER-CSH9563-160,screw,1417,500.0,135.0,BAC-VXC-584,evaporative,565.0,4,160.8907076702256
483.70993060836855,-30.313610807378588,34.54441726587393,R717,cold_storage,2.1324090590043214,11.333563154130792,1.1164245388818272,0.44604889626311933,1607.1169656237291,711.1095564404981,BITZER-CSH9563-160,screw,1417,500.0,135.0,BAC-VXC-584,evaporative,565.0,3,161.36424410463852
128.2131392292617,0.9077560581823931,41.95265742022587,R717,blast_freezing,4.235026420565632,3.694633738282898,1.1217827312103095,0.11676420773613894,120.67094047992406,157.4425149927059,BITZER-N320VLD,screw,320,150.0,42.5,BAC-VXC-292,evaporative,250.0,2,63.6838438957073
387.61626043836895,-5.7077649824688805,48.80241061479212,R410A,process_cooling,2.5581723350759735,4.497208909404678,1.190735369478796,2.7041231501573946,396.8101408265413,555.8653310038034,COPELAND-ZP91K5E,screw,91,80.0,27.0,GUNTNER-GACV-240,air_cooled,250.0,4,99.91079533893742
455.63270582942226,-18.086853694402613,49.555201836134714,R717,cold_storage,2.132118150498096,9.721183348583164,1.1192613106186484,0.4528768627228728,961.7140994032054,684.5936361301852,BITZER-CSH9563-160,screw,1417,500.0,135.0,BAC-VXC-584,evaporative,565.0,3,155.3405126257805
689.9011133245771,7.538787899727886,30.91347034269267,R717,cold_storage,8.169590597151766,2.124125637886095,1.121790495721479,0.5945390408820932,489.3781970962367,768.5907966508217,BITZER-CSH9563-160,screw,1417,500.0,135.0,BAC-VXC-584,evaporative,565.0,2,342.3856320982491
585.462267534335,7.761077020965857,39.50159966253067,R410A,blast_freezing,5.346424320660461,2.3546578016034676,1.1677843766919347,3.52844609011055,337.3351333932117,710.5581530624995,COPELAND-ZP91K5E,screw,91,80.0,27.0,GUNTNER-GACV-240,air_cooled,250.0,4,149.64904640908003
779.5021692308405,-6.539743100854118,30.552803130983193,R717,blast_freezing,4.636975084248057,3.5517972845710983,1.1500181199189918,0.68159581507467,922.2051646397375,942.4949835465313,BITZER-CSH9563-160,screw,1417,500.0,135.0,BAC-VXC-584,evaporative,565.0,2,387.6481348965397
58.579971002712554,-1.6627780951502658,41.5686021642791,R410A,process_cooling,3.5811812258887463,3.3201458354510964,1.1613287730646122,0.37454573018484694,48.165720581793195,78.02402643343653,COPELAND-ZP91K5E,screw,91,80.0,27.0,GUNTNER-GACV-060,air_cooled,65.0,2,30.496302684190717
331.8789713443611,-20.118588047582723,35.34982787147011,R717,blast_freezing,2.719786486895068,7.213755604662721,1.10646095741108,0.302367999359394,698.3195294589524,453.35980354191025,BITZER-CSH8561-90,screw,856,300.0,82.5,BAC-VXC-584,evaporative,565.0,4,82.87047332681176
619.0799173603262,-35.947130119237805,33.68173800154071,R717,blast_freezing,1.8914138133891458,14.663398626557612,1.1937857285394557,0.5519269288690023,2589.964466303122,911.8868947320898,BITZER-CSH9563-160,screw,1417,500.0,135.0,BAC-VXC-584,evaporative,565.0,2,298.2546913482355
542.311061065144,-18.83974800062718,29.575142556744456,R717,process_cooling,3.227335905360331,5.758826344697586,1.1456341465951128,0.4842445176688762,1060.630654443595,714.1953715374143,BITZER-CSH9563-160,screw,1417,500.0,135.0,BAC-VXC-584,evaporative,565.0,4,136.31211344490904
384.3430617334186,-32.32845686109984,40.88328013543579,R717,ice_making,1.803228336202991,14.964355025186705,1.1506464275207369,0.3575159459680758,1413.5237085716626,584.272828378935,BITZER-CSH9563-160,screw,1417,500.0,135.0,BAC-VXC-584,evaporative,565.0,2,187.9221372372125
460.61027526409094,-26.56214630349516,44.33878265519968,R717,cold_storage,1.9331215150793992,12.435865850513023,1.1959774140325212,0.44581147402333937,1357.2916335439893,705.4498294529114,BITZER-CSH9563-160,screw,1417,500.0,135.0,BAC-VXC-584,evaporative,565.0,3,154.97940062757115
665.7556364385422,-35.32294271832211,31.500729329903788,R717,cold_storage,2.0013815393203105,13.32487620972091,1.1370471609203698,0.5969046514777583,2718.3150220767143,977.7690154895936,BITZER-CSH9563-160,screw,1417,500.0,135.0,BAC-VXC-584,evaporative,565.0,4,162.99900826365968
760.6886540044169,-36.5589160765598,29.451679905005967,R717,process_cooling,2.0200923096081365,13.364222020344622,1.1811490872013743,0.700461125587435,3385.562252226292,1152.1563467374795,BITZER-CSH9563-160,screw,1417,500.0,135.0,BAC-VXC-584,evaporative,565.0,3,256.88642784261793
40.467953828338835,4.670951038416121,38.63002802142901,R717,cold_storage,5.338675943742294,2.93683636438908,1.1367034754370022,0.03537705120982159,32.08814572004473,46.678032203347875,BITZER-4EC-6.2Y,reciprocating,103,50.0,15.0,BAC-VXC-116,evaporative,105.0,4,9.828507161312492
762.9611240628201,-30.52840272067037,36.623875010295436,R410A,ice_making,1.8820974031593363,8.44853815158115,1.1420030060805322,4.747627147210001,1702.4564793747625,1159.325729754873,COPELAND-ZP91K5E,screw,91,80.0,27.0,GUNTNER-GACV-240,air_cooled,250.0,3,252.35833956613155
106.62502354108376,-9.944613560411977,29.262808949830262,R717,process_cooling,4.292672929130393,3.9176186162260414,1.1451183186996832,0.09537760322157915,146.7429229838601,133.98710433221265,BITZER-6FE-35Y,screw,232,100.0,30.0,BAC-VXC-116,evaporative,105.0,2,54.335760335181
468.8467450410385,-0.5529053203273904,46.41988979614419,R717,ice_making,3.590362928762768,4.401327173937644,1.1974702469135363,0.4538257421603849,493.86503813474366,619.1109536930884,BITZER-CSH9563-160,screw,1417,500.0,135.0,BAC-VXC-584,evaporative,565.0,3,161.41301907398008
476.77216797532066,-32.9632887156547,38.951544867563385,R717,cold_storage,1.8406154912899237,14.639797824282908,1.1191206357996601,0.44828580418215674,1825.7111803951714,733.1851134212061,BITZER-CSH9563-160,screw,1417,500.0,135.0,BAC-VXC-584,evaporative,565.0,3,158.35909293651218
506.02860154513036,-4.859707939252544,36.31166588752933,R717,hvac,4.134423327353188,3.9303158886764806,1.1634118261736284,0.456937599537903,580.9929923154261,630.8180243648045,BITZER-CSH9563-160,screw,1417,500.0,135.0,BAC-VXC-584,evaporative,565.0,2,253.97874200929664
39.37020114240793,-5.505313020564465,40.156577115845025,R717,blast_freezing,3.6499607480651184,4.490035021904371,1.153619188080898,0.03583678969717782,46.662866702540136,49.85891100034691,BITZER-4EC-6.2Y,reciprocating,103,50.0,15.0,BAC-VXC-116,evaporative,105.0,4,9.784118509401548
792.4418013615532,-37.53773701986286,47.50053141095948,R410A,blast_freezing,1.2417165530224623,14.80680635207962,1.113172182288033,5.738285440815714,2737.184871913334,1409.5323663498907,COPELAND-ZP91K5E,screw,91,80.0,27.0,GUNTNER-GACV-240,air_cooled,250.0,2,390.3793432219981
149.54407511590546,-5.335630956911878,34.143107496517786,R410A,process_cooling,4.04839164368043,3.12003633552824,1.1061013353132094,0.8538218973734343,123.76349762081497,186.02327535394153,COPELAND-ZP91K5E,screw,91,80.0,27.0,GUNTNER-GACV-180,air_cooled,185.0,3,49.725082536315234
572.2546483168749,-30.74727942999821,36.953671495662945,R410A,process_cooling,1.8576028639945623,8.595348576121006,1.1932217195529882,3.5361695646356717,1279.0606778008566,863.7064632603681,COPELAND-ZP91K5E,screw,91,80.0,27.0,GUNTNER-GACV-240,air_cooled,250.0,2,280.7289319342814
427.21268498266966,2.5933958619405857,30.49397883826822,R717,process_cooling,6.611189853501043,2.5054331441402398,1.138414100897234,0.35891906746692825,349.71256358568445,474.5652862226475,BITZER-CSH9563-160,screw,1417,500.0,135.0,BAC-VXC-584,evaporative,565.0,2,206.10714392151218
673.0897146462625,-1.1054642751565709,27.352429374961893,R410A,process_cooling,6.090080357855034,2.2822899265361074,1.1083660982652588,3.407994806990615,430.46549310056673,745.2164803358359,COPELAND-ZP91K5E,screw,91,80.0,27.0,GUNTNER-GACV-240,air_cooled,250.0,3,213.36985479132844
521.138224124166,-18.491474097710135,49.533224242440234,R717,ice_making,2.1129782793269323,9.88904382615772,1.192170723140491,0.4991775804232638,1077.7787071280682,756.4355688866767,BITZER-CSH9563-160,screw,1417,500.0,135.0,BAC-VXC-584,evaporative,565.0,3,171.14713342549032
680.8938335216206,-23.960516534603684,41.295672402589815,R410A,ice_making,1.968092340434696,7.2736664477387585,1.1282965252102892,4.2896781486457165,1194.8095558367233,997.5016097930909,COPELAND-ZP91K5E,screw,91,80.0,27.0,GUNTNER-GACV-240,air_cooled,250.0,2,330.71330885843355
503.69429352604084,-1.0057264672051147,33.906952397807736,R410A,ice_making,4.745202615305637,2.6921552195284213,1.1260775077937697,2.715756079755514,341.9305859596457,580.9860506418792,COPELAND-ZP91K5E,screw,91,80.0,27.0,GUNTNER-GACV-240,air_cooled,250.0,3,159.9535422021709
765.9705472414583,-38.867586572915684,26.039561871998455,R717,hvac,2.0389033779496675,13.605333013553757,1.1630488487355564,0.7026092824612913,3802.6111390700225,1165.4374192098107,BITZER-CSH9563-160,screw,1417,500.0,135.0,BAC-VXC-584,evaporative,565.0,3,260.6438348843945
81.67632408751241,-22.558324983745763,30.563614671244544,R717,blast_freezing,2.8375584911668086,7.002498809171442,1.1492821859226126,0.07360119302175618,188.38059388681486,111.08295378543187,BITZER-6FE-35Y,screw,232,100.0,30.0,BAC-VXC-116,evaporative,105.0,4,20.534174232345354
424.5213620964884,-28.17651042493047,34.85247804808377,R410A,process_cooling,2.0801885638577087,7.341871954803939,1.14504929546268,2.584577021653331,845.3318840742229,626.4794136105645,COPELAND-ZP91K5E,screw,91,80.0,27.0,GUNTNER-GACV-240,air_cooled,250.0,3,141.02981951347633
211.59810352770126,-15.566840181858414,31.622198425948714,R410A,process_cooling,3.177561555320986,4.174793380590602,1.1413787011497964,1.1729672957167654,240.86722627492765,269.8141210205288,COPELAND-ZP91K5E,screw,91,80.0,27.0,GUNTNER-GACV-240,air_cooled,250.0,3,68.4092036853048
423.7623847184218,-5.589123153605684,38.131437168457666,R410A,blast_freezing,3.5338665861967753,3.4740664144208,1.1442065676987623,2.4951984333278237,364.7207562866984,536.549194657288,COPELAND-ZP91K5E,screw,91,80.0,27.0,GUNTNER-GACV-240,air_cooled,250.0,3,139.40222506934663
159.8206991694739,-15.268626246696364,33.456920624269564,R410A,process_cooling,3.0417609865687303,4.326865170280064,1.183046916789075,0.9219120284122067,187.33742829367733,210.61712576292138,COPELAND-ZP91K5E,screw,91,80.0,27.0,GUNTNER-GACV-240,air_cooled,250.0,3,52.835629352143194
511.97796350653715,1.5499172219841597,26.371337250482384,R717,blast_freezing,7.494253464061878,2.2999200892067218,1.1240167850352043,0.42237100222988,426.7809288568003,558.7234554700615,BITZER-CSH9563-160,screw,1417,500.0,135.0,BAC-VXC-584,evaporative,565.0,3,164.31560502735618
564.9636557655866,-31.0057604900972,29.788099086977745,R410A,cold_storage,2.1914689832091385,7.249912576818809,1.1032748654627889,3.250892477902863,1187.9776671923123,809.7994436760455,COPELAND-ZP91K5E,screw,91,80.0,27.0,GUNTNER-GACV-240,air_cooled,250.0,3,185.35355482306184
404.90219417915773,-9.88792609893062,26.74678053332721,R717,blast_freezing,4.643107611819127,3.6230001564096166,1.1278055535733402,0.3533411277156696,542.4543640898811,494.5068091624052,BITZER-CSH9563-160,screw,1417,500.0,135.0,BAC-VXC-584,evaporative,565.0,3,135.6255269058622
718.624716153145,-25.093682455767638,32.83182088766678,R410A,hvac,2.3651640786962447,6.169321779690738,1.131435849133262,4.377575451544605,1272.4198817972692,1050.4182530264366,COPELAND-ZP91K5E,screw,91,80.0,27.0,GUNTNER-GACV-240,air_cooled,250.0,3,246.09117233371458
57.585354921492836,-14.7822622575442,35.476543245451964,R717,process_cooling,3.1380484983265875,5.743009794818615,1.1596739868899164,0.05182766623695468,96.31072829152325,75.38354357061364,BITZER-4NES-20Y,screw,134,50.0,15.0,BAC-VXC-116,evaporative,105.0,2,28.583185503500495
778.0430544352032,-33.542524338413145,42.774006695220116,R717,blast_freezing,1.6957524472541443,16.74716525246352,1.133455265442252,0.7423942674159693,3106.857650641029,1227.493312445803,BITZER-CSH9563-160,screw,1417,500.0,135.0,BAC-VXC-584,evaporative,565.0,3,257.3832760111533
167.79582628411265,-23.78424004421856,29.75856610296053,R410A,hvac,2.6505590226457216,5.417945098041444,1.194227282692685,0.979891310700272,271.13470766372865,235.51072027497906,COPELAND-ZP91K5E,screw,91,80.0,27.0,GUNTNER-GACV-240,air_cooled,250.0,2,85.49855798554212
539.3084795279669,9.243352788330654,34.83658397691974,R410A,hvac,6.953673207300397,2.0076254879977293,1.1929451255542804,3.015403207343207,275.4900113870468,615.0871297264249,COPELAND-ZP91K5E,screw,91,80.0,27.0,GUNTNER-GACV-240,air_cooled,250.0,3,179.2511368712899
543.2362253001845,-22.61477561257264,35.260100864017495,R410A,ice_making,2.3710400033193837,5.954250469667992,1.1770121902310053,3.257348222139734,862.8809519959732,766.7789872683281,COPELAND-ZP91K5E,screw,91,80.0,27.0,GUNTNER-GACV-240,air_cooled,250.0,2,269.65916315554335
547.5937364521675,-2.789334929898068,27.490268511785192,R717,hvac,5.919568363883402,2.8010208846515567,1.1016150734764703,0.46944802866116103,553.513053399606,634.7555203562142,BITZER-CSH9563-160,screw,1417,500.0,135.0,BAC-VXC-584,evaporative,565.0,4,135.75553052966077
790.2570568242897,-22.79662879933849,33.74525925978139,R717,blast_freezing,2.6249641054745187,7.770001950768954,1.1702410722657026,0.7075974312135961,1829.5684523387042,1075.1362506225794,BITZER-CSH9563-160,screw,1417,500.0,135.0,BAC-VXC-584,evaporative,565.0,2,389.2720016339711
366.11790732202786,-22.54707455085713,37.61316026367727,R410A,ice_making,2.23656316278816,6.295433206090716,1.168640921706991,2.2290119408124545,588.9914044147911,520.7928521656472,COPELAND-ZP91K5E,screw,91,80.0,27.0,GUNTNER-GACV-240,air_cooled,250.0,2,179.94181636697203
75.07472949284971,-36.74864419364352,43.072101296896044,R410A,hvac,1.4019324782541087,12.882886307328217,1.1513130169452048,0.5087612921014198,234.80365011950562,126.19269277023243,COPELAND-ZP91K5E,screw,91,80.0,27.0,GUNTNER-GACV-120,air_cooled,125.0,2,36.827353831678984
98.5153823535741,-8.163573375056085,38.4695459592196,R410A,blast_freezing,3.2352366203870266,3.8202980881890176,1.1449762062023048,0.5735212398764956,91.32564155277727,124.64392094308128,COPELAND-ZP91K5E,screw,91,80.0,27.0,GUNTNER-GACV-120,air_cooled,125.0,2,47.60685336948562
186.83610454499416,-13.112252796609166,42.41199419190586,R410A,process_cooling,2.516427668364541,4.991519118680304,1.1857070129500962,1.1871829691592148,223.75946929544327,260.27883504469094,COPELAND-ZP91K5E,screw,91,80.0,27.0,GUNTNER-GACV-240,air_cooled,250.0,4,46.565216447404744
702.9051312585485,-35.77783328730284,30.918130102644874,R410A,hvac,1.8961522116228924,9.143377508311255,1.1978279444091384,4.332586665416024,1920.6276941609701,1103.6547940223788,COPELAND-ZP91K5E,screw,91,80.0,27.0,GUNTNER-GACV-240,air_cooled,250.0,3,240.8595181513928
127.56106261526531,-14.150116881071366,48.2568893377443,R410A,process_cooling,2.089817523230061,5.9446025380919325,1.1650511458376793,0.8797187796582352,171.89842936328094,189.22468046131115,COPELAND-ZP91K5E,screw,91,80.0,27.0,GUNTNER-GACV-240,air_cooled,250.0,4,31.995825811928782
142.18040543964008,-19.74381294880172,37.43541071002953,R410A,blast_freezing,2.4150486374428533,5.6342814510450765,1.146318501022584,0.874545598175895,208.50978234089382,201.6096792455707,COPELAND-ZP91K5E,screw,91,80.0,27.0,GUNTNER-GACV-240,air_cooled,250.0,2,71.2870053765748
223.7917688724035,-38.74321417988979,37.13439164825341,R717,hvac,1.6639679903987612,18.730987293139354,1.175872892861129,0.21551930052811355,1159.257253619121,365.5942529641034,BITZER-CSH8561-90,screw,856,300.0,82.5,BAC-VXC-438,evaporative,425.0,2,114.17876201938812
725.5640323090092,-4.812699858141912,47.40699154357199,R410A,blast_freezing,2.730919275223053,4.226148719729957,1.1808151849680242,4.891814028921377,696.9860548438337,1007.8638249813764,COPELAND-ZP91K5E,screw,91,80.0,27.0,GUNTNER-GACV-240,air_cooled,250.0,3,245.90854097900777
614.5990183278914,-13.550698154103682,47.56463966396051,R717,ice_making,2.4742082404135433,7.599427117771551,1.1430567773347828,0.5765995101450595,1020.4666822674251,846.1883094331295,BITZER-CSH9563-160,screw,1417,500.0,135.0,BAC-VXC-584,evaporative,565.0,2,301.3126938948027
504.6880180074735,-8.45255072344887,28.254918328791724,R717,blast_freezing,4.658612105625832,3.5786644780393133,1.170447870732473,0.43855370105311464,637.5132066237799,610.5281526487055,BITZER-CSH9563-160,screw,1417,500.0,135.0,BAC-VXC-584,evaporative,565.0,4,125.65863279119706
172.51267081981229,-21.685018874381825,40.42668540434665,R410A,process_cooling,2.127628631998662,6.523810020233857,1.1689277556477768,1.1144167648107255,285.2412027452228,256.87382368166345,COPELAND-ZP91K5E,screw,91,80.0,27.0,GUNTNER-GACV-240,air_cooled,250.0,2,87.3716426056041
75.27161986315684,-22.916143924440238,49.24823453878988,R717,cold_storage,1.9188404956941698,11.961877705606533,1.1145765722617327,0.07297998019030172,189.66270340030465,113.6502470639405,BITZER-6FE-35Y,screw,232,100.0,30.0,BAC-VXC-116,evaporative,105.0,4,18.678367037667865
32.634338125645186,-33.60435897915932,46.04430255425359,R717,hvac,1.5998058991615374,18.345987833649247,1.1507955947824648,0.03099384551036806,130.08485412028642,51.56514009900408,BITZER-4DC-10.2Y,reciprocating,67,37.5,12.0,BAC-VXC-116,evaporative,105.0,3,10.576971066453213
42.943022827158536,3.3726640381355395,46.38039021336276,R717,cold_storage,4.0412792833665465,3.802788293822733,1.1706533788222686,0.04101229278055714,38.89656075572111,54.8255603640113,BITZER-4NES-20Y,screw,134,50.0,15.0,BAC-VXC-116,evaporative,105.0,3,14.650077810546032
236.14447390694602,-27.99260471227855,26.970392705474257,R717,cold_storage,2.653925754714463,8.098435913624995,1.1817433537243047,0.20905094440863786,678.2160823774469,323.87446043845455,BITZER-CSH8561-90,screw,856,300.0,82.5,BAC-VXC-438,evaporative,425.0,2,117.61853271687973
796.5976477729641,-31.56128669328646,27.145037267710112,R717,ice_making,2.4037688362199354,9.682547479843727,1.18948912224818,0.6919737925858784,2640.2620791348745,1096.4816030923878,BITZER-CSH9563-160,screw,1417,500.0,135.0,BAC-VXC-584,evaporative,565.0,3,258.11469910992633
663.9962711868511,0.16867935796462774,43.98112955818874,R410A,process_cooling,3.507928876382344,3.3165639998322365,1.1484155578584239,4.233578497065107,513.3564359730385,865.262848104053,COPELAND-ZP91K5E,screw,91,80.0,27.0,GUNTNER-GACV-240,air_cooled,250.0,4,168.33010312270494
689.0153252902005,-10.116612870067822,25.829085349444053,R410A,ice_making,4.540994187710548,2.9610871661964833,1.1035023267128778,3.5773010600226893,608.4345955995984,816.1807648738466,COPELAND-ZP91K5E,screw,91,80.0,27.0,GUNTNER-GACV-240,air_cooled,250.0,4,167.22053768047084
348.09065633074573,-5.197367675852327,32.20963279133455,R717,blast_freezing,4.615379144279008,3.5378744792095316,1.1681059778170475,0.30718930294314206,395.47170526413714,422.7579100933126,BITZER-CSH9563-160,screw,1417,500.0,135.0,BAC-VXC-438,evaporative,425.0,4,86.8680453799607
422.5874231891197,-2.8758271108336118,31.540046867671474,R717,hvac,5.121213782658691,3.171227701162457,1.1716174072887724,0.3822455421048372,452.10723547610775,519.5522572740184,BITZER-CSH9563-160,screw,1417,500.0,135.0,BAC-VXC-584,evaporative,565.0,4,108.66873283779802
621.7883808330914,-27.676363061032966,45.56675302580407,R717,process_cooling,1.842248306012084,13.549215821752828,1.1060028383897558,0.6078964765793202,1944.527920957628,970.8464349233634,BITZER-CSH9563-160,screw,1417,500.0,135.0,BAC-VXC-584,evaporative,565.0,4,157.31737761547927
341.31714531281733,-34.94665745270472,44.36568912103792,R717,hvac,1.59844861885643,18.77423376516341,1.1959590881948567,0.3273629951311994,1464.2472319235228,548.1424626729317,BITZER-CSH9563-160,screw,1417,500.0,135.0,BAC-VXC-584,evaporative,565.0,4,84.29814197958947
290.6022236987401,-22.8744009923531,30.383027313251024,R717,ice_making,2.8247270154587807,7.066031508830227,1.1384877057772107,0.26549058223419825,688.7365735646324,401.31663677011437,BITZER-CSH8561-90,screw,856,300.0,82.5,BAC-VXC-438,evaporative,425.0,4,74.09744153345953
603.892844289167,-29.1033017569488,36.036280793474766,R717,process_cooling,2.1329797525228655,11.153514531294057,1.1276619770864673,0.5587067281986785,1905.3535890181322,886.1886423295603,BITZER-CSH9563-160,screw,1417,500.0,135.0,BAC-VXC-584,evaporative,565.0,3,201.11018692695112
96.32562020794617,-11.346531775869089,37.6822870618345,R410A,hvac,3.017526870743289,4.181949901657969,1.1013127838828791,0.5702981798508611,101.15025378568777,126.1585475372957,COPELAND-ZP91K5E,screw,91,80.0,27.0,GUNTNER-GACV-120,air_cooled,125.0,4,23.689126383945187
643.3407876575241,0.6087654380896055,47.83018312656349,R410A,cold_storage,3.144600794061906,3.5800684224639916,1.1358081616400546,4.176088012611778,499.32863912181915,836.2442608915022,COPELAND-ZP91K5E,screw,91,80.0,27.0,GUNTNER-GACV-240,air_cooled,250.0,2,317.2385589701081
161.85252827283819,-33.850133435672674,30.580388225180396,R410A,hvac,2.0030830777581325,8.341690510954809,1.11809035259685,0.9676908390868865,396.3972969916052,244.18424167948166,COPELAND-ZP91K5E,screw,91,80.0,27.0,GUNTNER-GACV-240,air_cooled,250.0,4,40.718264338570314
720.969204027967,-37.56916340586437,36.856352648655,R717,process_cooling,1.7180251174480117,17.470642498057952,1.1207691460626845,0.6696697877275113,3399.9096941754365,1125.9866629170417,BITZER-CSH9563-160,screw,1417,500.0,135.0,BAC-VXC-584,evaporative,565.0,4,177.93004895216413
433.54093259371007,-25.596002582815295,41.008020479064015,R717,blast_freezing,2.1068042806233955,10.8536937110534,1.1681935706292867,0.41878307670905335,1222.011503023201,655.0843174942022,BITZER-CSH9563-160,screw,1417,500.0,135.0,BAC-VXC-584,evaporative,565.0,3,148.07653563005798
523.7941359656002,-23.994918487802835,26.106029956743026,R717,hvac,3.026999658391265,6.539455131126711,1.1550535229887253,0.46395871530523763,1262.886730357305,700.7273200601909,BITZER-CSH9563-160,screw,1417,500.0,135.0,BAC-VXC-584,evaporative,565.0,3,175.5733414766812
178.11081708085553,-37.64999304309205,42.6936906862988,R717,blast_freezing,1.549086723345492,20.633684974564986,1.1366773291313768,0.17499834155691088,891.9872124856151,297.76903846573794,BITZER-S6H-25.2,screw,418,190.0,55.0,BAC-VXC-438,evaporative,425.0,2,90.4775149244911
274.9169490960085,8.750660339666453,42.55743855600593,R410A,cold_storage,4.9281735343962,2.460875858270239,1.1929991129007211,1.6674842378572527,154.65416016973575,329.7262515674995,COPELAND-ZP91K5E,screw,91,80.0,27.0,GUNTNER-GACV-240,air_cooled,250.0,3,91.36868082231446
503.5695768244138,-38.77965112547818,47.90699728773086,R717,cold_storage,1.386098197777868,25.178343430849655,1.180569550548409,0.49488601949916966,2666.748174819916,857.3347701237217,BITZER-CSH9563-160,screw,1417,500.0,135.0,BAC-VXC-584,evaporative,565.0,3,166.01023669345537
221.8908933217035,-39.43562008236768,38.6878351731331,R717,cold_storage,1.5941187827399215,20.30070640704461,1.176462655509865,0.21673098617245878,1206.5485151033158,370.62998625396443,BITZER-CSH8561-90,screw,856,300.0,82.5,BAC-VXC-438,evaporative,425.0,2,113.87840573553996
741.2223920523737,-32.735934692082225,46.812421354682925,R717,hvac,1.6093267534360711,17.92621994836768,1.118385528806953,0.7654612004775248,3084.483742217198,1267.5349355674646,BITZER-CSH9563-160,screw,1417,500.0,135.0,BAC-VXC-584,evaporative,565.0,4,195.4410155835591
291.43383583960355,-11.234450527629612,34.79768639622402,R717,blast_freezing,3.5372187104976454,4.857031659823541,1.1786743026510929,0.26156718719303107,422.90199590765974,372.7546693582898,BITZER-CSH8561-90,screw,856,300.0,82.5,BAC-VXC-438,evaporative,425.0,4,72.6499467520098
424.0510858898534,-7.240683391776393,45.80792965522816,R410A,process_cooling,2.6776609319509896,4.415304813577483,1.1792777396531475,2.7577811775464642,425.79819032641706,579.2304645752349,COPELAND-ZP91K5E,screw,91,80.0,27.0,GUNTNER-GACV-240,air_cooled,250.0,4,105.43269310896858
667.8973222673791,-19.994522563223143,25.17659587819642,R410A,ice_making,3.3514184407871555,4.156172814939736,1.1145707492274641,3.638872890120414,875.5206133542255,868.8220616588837,COPELAND-ZP91K5E,screw,91,80.0,27.0,GUNTNER-GACV-240,air_cooled,250.0,2,334.5789791109548
715.7078626110286,-38.00792879939147,37.61267062055883,R410A,hvac,1.5444052551614742,11.932268766442832,1.1788878011908186,4.7191177194998595,2295.991294603357,1197.3988150970033,COPELAND-ZP91K5E,screw,91,80.0,27.0,GUNTNER-GACV-240,air_cooled,250.0,2,363.39907308566205
563.7723837722573,2.050391423685312,32.906238541616865,R717,process_cooling,5.89693889768331,2.743531797568063,1.158203623799652,0.492553105482253,489.0717262586591,654.5681237396727,BITZER-CSH9563-160,screw,1417,500.0,135.0,BAC-VXC-584,evaporative,565.0,3,186.55369129825692
191.38864127622975,-5.021718005373479,49.040101124803115,R717,process_cooling,2.978057715194036,5.595450234756845,1.1340210283505054,0.18246226644664404,233.38555852990433,255.5825158502371,BITZER-S6H-25.2,screw,418,190.0,55.0,BAC-VXC-292,evaporative,250.0,3,63.77814984846818
760.6480016607404,1.1415772701345048,26.75720638107715,R717,blast_freezing,7.228927505152962,2.362534609846421,1.1725254031043237,0.6627232476737839,679.2942575883901,878.7168148676872,BITZER-CSH9563-160,screw,1417,500.0,135.0,BAC-VXC-584,evaporative,565.0,2,385.9664669703121
148.28440209562132,-35.4365243409961,30.345921993755702,R717,blast_freezing,2.0409979534397915,12.953199436272781,1.1177162108678498,0.13448183297989402,615.7740782427289,219.9445596415548,BITZER-N320VLD,screw,320,150.0,42.5,BAC-VXC-292,evaporative,250.0,2,73.80905922525432
497.15613599235365,-28.86518308576504,31.11005028095631,R410A,hvac,2.240564884832708,6.867843562334263,1.1353273902496936,2.9486734120840814,990.5720710580093,724.271242582209,COPELAND-ZP91K5E,screw,91,80.0,27.0,GUNTNER-GACV-240,air_cooled,250.0,3,166.9232341578439
70.44359013525515,-17.513843437625994,44.643640547654925,R410A,hvac,2.1166699718219903,6.171448171926962,1.1286128299059262,0.47140412800499737,103.72234322717509,104.7404101010398,COPELAND-ZP91K5E,screw,91,80.0,27.0,GUNTNER-GACV-120,air_cooled,125.0,3,23.71129901482493
157.98643346552078,-33.37753400569876,33.5018115619781,R410A,cold_storage,1.8919716659163588,8.806598046064384,1.199142071952138,0.947685528278872,380.8339675995519,236.88594631163903,COPELAND-ZP91K5E,screw,91,80.0,27.0,GUNTNER-GACV-240,air_cooled,250.0,2,77.48718698690858
323.3985321079007,-29.9097616386373,32.70992423863344,R717,hvac,2.2343907768915137,10.53736257636894,1.141920599590692,0.28772370359096566,1017.7592146099214,455.9718566895484,BITZER-CSH8561-90,screw,856,300.0,82.5,BAC-VXC-584,evaporative,565.0,3,104.9985794736885
252.54979761859843,-15.425170517103219,28.425943798098928,R717,hvac,3.683647402884993,4.799622735779731,1.1011372819751468,0.22910583395962678,436.8146919768022,330.9699231822394,BITZER-CSH8561-90,screw,856,300.0,82.5,BAC-VXC-438,evaporative,425.0,4,65.07623189206792
54.39271336311877,-28.094051829238126,29.323077450611486,R410A,hvac,2.389195993241141,6.356717651265242,1.1382143937456288,0.3116480045299032,101.60497226899142,76.5840112579965,COPELAND-ZP61K5E,screw,61,55.0,18.5,GUNTNER-GACV-060,air_cooled,65.0,2,26.99374913826665
580.0488944378948,-26.34219714347204,45.066126826338106,R410A,cold_storage,1.6935938817916838,8.741000080753174,1.1036807216040865,4.010237290357943,1222.2699905955428,931.9993615923196,COPELAND-ZP91K5E,screw,91,80.0,27.0,GUNTNER-GACV-240,air_cooled,250.0,2,292.99673334136634
766.6399400448591,-3.702896641175556,40.69439948816724,R410A,cold_storage,3.4568117013606057,3.4741865456625183,1.1234943047051142,4.734654538030765,650.5240519579016,999.2723228887058,COPELAND-ZP91K5E,screw,91,80.0,27.0,GUNTNER-GACV-240,air_cooled,250.0,3,258.3533169801573
603.0163132789165,6.180037606782754,28.05937522467633,R410A,blast_freezing,8.330156040956822,1.8512296826603356,1.1081063395189394,3.3495186068989655,336.23276166633593,709.1775242103229,COPELAND-ZP91K5E,screw,91,80.0,27.0,GUNTNER-GACV-240,air_cooled,250.0,4,158.2920856703484
456.4952229903688,-15.93623974206097,31.161361190004488,R717,ice_making,3.3770166991077533,5.321843185422733,1.1496800821216113,0.41189107530256147,801.5832252504831,599.1694944738011,BITZER-CSH9563-160,screw,1417,500.0,135.0,BAC-VXC-584,evaporative,565.0,3,154.09318930604374
683.5011285335282,-24.332550395699975,42.66930522583696,R410A,process_cooling,1.884752388569119,7.627515332702583,1.1976508567241897,4.364765702552805,1232.8157244693023,1012.1503705435889,COPELAND-ZP91K5E,screw,91,80.0,27.0,GUNTNER-GACV-240,air_cooled,250.0,3,220.42941317161862
113.81308718629924,-1.2534815790122593,41.22949565173947,R410A,ice_making,3.667288848937517,3.249955856203315,1.1384918498531338,0.6987626882455066,88.68225166472004,145.49553319538526,COPELAND-ZP91K5E,screw,91,80.0,27.0,GUNTNER-GACV-180,air_cooled,185.0,3,38.10735837780999
179.72171478338547,-29.35696203019386,41.075873480793206,R717,process_cooling,1.925022295457214,13.003040881797814,1.139290483815345,0.16874125141486024,582.0956194979113,270.45856629269883,BITZER-S6H-25.2,screw,418,190.0,55.0,BAC-VXC-292,evaporative,250.0,3,59.331601325960314
415.7328652864333,-25.330056223204853,35.911195088981756,R410A,ice_making,2.1759446708607153,6.727421490532605,1.181163877371157,2.4846964234631344,728.7099332278061,591.7918793622852,COPELAND-ZP91K5E,screw,91,80.0,27.0,GUNTNER-GACV-240,air_cooled,250.0,3,135.15205916229323
680.1313068761326,-25.819401417835415,35.411188421078656,R410A,blast_freezing,2.1762351838599385,6.774035376254679,1.1338986743083062,4.075608037691139,1217.6954189112594,974.5266171318469,COPELAND-ZP91K5E,screw,91,80.0,27.0,GUNTNER-GACV-240,air_cooled,250.0,2,333.8542313533936
229.92057202848306,-20.577024972519823,40.89910400256208,R717,blast_freezing,2.386608971316609,8.604782653358196,1.103750046528636,0.21387601809886764,503.4943969867558,324.2869710711776,BITZER-CSH8561-90,screw,856,300.0,82.5,BAC-VXC-438,evaporative,425.0,2,114.2656564419771
707.7598502294412,-36.80013923272966,39.76269819716737,R717,hvac,1.6608796657657312,18.210126588025577,1.169477085124196,0.6696722325224649,3274.8424464885666,1126.3070208589531,BITZER-CSH9563-160,screw,1417,500.0,135.0,BAC-VXC-584,evaporative,565.0,2,351.5116546646779
470.73219450589227,0.22733230279660432,46.18187029368005,R410A,process_cooling,3.2756131705379308,3.4868541046496593,1.1468880914471158,3.056463981759853,369.9283175358949,618.1394323382324,COPELAND-ZP91K5E,screw,91,80.0,27.0,GUNTNER-GACV-240,air_cooled,250.0,3,157.8553831567515
610.7397505179226,-5.141466097823269,34.528748672737436,R410A,hvac,4.023167548168142,3.130120089165314,1.1503642313409603,3.4799937287281586,501.21836382397584,756.533381568522,COPELAND-ZP91K5E,screw,91,80.0,27.0,GUNTNER-GACV-240,air_cooled,250.0,3,201.97485090474117
275.8679054290715,-15.01287903901806,49.11743493683673,R717,ice_making,2.312991492738842,8.41936799214387,1.1893402076044173,0.28277375093409807,530.3274295618965,419.3722590174277,BITZER-CSH8561-90,screw,856,300.0,82.5,BAC-VXC-438,evaporative,425.0,3,97.59603161512901
181.743206646992,-5.365712130977421,34.79265697430211,R410A,cold_storage,3.959091384387718,3.174458872247268,1.1695555377778657,1.0267451136345918,148.97672208738143,223.22901273217417,COPELAND-ZP91K5E,screw,91,80.0,27.0,GUNTNER-GACV-240,air_cooled,250.0,4,44.55372933011824
225.88709104061016,-16.17805769921348,30.50833843852524,R717,process_cooling,3.4091169521319182,5.274512687142354,1.173848014302342,0.21092499204166923,414.4968838981136,306.9366423463439,BITZER-CSH8561-90,screw,856,300.0,82.5,BAC-VXC-438,evaporative,425.0,4,59.33063933286122
305.3349312786472,5.567934110049947,33.15906119848984,R410A,blast_freezing,6.350570315442156,2.15009823625014,1.100188360440769,1.7006418485824013,173.98540420052535,354.63204548188895,COPELAND-ZP91K5E,screw,91,80.0,27.0,GUNTNER-GACV-240,air_cooled,250.0,4,76.59663278815754
192.55524770391867,-6.421513355759096,42.822123580271096,R717,cold_storage,3.322184527254416,5.008102020897026,1.107437601927292,0.18666582038908383,251.45171136995913,261.75421389154843,BITZER-S6H-25.2,screw,418,190.0,55.0,BAC-VXC-292,evaporative,250.0,4,50.29839620744623
770.3035189018782,-39.35789007567753,36.3459729989048,R410A,hvac,1.541048918886762,12.284698064132126,1.1093369664116683,4.929809903470629,2539.786818683687,1264.552568527874,COPELAND-ZP91K5E,screw,91,80.0,27.0,GUNTNER-GACV-240,air_cooled,250.0,3,255.6342453859702
51.473339712548345,-39.913859577767084,36.55580927649682,R717,process_cooling,1.6364439855327055,19.611150780294142,1.1410800636063902,0.04944405496736078,281.9091220735947,84.47874810721655,BITZER-4NES-20Y,screw,134,50.0,15.0,BAC-VXC-116,evaporative,105.0,4,13.10901540142659
429.87713411574686,-33.727388755805045,31.20300714496416,R717,blast_freezing,2.0936220180560015,12.179977775068986,1.1563478903931483,0.39172289582792913,1653.6682864726872,634.5178061549618,BITZER-CSH9563-160,screw,1417,500.0,135.0,BAC-VXC-584,evaporative,565.0,3,143.13755225656124
694.0969052986128,-38.44389211997056,42.031436700437595,R410A,hvac,1.3828367875193517,13.545516904812253,1.1420788553494146,4.708263856449292,2333.2693714855027,1183.1080304960897,COPELAND-ZP91K5E,screw,91,80.0,27.0,GUNTNER-GACV-240,air_cooled,250.0,3,228.86520760307187
314.9503839019467,4.861088774161807,36.63163608806747,R717,cold_storage,5.761173506806454,2.757050689803787,1.107651178406455,0.29105938718928104,262.2904720162881,382.99551683154624,BITZER-CSH8561-90,screw,856,300.0,82.5,BAC-VXC-438,evaporative,425.0,2,163.1746044214269
188.28795400556908,0.8538834502195982,45.55824470149367,R717,blast_freezing,3.827701470553463,4.08124613876229,1.1941478008704918,0.1744001190911505,180.57703261936902,236.00061893410077,BITZER-S6H-25.2,screw,418,190.0,55.0,BAC-VXC-292,evaporative,250.0,3,62.3719812044097
69.57152396495366,-20.12422219025965,46.92239402650283,R717,ice_making,2.138982987278108,9.923512589214521,1.1909450984444963,0.06583495835424397,152.0816816023471,100.41523477799103,BITZER-6FE-35Y,screw,232,100.0,30.0,BAC-VXC-116,evaporative,105.0,4,17.106374877162573
231.507186705179,-39.81757307776557,48.464603074595914,R410A,cold_storage,1.155004743166218,16.768502430496007,1.1974745862653093,1.7166252849364654,901.937596384731,426.1433146956244,COPELAND-ZP91K5E,screw,91,80.0,27.0,GUNTNER-GACV-240,air_cooled,250.0,3,76.13247740371783
539.320094059045,2.2754162858671805,45.80950116471466,R717,blast_freezing,3.969104822608891,3.898645605659328,1.1624003927847484,0.49189069791925055,484.60064537757273,660.936782900983,BITZER-CSH9563-160,screw,1417,500.0,135.0,BAC-VXC-584,evaporative,565.0,2,263.9637787993564
63.849858444513636,-35.20999664508417,34.82899993246534,R717,hvac,1.8841226839731202,14.594152916643086,1.1769977210682845,0.058269565462470495,263.9303915497371,96.00802221961135,BITZER-4NES-20Y,screw,134,50.0,15.0,BAC-VXC-116,evaporative,105.0,3,20.906518472389525
698.5246318199345,-21.004800358956956,27.012766606565872,R717,ice_making,3.22874173794342,5.868991518113801,1.1708608443532278,0.6348659772216455,1521.607895390856,943.9334791776961,BITZER-CSH9563-160,screw,1417,500.0,135.0,BAC-VXC-584,evaporative,565.0,3,240.2383191763469
715.892194194878,-2.7590974878851995,41.35889287960594,R410A,cold_storage,3.484816802013166,3.4230381495551088,1.1005228973355967,4.25987696564783,567.5886307604115,892.7068149823117,COPELAND-ZP91K5E,screw,91,80.0,27.0,GUNTNER-GACV-240,air_cooled,250.0,3,231.21863875804056
313.88102527841505,2.6061139526173918,40.68967158630643,R717,process_cooling,4.647872674966768,3.351998384316981,1.1019149285584928,0.27119412218402117,264.1211625326928,362.1438981507473,BITZER-CSH8561-90,screw,856,300.0,82.5,BAC-VXC-438,evaporative,425.0,3,99.34116350753312
105.75033878568888,3.8021838667059313,25.10937997528668,R717,hvac,8.920397587258417,2.037620488843841,1.167956538035281,0.09463950988463507,88.43815374259374,123.73202504326082,BITZER-N320VLD,screw,320,150.0,42.5,BAC-VXC-116,evaporative,105.0,4,27.814884634264168
716.2171763674056,5.481341260166353,46.91590586622877,R410A,cold_storage,3.7622523733022795,3.011103894276993,1.1114642000492727,4.743188639628263,486.56216719973145,932.182979201308,COPELAND-ZP91K5E,screw,91,80.0,27.0,GUNTNER-GACV-240,air_cooled,250.0,4,184.10971064413494
627.6185460433082,-33.261553983753295,39.441725629364896,R410A,cold_storage,1.6511782709832388,10.15324491959202,1.10603042294276,4.050522293395682,1620.1124510795885,995.8047787054688,COPELAND-ZP91K5E,screw,91,80.0,27.0,GUNTNER-GACV-240,air_cooled,250.0,2,310.0981987397516
294.98177156453585,-14.219460307525459,43.95220293975432,R717,cold_storage,2.6266371679515887,7.097767913720382,1.147350912736867,0.27605298360220754,501.6440612575759,404.85863853004264,BITZER-CSH8561-90,screw,856,300.0,82.5,BAC-VXC-438,evaporative,425.0,3,97.74130491341931
471.296515729841,-36.37473749959629,25.454730973533273,R410A,blast_freezing,2.1220113803086416,8.138007521141134,1.184959552057114,2.7651385584270076,1256.4691632266065,714.641673609204,COPELAND-ZP91K5E,screw,91,80.0,27.0,GUNTNER-GACV-240,air_cooled,250.0,4,121.43435589363754
796.9711036431199,-9.923563195847581,36.74000388375265,R410A,blast_freezing,3.233194850238432,3.888777127656247,1.1326809542723946,4.6647658936821355,788.2133191473101,1028.4658327347595,COPELAND-ZP91K5E,screw,91,80.0,27.0,GUNTNER-GACV-240,air_cooled,250.0,4,196.37830005964133
461.5317256384499,1.6809119048127101,28.474614815418285,R410A,hvac,6.558283756321735,2.1508358548057,1.118190930090498,2.4613182431311533,284.4441851949653,530.1536481277402,COPELAND-ZP91K5E,screw,91,80.0,27.0,GUNTNER-GACV-240,air_cooled,250.0,4,115.00289519968062
206.97533474012454,-25.749548990858404,26.564071393585024,R717,blast_freezing,2.849310993515633,7.194146638800072,1.1451615273192872,0.17921801337168772,526.4862554712889,273.71902505810687,BITZER-S6H-25.2,screw,418,190.0,55.0,BAC-VXC-292,evaporative,250.0,3,67.5368162030595
760.9319098268271,7.520049137741545,32.14400775805991,R410A,blast_freezing,7.273610711912673,1.974995736147265,1.1725873184037572,4.101303856723914,395.0197249791687,851.3811049023685,COPELAND-ZP91K5E,screw,91,80.0,27.0,GUNTNER-GACV-240,air_cooled,250.0,2,374.2389471879274
627.3816855052195,-1.0757347463732856,31.574142255504164,R410A,process_cooling,5.158420009238198,2.543291741500747,1.1351100702297447,3.4239499574222862,432.06765470094183,738.6112963054592,COPELAND-ZP91K5E,screw,91,80.0,27.0,GUNTNER-GACV-240,air_cooled,250.0,2,309.3380513342701
315.67544433922853,-33.73706827233106,34.4579504870399,R717,hvac,1.9653609974477302,13.398458373807527,1.1555079319891506,0.28936683377037187,1222.1272792129992,471.73020029812085,BITZER-CSH8561-90,screw,856,300.0,82.5,BAC-VXC-584,evaporative,565.0,4,78.162501781579
784.1874112683087,5.1870611340370445,47.08755907778551,R410A,ice_making,3.705339449015359,3.050553103343964,1.1367897750350948,5.052463046875386,523.051051906724,993.4845432123558,COPELAND-ZP91K5E,screw,91,80.0,27.0,GUNTNER-GACV-240,air_cooled,250.0,2,391.1723595969335
544.1148454987175,-6.446553664326849,45.60553019459638,R410A,ice_making,2.7527722737741533,4.27838675576263,1.1714355084696888,3.5481431041115785,533.5519023339241,743.0188393144466,COPELAND-ZP91K5E,screw,91,80.0,27.0,GUNTNER-GACV-240,air_cooled,250.0,2,272.51342614771113
722.5535249762366,-11.54661116664689,39.56268250277248,R717,hvac,3.1146795985183084,5.6294715727242295,1.1721951475913102,0.6762191713694025,1106.6047828632938,971.35745425605,BITZER-CSH9563-160,screw,1417,500.0,135.0,BAC-VXC-584,evaporative,565.0,4,183.82155725621183
334.74631671390244,-3.4922832446902206,47.17545296246677,R717,cold_storage,3.242632924445841,5.021361669828229,1.115637874164162,0.31219756375016916,377.60569872282616,432.9005290689075,BITZER-CSH8561-90,screw,856,300.0,82.5,BAC-VXC-584,evaporative,565.0,3,110.28823638269506
654.2879324693592,-0.24163561206739814,29.034341537248217,R717,process_cooling,6.20396868382984,2.664446075306331,1.163319307571011,0.5783765636169289,622.4867290357064,773.8890162164626,BITZER-CSH9563-160,screw,1417,500.0,135.0,BAC-VXC-584,evaporative,565.0,2,333.2318220749377
155.79139465156774,-17.10308184462877,47.89988501987754,R717,blast_freezing,2.2542895189164707,8.919359241591449,1.11359917670923,0.1461703951771046,298.19638558727485,219.17056718853877,BITZER-N320VLD,screw,320,150.0,42.5,BAC-VXC-292,evaporative,250.0,4,37.955589814317214
612.5092935768929,-31.76395196448044,32.29487412834639,R410A,process_cooling,2.0247264802768927,7.979266897921307,1.1242578812333721,3.7225842037083305,1402.012479680688,925.3818701222223,COPELAND-ZP91K5E,screw,91,80.0,27.0,GUNTNER-GACV-240,air_cooled,250.0,2,309.72142258514174
273.8752016023681,-5.246768589424775,35.12998530028341,R717,ice_making,4.2235801579662775,3.85766930364456,1.1092261571938051,0.2538599758948257,327.411640780108,350.6774927301866,BITZER-CSH8561-90,screw,856,300.0,82.5,BAC-VXC-438,evaporative,425.0,4,70.88598505958552
135.36733574993667,-28.4297393208038,42.326180676024535,R410A,process_cooling,1.7249561512754958,8.906851912053181,1.127529085052502,0.8783469440319764,290.1146271376708,208.43376052021756,COPELAND-ZP91K5E,screw,91,80.0,27.0,GUNTNER-GACV-240,air_cooled,250.0,4,32.98576907141607
659.0647378474823,-12.872524877057852,49.10214755602651,R410A,ice_making,2.108187137813111,5.792655154824241,1.1893681032558308,4.557633480311914,851.9236660933003,970.1576856623924,COPELAND-ZP91K5E,screw,91,80.0,27.0,GUNTNER-GACV-240,air_cooled,250.0,3,219.34264399998185
151.18598998978257,-31.921644830253847,32.21277182392511,R717,hvac,2.1462147142896084,11.463624281278255,1.1673197691220574,0.13755799373465855,533.6871900044125,220.6318902526675,BITZER-S6H-25.2,screw,418,190.0,55.0,BAC-VXC-292,evaporative,250.0,4,37.62643782313527
524.7610805274543,-4.4196836328179145,44.577484627999155,R410A,process_cooling,3.0043765320681777,3.903370793104681,1.1329185871752054,3.3118575099648537,465.8285270061367,689.9217968574981,COPELAND-ZP91K5E,screw,91,80.0,27.0,GUNTNER-GACV-240,air_cooled,250.0,3,172.5432859806872
397.97196866323236,-15.765541492962928,36.237425336381044,R717,ice_making,2.998478436535945,6.119966593853293,1.1536009752967524,0.3583338729406482,692.5888376253995,524.6583297701752,BITZER-CSH9563-160,screw,1417,500.0,135.0,BAC-VXC-584,evaporative,565.0,3,131.1479448440514
231.58930759428637,4.15297535175047,43.114743686058006,R410A,process_cooling,4.104741324033825,2.86731735284575,1.1903074987267104,1.417258941375243,151.52931419262123,285.46903146526324,COPELAND-ZP91K5E,screw,91,80.0,27.0,GUNTNER-GACV-240,air_cooled,250.0,4,57.386675240060306
552.5806928554836,5.903962638449762,28.220233446498412,R410A,hvac,8.141773673157703,1.8747054006841912,1.1723205969946122,2.8122394983864787,284.724241630224,595.7784696595675,COPELAND-ZP91K5E,screw,91,80.0,27.0,GUNTNER-GACV-240,air_cooled,250.0,2,265.3037382423487
712.9226290535022,-9.387226918859852,33.00573486752806,R717,blast_freezing,3.927359047203133,4.277092035839696,1.1137598057426539,0.6336387976619838,954.3582842182503,892.0100916827187,BITZER-CSH9563-160,screw,1417,500.0,135.0,BAC-VXC-584,evaporative,565.0,3,236.99266822965623
379.41517193477586,8.131179319076985,42.01450329047425,R410A,ice_making,4.916890298042596,2.474479127049831,1.1895570253687378,2.2331411856140337,211.08566108126206,443.943954953122,COPELAND-ZP91K5E,screw,91,80.0,27.0,GUNTNER-GACV-240,air_cooled,250.0,4,92.22850243250997
256.3748380851867,-1.1755152930082247,29.703770432135,R410A,process_cooling,5.521759003478597,2.4318053502281307,1.1454934459122645,1.4281834122320831,180.80136334062792,310.10900809517386,COPELAND-ZP91K5E,screw,91,80.0,27.0,GUNTNER-GACV-240,air_cooled,250.0,3,87.51970169377137
801.8518460756756,-34.214902208641064,46.939520226359214,R717,process_cooling,1.5545896252151674,19.375885319313298,1.1471791391310326,0.7809532482482054,3373.6636116258305,1306.889190489234,BITZER-CSH9563-160,screw,1417,500.0,135.0,BAC-VXC-584,evaporative,565.0,2,397.65220150952587
735.2635164697608,-33.60644850352704,46.62191279209735,R410A,cold_storage,1.3826345069503878,12.229604423437518,1.1060681742258685,5.248197365282704,2128.6714122409985,1263.4246744450488,COPELAND-ZP91K5E,screw,91,80.0,27.0,GUNTNER-GACV-240,air_cooled,250.0,2,366.5804693763419
352.29905873629957,-2.42830873374794,33.34853542107256,R410A,ice_making,4.598463857008905,2.7794089154687454,1.1988741518116155,2.03156466291084,267.79934693484535,438.17518516048483,COPELAND-ZP91K5E,screw,91,80.0,27.0,GUNTNER-GACV-240,air_cooled,250.0,4,89.97703671320983
773.6279421397618,6.946268213063888,39.132377027758686,R410A,hvac,5.25535880302666,2.39159089605028,1.1234044323792711,4.428575880674184,434.1479768674691,896.4818885713233,COPELAND-ZP91K5E,screw,91,80.0,27.0,GUNTNER-GACV-240,air_cooled,250.0,3,251.05588841030655
688.2177666023689,-38.537193957668116,32.758161707930995,R717,process_cooling,1.8089867685739955,16.340001824548928,1.1096456303966067,0.6324910632148155,3367.6357573760997,1061.8240060233813,BITZER-CSH9563-160,screw,1417,500.0,135.0,BAC-VXC-584,evaporative,565.0,3,227.93813044856427
93.83005715860313,-35.237136735057206,27.599794906515847,R410A,process_cooling,2.075991374943619,8.19559925880632,1.1994426039201047,0.5502399535199404,238.5441009015043,140.76592431028746,COPELAND-ZP91K5E,screw,91,80.0,27.0,GUNTNER-GACV-180,air_cooled,185.0,2,47.50157089752559
308.719917173516,-11.153032589262484,47.77748908967475,R717,hvac,2.6148199278708097,6.918335094398983,1.1588623704574557,0.29513036432313633,475.6676654023124,427.26576818508863,BITZER-CSH8561-90,screw,856,300.0,82.5,BAC-VXC-438,evaporative,425.0,4,77.2668533592393
283.7704417478232,6.989373033151615,25.85810646758754,R717,cold_storage,10.27997666623619,1.8601997403959056,1.1921348325098913,0.23933876622267708,200.67223003233943,308.69546484571566,BITZER-CSH8561-90,screw,856,300.0,82.5,BAC-VXC-438,evaporative,425.0,2,140.66439450560313
587.0271636185674,-16.845790498813066,42.939245771010306,R410A,cold_storage,2.251581901821748,5.782837851899321,1.1362792945600524,3.8410864428161315,825.2720093810954,856.1714822907378,COPELAND-ZP91K5E,screw,91,80.0,27.0,GUNTNER-GACV-240,air_cooled,250.0,2,296.43113299740025
77.13807881477675,-23.467149457494656,28.40937157196042,R410A,ice_making,2.7707284205779077,5.167558375065578,1.172927354236683,0.44817516102707716,122.54850177164273,107.91483521159753,COPELAND-ZP91K5E,screw,91,80.0,27.0,GUNTNER-GACV-120,air_cooled,125.0,4,19.82393503142618
591.8136130137309,2.285910231729332,25.516241239873626,R410A,cold_storage,7.7448657331386395,1.952471007265252,1.1320543904785398,2.9599102776362853,335.583330947375,641.8170358578441,COPELAND-ZP91K5E,screw,91,80.0,27.0,GUNTNER-GACV-240,air_cooled,250.0,2,284.2117260373278
40.8920691808864,0.1385606448731309,43.96558685034391,R717,cold_storage,3.90953559463921,4.015870107442586,1.100003587599082,0.03777464878518214,40.11183374440721,51.23148295497203,BITZER-4NES-20Y,screw,134,50.0,15.0,BAC-VXC-116,evaporative,105.0,4,10.199096346165408
322.01589439935856,-32.801507523930276,36.45284467436878,R410A,hvac,1.7900318180798176,9.2522456945375,1.1800508417075686,1.9817088421520652,778.0593088451581,490.064417760244,COPELAND-ZP91K5E,screw,91,80.0,27.0,GUNTNER-GACV-240,air_cooled,250.0,3,104.80536398844525
498.7607780628003,-22.365134276181394,46.94410864719896,R717,ice_making,2.0288513523036036,10.98031787296486,1.1778210957994928,0.47792904279192805,1213.2365766421349,739.224789680446,BITZER-CSH9563-160,screw,1417,500.0,135.0,BAC-VXC-584,evaporative,565.0,2,247.5818453518458
257.27963147385174,0.01060402934506044,40.364130616372606,R717,process_cooling,4.306782084802732,3.6567945030864473,1.1296135305162356,0.23399681906859734,249.60202827761134,316.4700753356619,BITZER-CSH8561-90,screw,856,300.0,82.5,BAC-VXC-438,evaporative,425.0,3,85.61168388246621
544.056660845208,-19.75998497702496,34.21462290624472,R410A,cold_storage,2.628171477729,5.203590497209295,1.178271093904638,3.1714088129937794,756.5735162314386,738.4681800519285,COPELAND-ZP91K5E,screw,91,80.0,27.0,GUNTNER-GACV-240,air_cooled,250.0,2,267.4654464289199
340.18017093786455,9.690955176365499,45.40670823206782,R717,process_cooling,5.121191568873302,2.9612237442084814,1.1316182376217934,0.3045412849815696,233.3620822246919,394.2587321342725,BITZER-CSH8561-90,screw,856,300.0,82.5,BAC-VXC-438,evaporative,425.0,4,82.46247778079078
55.333366549480246,1.4869309800593697,36.066044668925144,R717,cold_storage,5.173379734173785,3.068044539922209,1.1401691146281818,0.050602374960534185,51.24355054879029,67.64698565575678,BITZER-4NES-20Y,screw,134,50.0,15.0,BAC-VXC-116,evaporative,105.0,2,28.34456648860871
268.441628777437,-6.027433367533149,37.971355410118036,R410A,hvac,3.5037612544114287,3.5114568769193975,1.1807860061692823,1.625403513797894,241.04964643974668,350.4272306184316,COPELAND-ZP91K5E,screw,91,80.0,27.0,GUNTNER-GACV-240,air_cooled,250.0,4,68.15488675875733
143.18340996088472,-26.73028935181888,49.358058231212574,R717,blast_freezing,1.757831567132251,14.318271812449847,1.166078417619891,0.14185907345156695,435.1149541947657,226.48623461965846,BITZER-N320VLD,screw,320,150.0,42.5,BAC-VXC-292,evaporative,250.0,4,36.09037055418774
693.7850327334392,-30.926134493313427,49.14504871090055,R410A,hvac,1.3800718284462759,11.585416662717451,1.1820750541188085,4.940667782265795,1799.7832216533477,1160.2235613576822,COPELAND-ZP91K5E,screw,91,80.0,27.0,GUNTNER-GACV-240,air_cooled,250.0,4,168.18734550278398
174.18163279011148,-23.646648459317436,33.70266018544503,R410A,cold_storage,2.4021679067950026,5.959418063541815,1.117647837935206,1.0619491251714104,292.3317566856953,252.39187235176934,COPELAND-ZP91K5E,screw,91,80.0,27.0,GUNTNER-GACV-240,air_cooled,250.0,3,59.402090305263805
545.1074268253602,-23.8856794848809,35.21563613295079,R410A,cold_storage,2.2971160163439115,6.247773043674702,1.1993457566549575,3.3172313538729483,921.3660231022559,785.9373642544499,COPELAND-ZP91K5E,screw,91,80.0,27.0,GUNTNER-GACV-240,air_cooled,250.0,3,182.52206861214893
288.7769665430506,-26.418458260827762,37.04112596534831,R717,process_cooling,2.2334130450809577,10.097747778689742,1.1369950097852688,0.2627156104441652,794.7962007200724,410.38295962697697,BITZER-CSH8561-90,screw,856,300.0,82.5,BAC-VXC-438,evaporative,425.0,3,94.48784125123261
376.60450507080475,8.49462804399952,41.52474933022799,R717,ice_making,5.578934248954833,2.778721071472227,1.128504812470546,0.3390203142633307,270.28907912654387,440.2030007789332,BITZER-CSH9563-160,screw,1417,500.0,135.0,BAC-VXC-584,evaporative,565.0,3,124.43067040979746
360.07804548453095,-17.504740351403186,25.500567588597583,R717,ice_making,3.7362095185244493,4.802428483686097,1.1894106005897254,0.3215301634186062,666.7460840202162,467.64016056161023,BITZER-CSH9563-160,screw,1417,500.0,135.0,BAC-VXC-584,evaporative,565.0,4,92.22573517392263
185.9331605038862,-0.9327089790767573,38.37956928459002,R410A,cold_storage,4.071018409933014,3.0013452489352157,1.1030776163158815,1.122121626693303,140.95106761129432,236.01602315440806,COPELAND-ZP91K5E,screw,91,80.0,27.0,GUNTNER-GACV-240,air_cooled,250.0,2,94.73694410364641
686.8472375949736,0.4424298872845398,33.34381714554036,R410A,process_cooling,5.11359580953411,2.5341776581282143,1.1159016624959022,3.8981081744753263,468.5678874498719,830.3524519689921,COPELAND-ZP91K5E,screw,91,80.0,27.0,GUNTNER-GACV-240,air_cooled,250.0,4,173.63295477447448
379.57981635963523,-1.00606568539704,37.49900478001378,R410A,cold_storage,4.183937452198573,2.9440428604062703,1.1774821518154175,2.2197318142202773,279.48109133560513,468.62953234514765,COPELAND-ZP91K5E,screw,91,80.0,27.0,GUNTNER-GACV-240,air_cooled,250.0,4,94.55730656788698
72.87055477044541,4.905395081277597,30.103389339010523,R717,process_cooling,7.457889548341076,2.277347141749809,1.1210479999818148,0.06285030582205635,56.55242703240927,82.17547927385596,BITZER-6FE-35Y,screw,232,100.0,30.0,BAC-VXC-116,evaporative,105.0,4,18.114910478069973
26.46745630577665,-17.20201687543743,46.52300448391503,R717,hvac,2.311817952313268,8.637438830890824,1.1472136568084772,0.025783079225327965,52.81086626663753,38.61265475508812,BITZER-4CC-9.2Y,reciprocating,48,25.0,8.0,BAC-VXC-116,evaporative,105.0,4,6.738400912626862
566.3247700872049,-27.061677252314958,26.077802619244668,R717,process_cooling,2.7782407099876307,7.539734481479713,1.1813435164933048,0.5076399883032042,1580.0582894318916,780.7368199508239,BITZER-CSH9563-160,screw,1417,500.0,135.0,BAC-VXC-584,evaporative,565.0,4,143.52412825629386
124.13716948743274,-8.438941925523704,25.64917700287794,R717,hvac,5.0697668771777895,3.304424106076571,1.1680527835056367,0.10833056465993547,157.39611044207624,150.2687131320819,BITZER-N320VLD,screw,320,150.0,42.5,BAC-VXC-116,evaporative,105.0,3,41.837265468278886
427.8975138074603,9.63806659860149,32.7163586368948,R410A,blast_freezing,7.853230519531269,1.881054996318342,1.1207616246902397,2.320415150227808,209.45822911910057,476.41216777442145,COPELAND-ZP91K5E,screw,91,80.0,27.0,GUNTNER-GACV-240,air_cooled,250.0,3,140.86664250555114
513.467019952189,-15.530304930600177,43.894407867172404,R717,hvac,2.543864040089249,7.491970434212693,1.1394275184747868,0.5102418883080463,976.9357028161597,753.9839626367406,BITZER-CSH9563-160,screw,1417,500.0,135.0,BAC-VXC-584,evaporative,565.0,2,270.61318770390756
287.21342780828763,-26.561025249736257,33.84181148534077,R717,hvac,2.375966591484712,9.27639626443934,1.1823545879773638,0.26767987217162514,814.9222230389682,416.2122993897633,BITZER-CSH8561-90,screw,856,300.0,82.5,BAC-VXC-438,evaporative,425.0,3,97.64181521715439
555.1639904469229,8.01889847396312,37.18738014246415,R410A,process_cooling,5.938329805871713,2.207658636148938,1.1666325145033278,3.14195532790731,298.0156090316998,638.221115950155,COPELAND-ZP91K5E,screw,91,80.0,27.0,GUNTNER-GACV-240,air_cooled,250.0,3,182.07876062507958
652.5929710898764,-21.851587936644126,45.41593994993374,R717,process_cooling,2.114392345121424,10.300478393389815,1.1888805471300559,0.6081687091351372,1510.5940881631811,935.5734716200841,BITZER-CSH9563-160,screw,1417,500.0,135.0,BAC-VXC-584,evaporative,565.0,4,158.7925642855265
90.27278219704473,-26.744329753123388,49.42303913173342,R410A,ice_making,1.5053233596282876,9.83284476059362,1.1255861538398215,0.6650210486479006,205.83119288620978,152.3182267597968,COPELAND-ZP91K5E,screw,91,80.0,27.0,GUNTNER-GACV-180,air_cooled,185.0,4,22.880098885987707
414.5326067508991,-39.83740622613366,31.428294138179492,R410A,hvac,1.701676108328032,11.09185809832262,1.1411917958360454,2.5059407456357072,1317.773540482308,651.8968137805858,COPELAND-ZP91K5E,screw,91,80.0,27.0,GUNTNER-GACV-240,air_cooled,250.0,2,205.30166989412115
258.93576366413254,9.957750338268717,47.54554606969953,R717,hvac,4.831621837299793,3.105575217427996,1.1911981421473172,0.24351243030292422,184.96297055417537,315.2856403226008,BITZER-CSH8561-90,screw,856,300.0,82.5,BAC-VXC-438,evaporative,425.0,2,130.6104054129714
280.47069817429235,-6.598535129040414,41.318945749309435,R717,blast_freezing,3.4312902281835913,4.84007328273236,1.14190245985033,0.25650587277642595,347.81540752721247,359.42353117082496,BITZER-CSH8561-90,screw,856,300.0,82.5,BAC-VXC-438,evaporative,425.0,3,92.77105814779236
433.86808167955985,-18.032931722583683,46.67046051633274,R410A,ice_making,1.9814437503479203,6.598085177797785,1.1843186503805871,2.9338459805703017,657.6301313474677,648.299870644338,COPELAND-ZP91K5E,screw,91,80.0,27.0,GUNTNER-GACV-240,air_cooled,250.0,4,107.7137315511726
555.9051583565177,-15.427319361514979,45.163558799858095,R717,cold_storage,2.483130738388776,7.718262988936938,1.1844867252164037,0.510758086689065,973.8985128772377,755.5489554975668,BITZER-CSH9563-160,screw,1417,500.0,135.0,BAC-VXC-584,evaporative,565.0,2,269.3161664987342
479.9459948649902,-30.68339987926661,42.82358169862559,R410A,blast_freezing,1.6176094537624182,9.886615441424672,1.1866971577108796,3.3069931768061203,1193.146267050868,793.1935693390353,COPELAND-ZP91K5E,screw,91,80.0,27.0,GUNTNER-GACV-240,air_cooled,250.0,3,163.39048268922747
777.2357736338287,-38.36772393846193,42.973865219351865,R410A,process_cooling,1.355488295832035,13.807530998086824,1.1114975547138242,5.397076524001835,2666.021459221871,1351.80817983102,COPELAND-ZP91K5E,screw,91,80.0,27.0,GUNTNER-GACV-240,air_cooled,250.0,2,388.95548095340996
378.5224482962933,3.908987747197685,35.261119487643604,R717,cold_storage,5.829169421113453,2.744057760043027,1.166543255683935,0.3251735480992698,302.7517452912951,429.2943300370829,BITZER-CSH9563-160,screw,1417,500.0,135.0,BAC-VXC-438,evaporative,425.0,2,183.21623223849855
786.7913845404927,-23.243480872691684,40.88705804242047,R717,process_cooling,2.2353661411439836,9.703056222275643,1.1852412034261433,0.7140833554520554,1881.9490969335316,1100.4817542084681,BITZER-CSH9563-160,screw,1417,500.0,135.0,BAC-VXC-584,evaporative,565.0,4,190.08510513083135
708.8243440720564,2.994632434140442,40.66829105684745,R410A,blast_freezing,4.29830449514614,2.802596697434225,1.1921468011062752,4.297130782754354,476.4330660967677,879.624545085469,COPELAND-ZP91K5E,screw,91,80.0,27.0,GUNTNER-GACV-240,air_cooled,250.0,4,178.40113472364067
51.136411264124106,8.876240930681817,45.09725951214044,R410A,ice_making,4.498942464464875,2.6041929319652857,1.1297814343385957,0.33610443350619784,31.053170561737947,65.60944388108821,COPELAND-ZP61K5E,screw,61,55.0,18.5,GUNTNER-GACV-060,air_cooled,65.0,2,26.83907997346881
98.90413376388886,9.357186629354274,25.536376352192192,R410A,process_cooling,11.716386395829556,1.5745396485958576,1.128521043850792,0.5009170549826366,45.605519975868006,105.56831720126092,COPELAND-ZP91K5E,screw,91,80.0,27.0,GUNTNER-GACV-120,air_cooled,125.0,3,32.42218758763935
492.19579729513174,-28.861032348138615,41.502780539899604,R410A,process_cooling,1.7419693304170567,8.887032062382115,1.1592437184379991,3.171610742039704,1065.2929281455463,756.4239942643098,COPELAND-ZP91K5E,screw,91,80.0,27.0,GUNTNER-GACV-240,air_cooled,250.0,2,240.27755966905303
276.4587234398511,-38.339504549323145,48.721011644510654,R410A,hvac,1.185208837907207,15.78483795984604,1.1763943091695543,2.0907994170858255,1031.5715533573848,513.8882360097512,COPELAND-ZP91K5E,screw,91,80.0,27.0,GUNTNER-GACV-240,air_cooled,250.0,4,69.68039718329717
345.7587761959044,-13.786543014894441,27.924384873771412,R717,ice_making,3.933133770861024,4.410881907990002,1.118911620261385,0.30347761227842884,542.1156826277941,434.2228447279413,BITZER-CSH8561-90,screw,856,300.0,82.5,BAC-VXC-584,evaporative,565.0,4,86.55028497132773
265.34530713531774,-9.588041827974578,43.16890384359482,R717,blast_freezing,3.018728894353761,5.737855070045784,1.174160263488659,0.24654631265041105,374.19050621094715,351.8936231247249,BITZER-CSH8561-90,screw,856,300.0,82.5,BAC-VXC-438,evaporative,425.0,4,66.08255220686269
449.627277886462,-27.375764716731126,32.49486925785998,R410A,cold_storage,2.2491210168543634,6.698322335336249,1.16560822644219,2.799466212471434,887.7313440890276,680.0733309219656,COPELAND-ZP91K5E,screw,91,80.0,27.0,GUNTNER-GACV-240,air_cooled,250.0,2,235.38169456359552
351.3579436998418,-21.574174488588312,29.93090695656344,R717,ice_making,2.9594273910323166,6.572996889767916,1.1581038180045373,0.3132319532105101,768.9501517062723,469.53871921338714,BITZER-CSH9563-160,screw,1417,500.0,135.0,BAC-VXC-584,evaporative,565.0,2,175.47559401361278
177.09054640869493,-9.891886025751681,26.75061841461182,R410A,hvac,4.435303029396849,3.0105561046294387,1.1870103153938882,0.9374366374763555,158.23021962151904,213.14136501841654,COPELAND-ZP91K5E,screw,91,80.0,27.0,GUNTNER-GACV-240,air_cooled,250.0,4,43.481777227647356
246.6231600699333,-27.891686120575258,39.24594087615694,R410A,blast_freezing,1.8825215635405044,8.089645043346536,1.1180685810944178,1.5911070478987528,514.6946381691413,380.2110213347704,COPELAND-ZP91K5E,screw,91,80.0,27.0,GUNTNER-GACV-240,air_cooled,250.0,2,124.15439582684782
48.18687731200206,8.503620677899761,31.515514625465897,R410A,blast_freezing,7.874959876400808,1.8870988445661536,1.117776326725966,0.26272006505038487,24.551465388300258,54.438180554492305,COPELAND-ZP61K5E,screw,61,55.0,18.5,GUNTNER-GACV-060,air_cooled,65.0,2,24.15213666209531
249.5841126689838,-26.047286050707566,36.21665053523425,R717,cold_storage,2.2920269381009506,9.693624856050377,1.1292019822314356,0.23981361772564416,713.7585009986735,373.2172381968948,BITZER-CSH8561-90,screw,856,300.0,82.5,BAC-VXC-438,evaporative,425.0,2,129.92359719334263
607.6183523118683,-23.587533275894828,32.64233577366073,R410A,blast_freezing,2.4722946097991936,5.788478892196932,1.1646254349969252,3.519776532348273,966.7805139984188,838.7548902842716,COPELAND-ZP91K5E,screw,91,80.0,27.0,GUNTNER-GACV-240,air_cooled,250.0,4,149.299629439597
210.2817008773704,8.518983175076073,47.60543355702481,R717,ice_making,4.596412750802714,3.269825737765826,1.1446519565568631,0.1955656450606867,155.79135773327954,255.01296247780385,BITZER-S6H-25.2,screw,418,190.0,55.0,BAC-VXC-292,evaporative,250.0,2,104.72287200267945
108.04335940617985,-12.075797519609893,39.098286893120694,R717,process_cooling,3.103449457312516,5.679909637543413,1.1519986559525952,0.09970034932158175,166.5444349085741,143.54962449144773,BITZER-N320VLD,screw,320,150.0,42.5,BAC-VXC-116,evaporative,105.0,2,54.28347648238987
57.479871337486465,3.8885791055685104,38.28438878970209,R410A,process_cooling,4.836076655703545,2.5721531618802906,1.1470371086045823,0.34572704995797077,37.27121812361305,71.19333388320528,COPELAND-ZP91K5E,screw,91,80.0,27.0,GUNTNER-GACV-060,air_cooled,65.0,3,19.664833091696945
454.3559943910145,-13.625362941463347,30.124693566762776,R410A,hvac,3.521201598986488,3.7468998672706118,1.1178668732423125,2.5091522426542565,481.4167392523483,574.5467927841172,COPELAND-ZP91K5E,screw,91,80.0,27.0,GUNTNER-GACV-240,air_cooled,250.0,3,149.15615101801748
636.1058481348326,-35.53041362350758,28.094096352137164,R410A,process_cooling,2.037151038462508,8.408390117916776,1.1145138527328864,3.7851496108432725,1660.9022520312687,968.8369741208054,COPELAND-ZP91K5E,screw,91,80.0,27.0,GUNTNER-GACV-240,air_cooled,250.0,2,324.9208259544114
101.39001786847219,-25.058954985472816,49.13957523330423,R410A,blast_freezing,1.5754533876247536,9.136886231587384,1.1144500967597895,0.7338575952455898,213.02888731607098,166.70247616121873,COPELAND-ZP91K5E,screw,91,80.0,27.0,GUNTNER-GACV-180,air_cooled,185.0,4,25.49376180283374
757.365181957685,-35.406884646119735,34.43646904784522,R717,blast_freezing,1.889104599326908,14.576411710691358,1.184911882562643,0.714917473457315,3268.8637649422044,1178.6043117788406,BITZER-CSH9563-160,screw,1417,500.0,135.0,BAC-VXC-584,evaporative,565.0,4,192.66408930699978
773.5227586617116,2.501876701872746,34.585267007108,R410A,blast_freezing,5.27921688636411,2.450235033061048,1.1385941799021189,4.3000394773802695,484.21151592461547,903.7806691538881,COPELAND-ZP91K5E,screw,91,80.0,27.0,GUNTNER-GACV-240,air_cooled,250.0,4,189.96215039680635
671.7891610212362,-33.00918498325967,44.22968114347105,R410A,process_cooling,1.4835958436318537,11.269807959066508,1.1873315949634888,4.648727134647606,1840.5264838620978,1124.4172929096108,COPELAND-ZP91K5E,screw,91,80.0,27.0,GUNTNER-GACV-240,air_cooled,250.0,3,223.89322140125088
217.37715726768175,-33.94288629673799,28.532225283717416,R717,process_cooling,2.196466400604735,11.372421360971048,1.1400161668478717,0.19712363616674028,840.6708948723893,318.0587944491732,BITZER-CSH8561-90,screw,856,300.0,82.5,BAC-VXC-438,evaporative,425.0,3,72.85184824637278
712.577363038704,-20.970015199609392,49.999053068901155,R410A,ice_making,1.6937013177673685,7.957101207634421,1.13318824085255,5.020247438093405,1251.6574998026663,1110.9830954542558,COPELAND-ZP91K5E,screw,91,80.0,27.0,GUNTNER-GACV-240,air_cooled,250.0,4,174.6364305850118
799.2603095915698,-23.443997836060817,27.05464838302504,R410A,ice_making,2.8749122407959815,4.983143215544326,1.135525385547421,4.3385389838210235,1185.3003853516586,1047.9732008521103,COPELAND-ZP91K5E,screw,91,80.0,27.0,GUNTNER-GACV-240,air_cooled,250.0,3,259.1741262710494
240.00999559091554,-32.64927908156649,29.18754218929151,R410A,process_cooling,2.133068979416505,7.647084814191342,1.173483608255759,1.4547431686794576,567.6735728496767,365.9470631068616,COPELAND-ZP91K5E,screw,91,80.0,27.0,GUNTNER-GACV-240,air_cooled,250.0,4,62.28639822089042
696.4380145817227,-5.695443286895234,31.60551701494508,R717,process_cooling,4.621871801043693,3.5441314515960483,1.1714511736626172,0.6046758728214754,792.8967185470674,833.6508712811649,BITZER-CSH9563-160,screw,1417,500.0,135.0,BAC-VXC-584,evaporative,565.0,3,228.4546019693187
420.02436208826947,-12.817324169521058,41.67987148979037,R717,ice_making,2.8646643212544554,6.291199578357444,1.121023161190024,0.38322749559181235,658.971648259047,555.925826019925,BITZER-CSH9563-160,screw,1417,500.0,135.0,BAC-VXC-584,evaporative,565.0,2,206.03870694599658
139.93442240810933,-2.9322156143134137,30.445680411336525,R410A,process_cooling,5.013583776702427,2.6239444120485356,1.1490784525468705,0.7627836682170014,102.20665831237987,166.47605316696178,COPELAND-ZP91K5E,screw,91,80.0,27.0,GUNTNER-GACV-180,air_cooled,185.0,3,46.26423944852229
516.2196086946973,-27.494844715438308,34.087936362358846,R717,blast_freezing,2.30858547118268,9.764939278327525,1.1168771586196042,0.4823279278964055,1530.4375571944443,754.668972818299,BITZER-CSH9563-160,screw,1417,500.0,135.0,BAC-VXC-584,evaporative,565.0,4,131.64370705964507
776.1842022056987,0.5487821744203529,39.699259240774,R410A,process_cooling,4.090755547514877,2.9563864485824025,1.1118812440151602,4.746602807798596,568.6297175023383,986.457115101655,COPELAND-ZP91K5E,screw,91,80.0,27.0,GUNTNER-GACV-240,air_cooled,250.0,2,396.34145445832013
82.54820858676638,-39.56329431092421,43.41475820963797,R410A,hvac,1.3068690097546027,14.722408227090574,1.1032240849170838,0.5849333508652503,304.0061353033052,147.35315982011696,COPELAND-ZP91K5E,screw,91,80.0,27.0,GUNTNER-GACV-180,air_cooled,185.0,4,20.8693338507778
562.9731908396279,-19.91067413006138,30.558120097326288,R410A,hvac,2.8884722362119297,4.768916786942176,1.1946524945584294,3.081198397462988,739.0867859379024,725.45166238315,COPELAND-ZP91K5E,screw,91,80.0,27.0,GUNTNER-GACV-240,air_cooled,250.0,4,134.7217401987201
644.5487962014536,-8.357205009018461,38.14349551647293,R717,process_cooling,3.533783302107704,4.752583554777381,1.1208354607306403,0.5866247010999062,849.6928583824986,826.6783167160514,BITZER-CSH9563-160,screw,1417,500.0,135.0,BAC-VXC-584,evaporative,565.0,2,322.1704520447202
631.816455139169,-30.187775600879572,41.71785277151723,R410A,ice_making,1.680139896658888,9.432690865617218,1.137819172643436,4.265279218213288,1509.0758707843252,1023.9167485451135,COPELAND-ZP91K5E,screw,91,80.0,27.0,GUNTNER-GACV-240,air_cooled,250.0,2,320.93910139401277
283.7991536137344,-0.34713333459862383,36.97577985973807,R717,blast_freezing,4.709375949206543,3.3707834978210984,1.14100234400077,0.2554442819458551,275.95679769461907,344.9175900588518,BITZER-CSH8561-90,screw,856,300.0,82.5,BAC-VXC-438,evaporative,425.0,2,142.25255242713357
613.7610725464741,2.3632125135371425,34.9384380107922,R717,process_cooling,5.553216314589666,2.8763696547243187,1.1876969982547523,0.5367467632170155,527.1791058363096,713.6839799528594,BITZER-CSH9563-160,screw,1417,500.0,135.0,BAC-VXC-584,evaporative,565.0,2,302.3890354505766
752.507379218525,-3.5580596679687773,44.05152184891583,R410A,cold_storage,3.129718587921653,3.7472561211819584,1.1008839652366127,4.588952945942849,627.533585769233,954.2510715656058,COPELAND-ZP91K5E,screw,91,80.0,27.0,GUNTNER-GACV-240,air_cooled,250.0,2,361.5908993118651
108.2214150073402,0.5278783284490487,37.92627838264212,R410A,process_cooling,4.3450907114966,2.8328803115017256,1.1418562402418022,0.6382524008793683,76.51179169399208,133.60417784999822,COPELAND-ZP91K5E,screw,91,80.0,27.0,GUNTNER-GACV-120,air_cooled,125.0,4,27.15212442253499
736.1184129294014,-32.85220274984577,29.623008676260245,R717,hvac,2.208629852884924,11.12294683809944,1.1013872495653754,0.6856958546889302,2778.1207127278394,1100.926404893201,BITZER-CSH9563-160,screw,1417,500.0,135.0,BAC-VXC-584,evaporative,565.0,4,189.45305591186906
693.0017693235928,-37.365665698730645,42.046563864005755,R717,blast_freezing,1.576225741646492,19.973199166376375,1.1720932538764472,0.6888853374880233,3462.8545494098703,1168.3587478881273,BITZER-CSH9563-160,screw,1417,500.0,135.0,BAC-VXC-584,evaporative,565.0,3,238.28102536829024
706.8692563200041,-10.594737139733539,41.88956371654324,R717,process_cooling,3.0263885742692587,5.772882898956262,1.1381034150960134,0.65453673401986,1032.4672620724148,937.9965639956685,BITZER-CSH9563-160,screw,1417,500.0,135.0,BAC-VXC-584,evaporative,565.0,4,176.2585771106004
640.5155285999997,-15.719181804342167,49.77048584412054,R410A,process_cooling,1.9304159117167683,6.514276674656956,1.1314794057965587,4.515399057424878,932.2221380876694,972.5519458290148,COPELAND-ZP91K5E,screw,91,80.0,27.0,GUNTNER-GACV-240,air_cooled,250.0,2,320.335032254782
803.8535797942072,-0.9690752081677516,37.60044697359015,R410A,hvac,4.174736645771749,2.947900139916963,1.1616111480771272,4.69180779222391,590.0325702106194,989.9835172129809,COPELAND-ZP91K5E,screw,91,80.0,27.0,GUNTNER-GACV-240,air_cooled,250.0,4,199.66815467778574
488.2655797582071,-2.614010019499524,37.54684692455731,R717,blast_freezing,4.29104707427706,3.7325502670792985,1.1118422982973766,0.44731910921757523,524.0906849227393,611.3152649840974,BITZER-CSH9563-160,screw,1417,500.0,135.0,BAC-VXC-584,evaporative,565.0,4,123.94439807688417
306.366380896794,-2.7930622913549854,39.29193798564306,R410A,cold_storage,3.71832746654042,3.2594226385599643,1.1832354963567122,1.8276368781524122,243.78405500625598,386.27792382458813,COPELAND-ZP91K5E,screw,91,80.0,27.0,GUNTNER-GACV-240,air_cooled,250.0,3,101.47012361623318
389.47853433893965,-13.02834918832816,45.79203392822153,R410A,ice_making,2.2989014478559198,5.392245133178864,1.1260242031756442,2.69199444456076,505.9136649562887,581.9317131935279,COPELAND-ZP91K5E,screw,91,80.0,27.0,GUNTNER-GACV-240,air_cooled,250.0,2,202.7650233206218
385.68538940855314,-4.066495133746031,36.81321737229025,R717,cold_storage,4.181068273607082,3.865855226192537,1.1087821899607766,0.3514788542488036,434.1047633444475,483.5284360904901,BITZER-CSH9563-160,screw,1417,500.0,135.0,BAC-VXC-584,evaporative,565.0,3,130.06747494034377
137.6605249721947,-31.046703078023267,35.61386909979447,R717,hvac,2.0512650565102133,12.113991777425074,1.14994373433859,0.13224401355568685,492.7560075122737,212.2505790155043,BITZER-N320VLD,screw,320,150.0,42.5,BAC-VXC-292,evaporative,250.0,4,35.67226936165604
710.6850509029035,6.7299485168669975,28.77302020649146,R717,process_cooling,8.684677967931059,2.050753886253605,1.1319171319519576,0.5921679391781495,500.85518462947385,766.8147158957797,BITZER-CSH9563-160,screw,1417,500.0,135.0,BAC-VXC-584,evaporative,565.0,2,343.8182916704701
81.24018868382807,-2.10546245414794,37.88162775313826,R410A,hvac,3.981482521539127,3.079237564045261,1.102511047359239,0.4872747524726516,63.56460115661326,103.23122333009024,COPELAND-ZP91K5E,screw,91,80.0,27.0,GUNTNER-GACV-120,air_cooled,125.0,2,41.25411557590549
432.4198010244336,7.006101802107565,25.435882805947237,R410A,hvac,10.115777558293704,1.6849468554096338,1.170487255868919,2.1964894685382874,214.93211915628103,467.4232317078615,COPELAND-ZP91K5E,screw,91,80.0,27.0,GUNTNER-GACV-240,air_cooled,250.0,3,141.79093373477315
333.6733408303795,-13.083006940727646,42.50191179464111,R410A,hvac,2.512160982031025,4.997090715481783,1.1370970102128255,2.189152357021994,412.19237370704815,479.7149011115833,COPELAND-ZP91K5E,screw,91,80.0,27.0,GUNTNER-GACV-240,air_cooled,250.0,3,114.37602691875942
336.9056049750828,-38.29180231476627,38.06310295150624,R717,blast_freezing,1.6540103596044273,18.77495013920765,1.183630215106382,0.30715591837373424,1615.7455907421822,520.3392957345683,BITZER-CSH8561-90,screw,856,300.0,82.5,BAC-VXC-584,evaporative,565.0,4,81.0703867959397
448.8171125342551,-17.18872730678923,32.356517444619236,R717,ice_making,3.1610774065541536,5.817353206743867,1.1383463112904877,0.3929718742937862,804.480306611616,576.7024394819201,BITZER-CSH9563-160,screw,1417,500.0,135.0,BAC-VXC-584,evaporative,565.0,2,219.05397011835626
535.4646032674361,-27.87692526667873,28.14258042070031,R717,process_cooling,2.5937932227053198,8.344579250723662,1.1837227194789675,0.4840906401160508,1562.4198656541541,751.0921491230262,BITZER-CSH9563-160,screw,1417,500.0,135.0,BAC-VXC-584,evaporative,565.0,4,135.5237770577642
557.5121959620222,-19.35383414857466,49.40854553775794,R410A,cold_storage,1.7866177120358913,7.385710797352266,1.1531160783772039,3.910113422136195,919.1683416486977,860.0102007113128,COPELAND-ZP91K5E,screw,91,80.0,27.0,GUNTNER-GACV-240,air_cooled,250.0,3,183.79622609468092
804.3993975380148,6.0295188274991744,33.735137666031,R717,ice_making,6.741533750358663,2.433463292436852,1.1535258735522345,0.6933913824511613,600.512199243833,904.9811187774511,BITZER-CSH9563-160,screw,1417,500.0,135.0,BAC-VXC-584,evaporative,565.0,3,262.6938860960152
491.26810861456335,-14.296987909293417,48.17436090626082,R717,process_cooling,2.398904897181869,7.968701560965748,1.1968830009781652,0.47058955586967505,857.7887587264671,694.1590918932105,BITZER-CSH9563-160,screw,1417,500.0,135.0,BAC-VXC-584,evaporative,565.0,2,244.96443639047175
293.43189297889506,-21.673906344831643,45.713065322838915,R410A,process_cooling,1.8602314579043215,7.397800577998933,1.1472865989183407,2.091146509338555,535.0216658660111,472.81947124577204,COPELAND-ZP91K5E,screw,91,80.0,27.0,GUNTNER-GACV-240,air_cooled,250.0,4,76.87783901984614
288.8121701930571,-11.926282205352472,47.08291237785113,R410A,hvac,2.2824334712571317,5.3458827008060785,1.148825669935564,1.921652872046421,347.67486400886565,410.805509659451,COPELAND-ZP91K5E,screw,91,80.0,27.0,GUNTNER-GACV-240,air_cooled,250.0,2,142.82638987721398
376.78605138489513,8.044137367234342,40.506250572456345,R410A,blast_freezing,5.195384373654773,2.3923739161106705,1.1916943177034292,2.1429003796991637,203.0974836267878,429.09451731191166,COPELAND-ZP91K5E,screw,91,80.0,27.0,GUNTNER-GACV-240,air_cooled,250.0,2,179.91708146012346
506.3044764379751,-30.055610794581863,25.88187265857982,R717,hvac,2.5713115025035855,8.653564907362139,1.1124312646534544,0.4454462644162308,1586.1668614912362,697.4812784617739,BITZER-CSH9563-160,screw,1417,500.0,135.0,BAC-VXC-584,evaporative,565.0,3,167.39337288578855
219.14980304849337,-39.453179566429206,29.09070936390947,R410A,cold_storage,1.8098702962685347,10.26437061004636,1.193443363445988,1.2762440588648298,660.1869334378042,332.9183986163898,COPELAND-ZP91K5E,screw,91,80.0,27.0,GUNTNER-GACV-240,air_cooled,250.0,4,53.6091578263643
574.7300710146632,-20.433840491769832,35.68156364036852,R717,process_cooling,2.6773856554563267,7.38543635337188,1.137260764068688,0.5336348523730117,1248.7525427299292,802.0123496417241,BITZER-CSH9563-160,screw,1417,500.0,135.0,BAC-VXC-584,evaporative,565.0,4,145.9798183828994
502.66115932462714,-25.908566502749252,27.957844045014753,R717,ice_making,2.747275681807632,7.5607540935760555,1.1755102205296442,0.4493736300070856,1329.3533933824997,688.7169753809809,BITZER-CSH9563-160,screw,1417,500.0,135.0,BAC-VXC-584,evaporative,565.0,4,126.23139840618524
547.9375353956975,4.127976621403846,25.462906637905842,R717,ice_making,8.917925527722991,2.0357391136419354,1.1322392850060943,0.46404581939772005,428.80941738047756,606.0249160084162,BITZER-CSH9563-160,screw,1417,500.0,135.0,BAC-VXC-584,evaporative,565.0,3,181.64030551889098
691.3731897671953,-7.142612641662204,48.02385640992701,R717,hvac,2.882441250153178,5.9224011716562055,1.1784278174934348,0.65687809859878,908.985455844255,929.97616099421,BITZER-CSH9563-160,screw,1417,500.0,135.0,BAC-VXC-584,evaporative,565.0,4,172.61057382407546
143.04566344003885,-14.16023495332476,32.36061083970278,R410A,cold_storage,3.2426022274240403,4.043990415027595,1.1959079326664082,0.8363879330387213,163.48919743396314,190.73045977569393,COPELAND-ZP91K5E,screw,91,80.0,27.0,GUNTNER-GACV-240,air_cooled,250.0,2,72.88722587620305
254.86659546095683,-37.9269447613384,27.343204736540493,R717,hvac,2.0346947290785886,13.470891671491238,1.1691620346275151,0.2324575294361328,1201.0610350973009,384.2049194733104,BITZER-CSH8561-90,screw,856,300.0,82.5,BAC-VXC-438,evaporative,425.0,4,64.40019460999991
595.5612785146548,-21.718923945262212,45.23588439306968,R717,cold_storage,2.1284528977783426,10.189777013033234,1.1275042275228844,0.5572016879271123,1376.2575068918227,856.2374755205792,BITZER-CSH9563-160,screw,1417,500.0,135.0,BAC-VXC-584,evaporative,565.0,3,194.18129828670294
726.5134061954933,-26.889125055780436,38.320430363236696,R717,process_cooling,2.1523030250876016,10.70345210201585,1.1894785084008186,0.6719679378409367,2075.6131276925316,1055.0705223790949,BITZER-CSH9563-160,screw,1417,500.0,135.0,BAC-VXC-584,evaporative,565.0,4,180.09305093172128
274.0527633054848,1.6742033971653782,45.512482842582756,R410A,cold_storage,3.497112607894694,3.278789602471141,1.1714288120164147,1.7397801460286695,201.10178476480573,350.5604851967756,COPELAND-ZP91K5E,screw,91,80.0,27.0,GUNTNER-GACV-240,air_cooled,250.0,4,68.15203439975949
491.9546593126438,-9.319059742318203,40.299441563397,R410A,process_cooling,2.9642414787303464,4.155473952011637,1.1950630545746619,3.052414987780179,505.32795842990777,662.4346267226117,COPELAND-ZP91K5E,screw,91,80.0,27.0,GUNTNER-GACV-240,air_cooled,250.0,3,165.11071184857283
252.12105334631292,4.129468371815186,45.26118295120415,R717,cold_storage,4.270122782839975,3.590978043894849,1.1583041487093746,0.24377180404836338,225.24993682513986,324.3344077395747,BITZER-CSH8561-90,screw,856,300.0,82.5,BAC-VXC-438,evaporative,425.0,2,131.39615534738493
374.06055884937797,-14.271001921909956,41.70216933449373,R410A,process_cooling,2.4882607495046445,5.114138361913342,1.1116269246661423,2.411553394400093,473.2129985766656,533.1744888344223,COPELAND-ZP91K5E,screw,91,80.0,27.0,GUNTNER-GACV-240,air_cooled,250.0,3,126.77541889534223
457.39389857850006,-10.135485222386468,47.537280020861495,R410A,process_cooling,2.3602446849200347,5.075910240506402,1.1363999516033292,3.0021069858663907,510.93168967528345,634.7191538305248,COPELAND-ZP91K5E,screw,91,80.0,27.0,GUNTNER-GACV-240,air_cooled,250.0,3,148.60946644436487
481.74486225003614,-38.63562099300995,31.04692877542771,R717,process_cooling,1.8629002760451836,15.621100515870372,1.1688861111522637,0.4417760298826582,2363.659077029611,739.5118192550792,BITZER-CSH9563-160,screw,1417,500.0,135.0,BAC-VXC-584,evaporative,565.0,3,160.40106644720825
526.0131208799244,-6.053604397960612,33.158274452187854,R717,ice_making,4.3567313367914355,3.76124294068838,1.1078566846003726,0.47579292021756225,632.2269221313945,658.4183882627729,BITZER-CSH9563-160,screw,1417,500.0,135.0,BAC-VXC-584,evaporative,565.0,4,133.87604513419242
302.1467996182486,-33.30756956384484,49.11733743577304,R410A,ice_making,1.3101510085982233,12.796519206018782,1.121885052271665,2.24294077479604,898.7936654935261,534.1379069639949,COPELAND-ZP91K5E,screw,91,80.0,27.0,GUNTNER-GACV-240,air_cooled,250.0,2,151.46224531097954
688.222486546187,-39.27615659561465,42.98695748329732,R717,process_cooling,1.4870462737519157,22.66316696064079,1.1019172316117976,0.6332405245064396,3497.398132059334,1090.8486767167738,BITZER-CSH9563-160,screw,1417,500.0,135.0,BAC-VXC-584,evaporative,565.0,2,326.118270709083
112.33935662148744,-32.68092367098755,37.63671062540395,R717,process_cooling,1.8984032297451936,13.91174542689912,1.1569339174285753,0.1031658710911625,414.6479357640116,168.00368402682324,BITZER-N320VLD,screw,320,150.0,42.5,BAC-VXC-292,evaporative,250.0,4,27.509865871358677
769.743532968898,-3.13109834813622,32.26764785473252,R717,cold_storage,4.954699216394375,3.271492321324563,1.1129460866454208,0.655961029870528,783.055111347843,893.4763811902504,BITZER-CSH9563-160,screw,1417,500.0,135.0,BAC-VXC-584,evaporative,565.0,3,247.81026238695276
252.0531561779779,-37.950348876482046,45.69947989584274,R717,ice_making,1.463161726719115,22.731141274426413,1.1659163044269474,0.2467515204057636,1276.381013593614,423.152010077714,BITZER-CSH8561-90,screw,856,300.0,82.5,BAC-VXC-438,evaporative,425.0,2,125.67989730716037
128.6186553806459,-30.171367190055378,33.57153708123997,R717,blast_freezing,2.1816822778854807,10.943218889193805,1.1335780782077347,0.11785725110969351,421.8923979544385,187.38562763694904,BITZER-N320VLD,screw,320,150.0,42.5,BAC-VXC-292,evaporative,250.0,2,64.24524311988736
428.1729920301845,-32.61224259085654,44.41409084220854,R717,blast_freezing,1.6823602145963632,16.710143353015393,1.1800281763739793,0.40934281879556733,1639.9791046908374,674.4596419981485,BITZER-CSH9563-160,screw,1417,500.0,135.0,BAC-VXC-584,evaporative,565.0,2,211.50851810917882
732.2153767964488,-28.794438210997036,41.23550179454925,R717,blast_freezing,1.944708123641576,12.710547664506603,1.123494856821632,0.6890084388176999,2317.2155231305583,1100.5842909881392,BITZER-CSH9563-160,screw,1417,500.0,135.0,BAC-VXC-584,evaporative,565.0,2,363.41720835647976
657.8099979223597,-39.79776009281451,27.449137251600074,R717,hvac,1.9385163763164852,14.922583697051797,1.1909844428710215,0.5874935903472742,3330.2431407111135,983.7683294907254,BITZER-CSH9563-160,screw,1417,500.0,135.0,BAC-VXC-584,evaporative,565.0,4,162.24607701606774
575.3453014129914,-39.271123781092264,42.973542814834225,R717,ice_making,1.4875448931277486,22.648838066662705,1.14545238986041,0.5662717584151447,3126.745694360628,975.4241552173117,BITZER-CSH9563-160,screw,1417,500.0,135.0,BAC-VXC-584,evaporative,565.0,2,291.6504592008673
295.85672925305283,-15.214232716238342,42.74196174602672,R717,process_cooling,2.628469347528642,7.164252247144267,1.1590077978574456,0.2791016952596826,527.6661574580048,411.0412876299175,BITZER-CSH8561-90,screw,856,300.0,82.5,BAC-VXC-438,evaporative,425.0,3,99.2530018973254
425.2134275913968,-4.0258356857391036,32.48430591725493,R410A,blast_freezing,4.47844435031215,2.8651052936445516,1.1830943460384158,2.471010241894534,343.1077112440489,538.260839070702,COPELAND-ZP91K5E,screw,91,80.0,27.0,GUNTNER-GACV-240,air_cooled,250.0,2,220.0050835227626
123.8495147704953,2.171870909800184,36.27479492510005,R717,ice_making,5.26823442495729,3.0094303844215298,1.1135094909555006,0.10930252788508478,108.07152704833622,145.66090090131394,BITZER-N320VLD,screw,320,150.0,42.5,BAC-VXC-116,evaporative,105.0,4,30.60573841348567
632.1052458053924,4.133864506340018,40.078069379930376,R717,blast_freezing,4.993875043658185,3.1175648240591243,1.1421884469286965,0.5931039497296604,547.9569917032147,785.6275737411597,BITZER-CSH9563-160,screw,1417,500.0,135.0,BAC-VXC-584,evaporative,565.0,2,327.27792167329045
673.542799363813,-26.53033640727834,47.369995172079605,R410A,cold_storage,1.5925389966185635,9.295844466638727,1.1231747742341145,4.611730263285901,1415.7382707394602,1063.6609354384223,COPELAND-ZP91K5E,screw,91,80.0,27.0,GUNTNER-GACV-240,air_cooled,250.0,3,217.79441197411003
374.8339376226817,-5.790376235373266,35.07333954409173,R410A,hvac,3.869123165122626,3.2423905398104647,1.1967415787684432,2.2319142036492514,328.41188664564567,485.70051484971793,COPELAND-ZP91K5E,screw,91,80.0,27.0,GUNTNER-GACV-240,air_cooled,250.0,2,192.974694784672
667.384018182784,-8.14994575686077,27.682099824608194,R717,ice_making,4.794865661184027,3.474956864500058,1.1803847899730358,0.5677683113858673,815.9723099811453,788.5891511182838,BITZER-CSH9563-160,screw,1417,500.0,135.0,BAC-VXC-584,evaporative,565.0,2,326.25251926088106
441.03148662186163,4.892267141218731,48.00499550009606,R410A,process_cooling,3.5593860579840806,3.1447539082231106,1.117418233881214,2.9033969037029617,303.3423180481645,569.010955150333,COPELAND-ZP91K5E,screw,91,80.0,27.0,GUNTNER-GACV-240,air_cooled,250.0,4,111.0527620849129
541.7860769843667,-34.92401696392043,31.753443660419183,R410A,ice_making,1.8985604465782189,9.001534522807358,1.1669002553715024,3.3487951448255693,1433.2456274887986,847.5514187881852,COPELAND-ZP91K5E,screw,91,80.0,27.0,GUNTNER-GACV-240,air_cooled,250.0,4,138.78679001261574
763.2507568635998,-24.880292625141287,39.59926069589643,R410A,hvac,2.0075056502763715,7.236859747500783,1.1696297646488685,4.82177303137664,1390.2820923162208,1132.9269478227272,COPELAND-ZP91K5E,screw,91,80.0,27.0,GUNTNER-GACV-240,air_cooled,250.0,2,378.1135455049751
660.3991992620416,-37.664518796536605,29.536855280002094,R717,cold_storage,1.9626603130092939,14.192565853873358,1.1003395590788854,0.6011638316869576,3066.3831807000806,996.4493104841032,BITZER-CSH9563-160,screw,1417,500.0,135.0,BAC-VXC-584,evaporative,565.0,2,330.0566566853812
670.7303813181261,-14.693177356115893,35.11638778321458,R410A,hvac,2.9506189443757274,4.418389578515553,1.1956103891994294,4.057495577916984,808.028972129962,919.6896162797045,COPELAND-ZP91K5E,screw,91,80.0,27.0,GUNTNER-GACV-240,air_cooled,250.0,4,171.72332000051628
684.0395011475413,-6.515208374940762,28.569375518426764,R717,hvac,4.94262071208292,3.3445495801113516,1.178169966504131,0.5755142847070639,777.9650065618519,793.6941549236233,BITZER-CSH9563-160,screw,1417,500.0,135.0,BAC-VXC-584,evaporative,565.0,4,165.03363411736416
483.3719354851278,-10.395853292549155,25.873368351534644,R717,cold_storage,4.687360913396144,3.6013905249621416,1.1713596002583175,0.4310820735548461,674.8117037646048,604.1384614188648,BITZER-CSH9563-160,screw,1417,500.0,135.0,BAC-VXC-584,evaporative,565.0,4,124.47842916316193
762.3882002228933,-12.623933594293543,32.1690339096277,R717,ice_making,3.633645428070508,4.766565684420384,1.1523431423170576,0.6855626972828613,1169.9568111719561,980.8048574468496,BITZER-CSH9563-160,screw,1417,500.0,135.0,BAC-VXC-584,evaporative,565.0,2,384.567306822949
401.878447216427,-27.50084288086323,43.89470267135927,R717,cold_storage,1.907297112151595,12.846156435962166,1.1002360558414896,0.39569842681331335,1255.8953917347403,629.5288189577309,BITZER-CSH9563-160,screw,1417,500.0,135.0,BAC-VXC-584,evaporative,565.0,4,103.24869217835865
399.98508264017255,-16.59785839002061,47.7828330726948,R717,ice_making,2.287080903780939,8.700074685138327,1.1820161968279135,0.3976239823199379,794.7390187808294,594.3071496821783,BITZER-CSH9563-160,screw,1417,500.0,135.0,BAC-VXC-584,evaporative,565.0,4,103.3765651657028
577.5036473814356,-33.31812464138858,29.43241169858471,R410A,blast_freezing,2.0854560743612964,7.9169048822406864,1.1454837905971145,3.193249444336592,1280.1487635729268,805.6215701455453,COPELAND-ZP91K5E,screw,91,80.0,27.0,GUNTNER-GACV-240,air_cooled,250.0,3,181.506218919278
390.9059718358054,9.652307693457217,25.355512947997234,R717,hvac,12.614644413928248,1.6688344842241465,1.111131865128359,0.3331917745510206,255.64211280246437,424.53466875870663,BITZER-CSH9563-160,screw,1417,500.0,135.0,BAC-VXC-438,evaporative,425.0,3,131.11748704694256
777.842366162087,-15.406081049433755,49.663132480645544,R717,cold_storage,2.2664578336007772,8.684059016352839,1.1737260935337428,0.7242651263859379,1379.8338063647088,1077.379914589153,BITZER-CSH9563-160,screw,1417,500.0,135.0,BAC-VXC-584,evaporative,565.0,3,249.18288367973676
514.8567204842598,-37.4675830653184,30.052755545800135,R410A,blast_freezing,1.8570572741334481,9.630138764682263,1.1573560401399599,3.0020875516035312,1427.7992601158362,773.1710056279444,COPELAND-ZP91K5E,screw,91,80.0,27.0,GUNTNER-GACV-240,air_cooled,250.0,2,251.27652377671282
501.3894625943323,-12.37225280704601,37.44084521571185,R410A,ice_making,2.950822482877011,4.3095439910745,1.1494775616852029,2.9339482712286835,539.0321848259813,652.7256343913705,COPELAND-ZP91K5E,screw,91,80.0,27.0,GUNTNER-GACV-240,air_cooled,250.0,2,243.7565197449261
721.1307053336557,-31.319185193481857,38.49745669962428,R410A,blast_freezing,1.7666228861785735,9.142958536957405,1.1071459422085241,4.657787570435478,1723.4205649087164,1136.1362191444584,COPELAND-ZP91K5E,screw,91,80.0,27.0,GUNTNER-GACV-240,air_cooled,250.0,4,181.36951882601505
527.3164388065842,1.8998884205020588,44.27645763747937,R717,ice_making,4.092605457438255,3.7936322164633625,1.1302969935472764,0.49427539961904116,493.3651013986153,664.5285486832256,BITZER-CSH9563-160,screw,1417,500.0,135.0,BAC-VXC-584,evaporative,565.0,2,267.01981801792334
436.9222304772101,-27.686119741357714,37.55772103692049,R410A,blast_freezing,1.9711373596656316,7.697714079554628,1.1280108538595173,2.7871934941486582,894.476464233034,668.7056051058671,COPELAND-ZP91K5E,screw,91,80.0,27.0,GUNTNER-GACV-240,air_cooled,250.0,4,110.90959801588626
732.80885529679,-19.725053884930475,41.7323007977565,R717,ice_making,2.3961960252264545,8.476894844665809,1.1537694970700898,0.6918655982650939,1571.9161295833333,1044.9488444625,BITZER-CSH9563-160,screw,1417,500.0,135.0,BAC-VXC-584,evaporative,565.0,3,245.75556976760603
134.39992265771647,-11.710763692252126,35.91256802504101,R717,blast_freezing,3.3900371971710914,5.113927863944204,1.1703381795072543,0.11908971180145556,196.13031322980606,170.40543948420185,BITZER-N320VLD,screw,320,150.0,42.5,BAC-VXC-292,evaporative,250.0,3,43.86301318995543
519.1367150416307,-29.282262039148602,39.34023700268276,R410A,process_cooling,1.8169271660735413,8.579914986520395,1.1229955134526834,3.3953499536777825,1159.3490353231623,817.137704140167,COPELAND-ZP91K5E,screw,91,80.0,27.0,GUNTNER-GACV-240,air_cooled,250.0,2,263.5282358302325
453.0203258955594,-33.96988925439526,28.392621076948267,R717,hvac,2.2011843948005536,11.340263872387021,1.1920970533624224,0.4264731429809272,1821.0975689940738,688.0418672720365,BITZER-CSH9563-160,screw,1417,500.0,135.0,BAC-VXC-584,evaporative,565.0,2,236.55416783683907
749.049757099034,-8.244594930830292,29.751367823595174,R717,process_cooling,4.480895539994404,3.711583970554962,1.1842619742932992,0.6494075238547729,936.6392591744884,904.9047001853007,BITZER-CSH9563-160,screw,1417,500.0,135.0,BAC-VXC-584,evaporative,565.0,2,369.90154305918657
218.82328875110952,-20.888026542102846,47.40181780750006,R717,process_cooling,2.0816262386055078,10.398417443557781,1.1239563191422097,0.219236052504892,522.8821086809411,336.20090443494087,BITZER-CSH8561-90,screw,856,300.0,82.5,BAC-VXC-438,evaporative,425.0,3,75.70079020261807
134.4804860625275,-21.901796201936598,35.28146458921913,R717,blast_freezing,2.598741363876227,7.798503863765965,1.172050869763524,0.12425567597517873,309.287795841368,188.2599813850974,BITZER-N320VLD,screw,320,150.0,42.5,BAC-VXC-292,evaporative,250.0,3,45.31575082508465
375.99150601064713,2.5459893468228785,37.52366494915278,R717,hvac,5.124759755147581,3.0753160493111156,1.1835058056040482,0.3292414913244082,321.3248154560429,438.4886012228533,BITZER-CSH9563-160,screw,1417,500.0,135.0,BAC-VXC-584,evaporative,565.0,3,122.29860579424953
564.9457847068704,6.872911971826987,42.364271977416294,R717,process_cooling,5.1127670827461715,3.0101136864855986,1.1495070119266781,0.5290626139376239,445.33129720705233,692.8111500482185,BITZER-CSH9563-160,screw,1417,500.0,135.0,BAC-VXC-584,evaporative,565.0,3,193.1575882944062
359.9981555013589,-5.285145833289782,34.58841541812036,R717,hvac,4.285118599536453,3.803805512054179,1.1293757783135936,0.31216205290344723,403.175696650128,431.02347925369315,BITZER-CSH8561-90,screw,856,300.0,82.5,BAC-VXC-584,evaporative,565.0,4,87.36732643752359
251.63000734529652,-2.3181173347413093,34.209587166585514,R410A,cold_storage,4.478826252879991,2.8301963434777813,1.1721112170142267,1.4043751238935394,184.4643162498207,301.8491517275461,COPELAND-ZP91K5E,screw,91,80.0,27.0,GUNTNER-GACV-240,air_cooled,250.0,4,61.68884733551442
635.6756484208613,-15.46530543151303,43.52199921927412,R410A,hvac,2.296440327439413,5.576366172328173,1.1803262841015,4.151170686209185,849.395336655794,916.8331941052107,COPELAND-ZP91K5E,screw,91,80.0,27.0,GUNTNER-GACV-240,air_cooled,250.0,3,212.90164655821863
381.68896811664257,-18.755248228780474,49.355341235182394,R410A,hvac,1.8147013959359486,7.213664132641383,1.1952985510554588,2.7351999560016407,629.2267190676076,599.808678549604,COPELAND-ZP91K5E,screw,91,80.0,27.0,GUNTNER-GACV-240,air_cooled,250.0,3,128.9033889266872
506.4157637369563,-35.87510005237851,48.63829662090538,R717,hvac,1.457605801535602,22.055235657760456,1.1032080203292505,0.5210769132489567,2436.732736828549,884.9764187796885,BITZER-CSH9563-160,screw,1417,500.0,135.0,BAC-VXC-584,evaporative,565.0,4,131.2198605477604
767.1366364245142,-18.424103801794303,41.52151129290218,R717,ice_making,2.4864458096186683,7.958777728695405,1.1628128461379457,0.7431814448704235,1600.1746398896687,1113.4284158972907,BITZER-CSH9563-160,screw,1417,500.0,135.0,BAC-VXC-584,evaporative,565.0,4,198.51731320334034
140.5746112664548,-16.768233941545628,45.840942698871984,R410A,cold_storage,2.089213020374858,6.176760094710544,1.1989350343504757,0.9419728334326162,201.82951295845862,207.49725595005788,COPELAND-ZP91K5E,screw,91,80.0,27.0,GUNTNER-GACV-240,air_cooled,250.0,4,35.08223340084783
663.8946346971293,-18.471934549942084,25.24836570774011,R410A,hvac,3.504534920912416,3.9337088388716603,1.1502717482067564,3.642129098059759,829.3626829582773,863.4516734966134,COPELAND-ZP91K5E,screw,91,80.0,27.0,GUNTNER-GACV-240,air_cooled,250.0,2,335.88334816108124
496.83326733488394,-37.50244424245773,46.288669835342006,R717,cold_storage,1.4630943389413837,22.555163961510793,1.1855349936260917,0.4932655314026202,2496.148116175658,844.069768198995,BITZER-CSH9563-160,screw,1417,500.0,135.0,BAC-VXC-584,evaporative,565.0,3,167.12767621861744
312.7348828283166,-25.20837065134781,37.79087932624404,R717,process_cooling,2.266754651335271,9.745722633176216,1.1603777233613337,0.2865590622978942,822.145383201125,444.8153886910241,BITZER-CSH8561-90,screw,856,300.0,82.5,BAC-VXC-584,evaporative,565.0,2,154.32554001090236
423.77559288464676,-39.65076570296623,27.009078213507703,R410A,blast_freezing,1.8881185330931756,9.808487804184148,1.115394153136234,2.514031895570148,1311.5079072218084,659.1923505935819,COPELAND-ZP91K5E,screw,91,80.0,27.0,GUNTNER-GACV-240,air_cooled,250.0,4,107.73737986923909
185.2722686114674,1.3043279518208024,34.9630677248435,R410A,cold_storage,4.971545719558763,2.5683554291866773,1.1066334819236214,1.0478100416103417,122.54518266865705,221.06822500627257,COPELAND-ZP91K5E,screw,91,80.0,27.0,GUNTNER-GACV-240,air_cooled,250.0,3,61.34931888520575
77.08100067324325,-13.06206974935882,30.29290986555317,R410A,cold_storage,3.5652442084264044,3.6885832037610444,1.1729764385353836,0.42976981306713413,80.86211016316614,98.11126310890809,COPELAND-ZP91K5E,screw,91,80.0,27.0,GUNTNER-GACV-120,air_cooled,125.0,2,38.31017538281957
623.7119767073525,-24.637781395859292,25.654789076906457,R410A,ice_making,2.886093199971145,5.031320247860472,1.193751810255129,3.4658840666405193,990.236483640073,844.6669220873325,COPELAND-ZP91K5E,screw,91,80.0,27.0,GUNTNER-GACV-240,air_cooled,250.0,2,313.65530040490387
61.956533309575484,-17.493556818181535,37.11816848158769,R410A,hvac,2.584954647494241,5.141631236332827,1.164211424057579,0.3746709530759335,82.37859235440547,85.51485442243653,COPELAND-ZP91K5E,screw,91,80.0,27.0,GUNTNER-GACV-120,air_cooled,125.0,3,20.55367892622932
177.6795592420753,-33.287977309107944,49.003067988497264,R410A,ice_making,1.3143849346565877,12.752146799988235,1.1986489933555489,1.3073171554587928,523.4546538681718,311.4250716148534,COPELAND-ZP91K5E,screw,91,80.0,27.0,GUNTNER-GACV-240,air_cooled,250.0,4,44.2161129157248
690.2788650980947,-4.878486000451794,48.02599516136315,R410A,cold_storage,2.6765688785051487,4.296827308161619,1.1871122369049676,4.503416832552631,643.0354290609573,925.4042169499837,COPELAND-ZP91K5E,screw,91,80.0,27.0,GUNTNER-GACV-240,air_cooled,250.0,4,168.42524980334628
441.7573909699315,-33.137378231210235,43.66853510513936,R410A,blast_freezing,1.4991368851839761,11.181246733425809,1.1825534698391649,3.1297015396339143,1245.5410201570837,758.9489959167237,COPELAND-ZP91K5E,screw,91,80.0,27.0,GUNTNER-GACV-240,air_cooled,250.0,2,227.63227586638288
522.6694401597091,-36.20877055025202,36.95801563063877,R410A,cold_storage,1.633708973817542,10.846230842727133,1.1617350793133987,3.276489733907144,1478.6049181282553,824.4098157335404,COPELAND-ZP91K5E,screw,91,80.0,27.0,GUNTNER-GACV-240,air_cooled,250.0,4,127.84686230108677
578.4710651008216,-10.47741173157933,49.244937644982514,R717,hvac,2.577507895800054,6.993450973395029,1.1061519904594266,0.570345308573584,895.6146305202279,823.8855976738596,BITZER-CSH9563-160,screw,1417,500.0,135.0,BAC-VXC-584,evaporative,565.0,2,296.79482129632254
721.2449524461792,-29.241013291550225,36.77662387693105,R410A,ice_making,1.934348005319389,8.042952872486266,1.1035024932265982,4.495224111918364,1532.4301558156358,1089.7851399985916,COPELAND-ZP91K5E,screw,91,80.0,27.0,GUNTNER-GACV-240,air_cooled,250.0,2,359.1979731036604
382.50694190938503,-23.008681595629984,42.79060796233689,R717,cold_storage,2.1649258013411496,10.113429117923863,1.1456291580297413,0.36948530784911016,964.0345641096735,570.2621298652348,BITZER-CSH9563-160,screw,1417,500.0,135.0,BAC-VXC-584,evaporative,565.0,3,130.0267658670806
57.7416137247015,-25.752975495529494,39.55528067994022,R717,hvac,2.1593461122503106,10.502646282867765,1.1863464864191646,0.055730681478175406,163.7438219827773,87.05706018598758,BITZER-4NES-20Y,screw,134,50.0,15.0,BAC-VXC-116,evaporative,105.0,4,14.875413912996096
51.96454365478782,-14.440534388042284,29.531922057117924,R410A,cold_storage,3.495157338036592,3.7991084703139673,1.1668792528961904,0.2898116764101586,57.206728347176195,66.71825878359174,COPELAND-ZP61K5E,screw,61,55.0,18.5,GUNTNER-GACV-060,air_cooled,65.0,4,12.969001651805849
38.727708121027206,-33.36525082343552,33.370438204541784,R717,blast_freezing,2.0248892462509005,12.742844265653055,1.1734487798535838,0.03576072386800255,148.4129771012725,58.03194863577049,BITZER-4EC-6.2Y,reciprocating,103,50.0,15.0,BAC-VXC-116,evaporative,105.0,3,12.949043658066493
270.73000363544827,-35.883847953268614,38.206738724406904,R717,cold_storage,1.7435439074002743,16.62891653185491,1.1575625565864174,0.2563718914282928,1199.3870009861428,427.1582321232396,BITZER-CSH8561-90,screw,856,300.0,82.5,BAC-VXC-438,evaporative,425.0,3,90.48748118634076
734.0392560951057,-10.122437308020086,37.43365970523847,R717,process_cooling,3.4169166127434694,5.002925033252271,1.1597864380411635,0.6722338196973515,1041.3293315373478,955.5239827891901,BITZER-CSH9563-160,screw,1417,500.0,135.0,BAC-VXC-584,evaporative,565.0,2,369.5955863471962
91.53482750240366,-23.44629793240701,49.26697272440971,R717,process_cooling,1.895262825097017,12.261204978158977,1.1287614215839725,0.09223553876488355,245.20749717920745,144.12788834555482,BITZER-6FE-35Y,screw,232,100.0,30.0,BAC-VXC-116,evaporative,105.0,4,23.586824870718807
308.20984945134154,-15.43131307753102,30.4786856136455,R717,cold_storage,3.4887282399131063,5.104216620362199,1.1457854583321907,0.26866746167381295,512.369140434158,389.3389668749943,BITZER-CSH8561-90,screw,856,300.0,82.5,BAC-VXC-438,evaporative,425.0,3,100.86731148462074
327.3311919334153,-3.8430607521055435,29.772288553842408,R410A,ice_making,4.966299634638638,2.656888134922126,1.1321044119661814,1.7807909001199123,245.79618839591762,391.0068010507228,COPELAND-ZP91K5E,screw,91,80.0,27.0,GUNTNER-GACV-240,air_cooled,250.0,3,108.49030119805798
548.3985550550152,-21.700823854268716,30.501918362377744,R717,process_cooling,2.9097477219045933,6.7236222249391275,1.1506540679734483,0.4860372767296684,1199.5674160977835,729.8058827968932,BITZER-CSH9563-160,screw,1417,500.0,135.0,BAC-VXC-584,evaporative,565.0,2,271.57135906794065
419.89225568580395,-2.183931456579913,48.65685401097248,R410A,blast_freezing,2.829520299427541,3.991496309472573,1.1337860640573478,2.789205227901528,364.77407370051435,563.8468401258677,COPELAND-ZP91K5E,screw,91,80.0,27.0,GUNTNER-GACV-240,air_cooled,250.0,2,208.3049514246876
20.812485710345605,9.405965645671692,44.78245288068684,R717,process_cooling,5.173115514501927,2.940970694238469,1.1152491629077936,0.020022902471112988,15.488165011585044,25.946321450682593,BITZER-4CC-9.2Y,reciprocating,48,25.0,8.0,BAC-VXC-116,evaporative,105.0,4,5.435801327768041
650.5966897934094,-25.266884378123997,34.71324066871742,R410A,hvac,2.245677881378982,6.513034060286205,1.168018826318861,4.005763708385451,1172.0005443848133,957.0486609217542,COPELAND-ZP91K5E,screw,91,80.0,27.0,GUNTNER-GACV-240,air_cooled,250.0,4,165.54500229103314
108.35568881052126,-27.969340155860202,26.29903345164101,R410A,hvac,2.5877547205093046,5.843868739067393,1.1485972782474407,0.6386321933621302,207.20737989749335,157.92886069974418,COPELAND-ZP91K5E,screw,91,80.0,27.0,GUNTNER-GACV-180,air_cooled,185.0,4,28.477501015064128
110.39610768592217,-11.348328669335736,30.60124184634043,R410A,ice_making,3.727814097303746,3.5002998806457426,1.1594918670935437,0.623970237387982,110.67653993283483,141.22422788802638,COPELAND-ZP91K5E,screw,91,80.0,27.0,GUNTNER-GACV-180,air_cooled,185.0,2,55.67664641277439
202.06814790604994,8.442855361328725,36.35755202370044,R717,hvac,6.738948127753502,2.4095329786210797,1.1046421660006582,0.181717855405412,145.1271929142351,235.04651167526566,BITZER-S6H-25.2,screw,418,190.0,55.0,BAC-VXC-292,evaporative,250.0,3,68.22487258135187
234.51418831456562,-23.789326198620184,46.571293806132466,R410A,hvac,1.7312997433386068,8.189785826500788,1.1968547544646462,1.6002874961684652,442.88184835402717,364.7315358334812,COPELAND-ZP91K5E,screw,91,80.0,27.0,GUNTNER-GACV-240,air_cooled,250.0,4,57.79845437287456
297.718700267071,-38.43243967332561,48.099275869997925,R410A,blast_freezing,1.2005441104171826,15.623531375214169,1.159606203077104,2.3451229554940247,1161.607186898443,577.9774829654239,COPELAND-ZP91K5E,screw,91,80.0,27.0,GUNTNER-GACV-240,air_cooled,250.0,3,105.10846837729582
235.049273451269,-23.48743158426015,43.151358371636334,R717,hvac,2.1252456541289924,10.439149316170667,1.1013251229503147,0.22185097693992017,590.8313724051374,343.6175395781765,BITZER-CSH8561-90,screw,856,300.0,82.5,BAC-VXC-438,evaporative,425.0,3,77.88952330901316
94.50665319355531,-7.089103087211036,25.650447815023348,R410A,ice_making,5.111380893257282,2.6575293712214356,1.1989116410934517,0.5046132596423972,77.51919732192651,113.70614838723509,COPELAND-ZP91K5E,screw,91,80.0,27.0,GUNTNER-GACV-120,air_cooled,125.0,2,47.55025455487701
31.535476403925507,-7.2123000044437475,28.284856825463923,R717,cold_storage,4.864136153833919,3.4088622955286847,1.1743848050864656,0.028688142665256357,39.802203721848116,39.68859002173238,BITZER-4DC-10.2Y,reciprocating,67,37.5,12.0,BAC-VXC-116,evaporative,105.0,3,10.973523383217367
184.29174771445008,-15.569341324749928,39.44781521940588,R717,blast_freezing,2.8002971268046726,6.642843814154443,1.1431564205144826,0.173759766006037,333.2103902629431,255.28064911313706,BITZER-S6H-25.2,screw,418,190.0,55.0,BAC-VXC-292,evaporative,250.0,4,47.0266958337421
231.28201904740436,-34.36709131692877,36.16903005502157,R410A,cold_storage,1.7366138215981497,9.821044823930748,1.1237638814743645,1.4713252439204108,615.5245576604923,367.23014656778844,COPELAND-ZP91K5E,screw,91,80.0,27.0,GUNTNER-GACV-240,air_cooled,250.0,2,116.5193538094288
580.0931684304268,-24.14390969659616,31.34561229119557,R717,blast_freezing,2.6704175344702143,7.7054612590425196,1.175560563095163,0.5189265465395125,1421.6187359976498,791.6476756813245,BITZER-CSH9563-160,screw,1417,500.0,135.0,BAC-VXC-584,evaporative,565.0,2,287.9822001731931
564.4570688605904,7.953675441231589,48.25016927304482,R717,hvac,4.4275714339391845,3.3922261876555435,1.1540667311961863,0.5382361798909232,436.9271393165544,704.1227779456217,BITZER-CSH9563-160,screw,1417,500.0,135.0,BAC-VXC-584,evaporative,565.0,4,143.59801319811012
251.80596944434149,-30.08574360390026,47.20127310629382,R410A,blast_freezing,1.4750744402730342,10.695598002235634,1.1490094493125629,1.7536924141275632,617.9768052663659,412.8759414045097,COPELAND-ZP91K5E,screw,91,80.0,27.0,GUNTNER-GACV-240,air_cooled,250.0,2,123.03119822575434
433.3436858770125,8.439682027721055,38.17744514535114,R717,ice_making,6.27943659640119,2.536971451752382,1.1348316801147722,0.38270265002321285,305.674030776721,495.7551453492199,BITZER-CSH9563-160,screw,1417,500.0,135.0,BAC-VXC-584,evaporative,565.0,4,106.91291013164123
784.9072395150229,-22.72215250559159,47.52294654432809,R717,hvac,1.9902968694303962,11.331938934013795,1.18076129212917,0.7662974439746532,1975.0595983725939,1188.918340826528,BITZER-CSH9563-160,screw,1417,500.0,135.0,BAC-VXC-584,evaporative,565.0,3,263.7754215360075
760.6855304587839,-23.562724995026073,30.30216019883951,R410A,process_cooling,2.628870616012427,5.447285933183886,1.1544525280395357,4.35483193149548,1195.0378685996218,1044.084957938031,COPELAND-ZP91K5E,screw,91,80.0,27.0,GUNTNER-GACV-240,air_cooled,250.0,4,189.09218300816246
742.6734766232208,-38.50044302762056,45.081993276423916,R717,blast_freezing,1.4606383355676993,23.015866953126327,1.1251283268000354,0.7392503915807721,3928.9294260173137,1271.3513542671978,BITZER-CSH9563-160,screw,1417,500.0,135.0,BAC-VXC-584,evaporative,565.0,4,188.66898267580547
288.42835428421176,-29.59808248189102,37.14919534745586,R410A,ice_making,1.9006473898312854,8.236971242261221,1.1368187193212274,1.778615492574552,614.8676051842224,431.5462378131102,COPELAND-ZP91K5E,screw,91,80.0,27.0,GUNTNER-GACV-240,air_cooled,250.0,2,141.3852013461565
267.22357773371454,-28.289106236971897,34.686996216416134,R410A,ice_making,2.0827722386165277,7.344957631514593,1.138322910545799,1.6648550036741636,546.9024028369025,403.9634920309328,COPELAND-ZP91K5E,screw,91,80.0,27.0,GUNTNER-GACV-240,air_cooled,250.0,2,136.46222969008556
185.3680139517802,6.768825958583719,45.248726332444704,R717,ice_making,4.655376684424812,3.2662752938411743,1.1725911230415513,0.17394611443344088,146.9309007671587,228.4059849967503,BITZER-S6H-25.2,screw,418,190.0,55.0,BAC-VXC-292,evaporative,250.0,4,47.00464515765057
142.97924707322423,-39.93828416065592,40.056888952135296,R717,blast_freezing,1.5396191896113993,21.663797543103758,1.159548122752198,0.13695596381003694,781.8203705117539,235.7055893900652,BITZER-N320VLD,screw,320,150.0,42.5,BAC-VXC-292,evaporative,250.0,2,71.44709923599574
279.1433142231221,-30.884670506268133,41.729061543409,R410A,cold_storage,1.6527724491656615,9.711424170942939,1.1984846228634471,1.8457246921421833,671.2554714257491,444.7617889454565,COPELAND-ZP91K5E,screw,91,80.0,27.0,GUNTNER-GACV-240,air_cooled,250.0,4,69.27563947690656
450.2213284091876,9.361951284623999,36.64238281941371,R717,cold_storage,6.933809115263007,2.352612424969582,1.1851356873452787,0.40424458122764484,313.1477892943758,520.7676875069271,BITZER-CSH9563-160,screw,1417,500.0,135.0,BAC-VXC-584,evaporative,565.0,2,227.5643191127032
713.6072794350866,9.22942550665573,42.96724019574304,R717,hvac,5.458607570549688,2.8173872968771194,1.1989965076053009,0.6520030243468679,507.2937138568821,844.5211880771042,BITZER-CSH9563-160,screw,1417,500.0,135.0,BAC-VXC-584,evaporative,565.0,3,237.92072312654594
314.5453347119195,7.974768872007786,35.03931892347484,R410A,blast_freezing,6.503242281678933,2.095745454254004,1.1871351165639772,1.8012021352068188,171.07628751527218,369.11807407858606,COPELAND-ZP91K5E,screw,91,80.0,27.0,GUNTNER-GACV-240,air_cooled,250.0,2,159.96179892398644
45.988670972687345,-35.32822364479739,36.25070801465657,R717,process_cooling,1.8300738520406337,15.291965745424514,1.1282968350365965,0.042737193008777506,194.67519756669893,70.66818669663047,BITZER-4NES-20Y,screw,134,50.0,15.0,BAC-VXC-116,evaporative,105.0,2,22.848873811433727
399.7908544804811,-7.906838878670598,43.50044026687457,R410A,blast_freezing,2.8107746779401936,4.276174505346278,1.117754696988076,2.4788767506359672,391.34782065844917,527.5625199806893,COPELAND-ZP91K5E,screw,91,80.0,27.0,GUNTNER-GACV-240,air_cooled,250.0,2,194.56140778619277
186.19573941017876,-2.096499547750895,35.97903163375088,R717,blast_freezing,4.573570319624438,3.500489420137197,1.1120975296580065,0.1661010674957384,191.01246957019467,226.01699417851032,BITZER-S6H-25.2,screw,418,190.0,55.0,BAC-VXC-292,evaporative,250.0,4,46.36635751530349
395.6826756744637,-7.707332813339306,46.42664569240416,R410A,cold_storage,2.5972321739675652,4.551204319296052,1.1902536043159746,2.6398768861799073,413.9931821649211,554.201678544332,COPELAND-ZP91K5E,screw,91,80.0,27.0,GUNTNER-GACV-240,air_cooled,250.0,4,100.03457941905613
320.9531648234774,0.4985880305622814,25.728116955223985,R717,blast_freezing,7.333813987366655,2.3447692100083017,1.1645441029827561,0.27949458948648365,293.0378589782662,371.27246987782985,BITZER-CSH8561-90,screw,856,300.0,82.5,BAC-VXC-438,evaporative,425.0,3,108.9074476920887
766.9330778773037,4.6137521471184755,44.13487547807863,R717,ice_making,4.48164817145075,3.423536096883708,1.1311176106039307,0.7233718059544058,657.4069545632817,959.2197791050768,BITZER-CSH9563-160,screw,1417,500.0,135.0,BAC-VXC-584,evaporative,565.0,2,392.1161514373454
663.4021943447985,-34.18136926369681,39.85080071733801,R410A,ice_making,1.601171109826738,10.665171916169598,1.1074579063378238,4.30503013955995,1787.4076715230547,1062.5201670115543,COPELAND-ZP91K5E,screw,91,80.0,27.0,GUNTNER-GACV-240,air_cooled,250.0,4,163.51063840053396
268.49276751494426,8.554141091575346,44.16890676588409,R717,hvac,5.119728302397874,2.9798191835556325,1.119201550813229,0.23771437354912178,189.14647212533893,309.17766765192164,BITZER-CSH8561-90,screw,856,300.0,82.5,BAC-VXC-438,evaporative,425.0,3,86.2187326696994
546.1891510334679,-6.460501712738633,42.220953183941205,R717,cold_storage,3.3681654815053097,4.934254317494328,1.1828048310549835,0.5025321988384704,677.9280799004308,704.3570777880168,BITZER-CSH9563-160,screw,1417,500.0,135.0,BAC-VXC-584,evaporative,565.0,3,181.03642563483353
444.996900712873,-24.834349271027563,33.36175007276517,R410A,cold_storage,2.3493918543490233,6.189106446222963,1.113963684268571,2.6892275942065793,774.0531704070675,643.5312398806498,COPELAND-ZP91K5E,screw,91,80.0,27.0,GUNTNER-GACV-240,air_cooled,250.0,3,150.46582770258107
156.0132494519734,-31.994927645021264,30.667569639483528,R717,process_cooling,2.209724259867173,10.993887150635148,1.113730718076688,0.14026514853082972,546.0429044447501,224.41407660038817,BITZER-S6H-25.2,screw,418,190.0,55.0,BAC-VXC-292,evaporative,250.0,3,51.49904780710449
490.9950983677472,-26.66574294380119,45.972014053633885,R410A,ice_making,1.6436826705992245,9.045429380938979,1.12314427238509,3.4582919557804916,1067.162552881317,802.4664843622306,COPELAND-ZP91K5E,screw,91,80.0,27.0,GUNTNER-GACV-240,air_cooled,250.0,2,249.46266599083046
292.97164887759163,-26.939832571130346,29.29671628601082,R717,process_cooling,2.592902796593342,8.262428246295277,1.1545056716328252,0.26521170448348125,821.0421937564671,410.0058025633979,BITZER-CSH8561-90,screw,856,300.0,82.5,BAC-VXC-438,evaporative,425.0,4,73.97258235695446
301.490791985522,-5.689728644672343,44.444670921547285,R410A,blast_freezing,2.9092694463483357,4.058637834651982,1.127586484392607,1.9501086477099359,285.9936880213532,408.96778097628027,COPELAND-ZP91K5E,screw,91,80.0,27.0,GUNTNER-GACV-240,air_cooled,250.0,2,152.17644704006844
369.4969651406932,-17.85449135880552,40.4037268789281,R410A,ice_making,2.3461947009248347,5.6463989308475355,1.1838542230663611,2.3349235298662596,520.0451991484347,527.9562954182277,COPELAND-ZP91K5E,screw,91,80.0,27.0,GUNTNER-GACV-240,air_cooled,250.0,4,92.54454487419686
660.0068304126619,-13.32169604461357,32.029808779206235,R410A,cold_storage,3.3575981818061043,3.89198104199119,1.1822188563804978,3.6901331262667454,700.5803812109154,839.1016962200833,COPELAND-ZP91K5E,screw,91,80.0,27.0,GUNTNER-GACV-240,air_cooled,250.0,4,161.63527544497282
589.8499057507482,-38.157699419904205,36.24520411519329,R717,process_cooling,1.7133944716376384,17.708605573963705,1.171496619833865,0.5633581559053522,2943.9558970979324,949.9969947503414,BITZER-CSH9563-160,screw,1417,500.0,135.0,BAC-VXC-584,evaporative,565.0,4,149.97078529234398
447.0660881718452,6.882938317054538,27.126467496149495,R410A,process_cooling,9.104641615147202,1.768449706797056,1.1292130672666396,2.3146629541566077,227.35788811980242,490.1667575275443,COPELAND-ZP91K5E,screw,91,80.0,27.0,GUNTNER-GACV-240,air_cooled,250.0,3,147.21922950264658
719.8979097924444,-6.496065923688725,47.88702929282286,R717,hvac,2.9409084516993027,5.752026652184502,1.1393833259118067,0.6973876678377362,942.0387654233392,983.6613844419389,BITZER-CSH9563-160,screw,1417,500.0,135.0,BAC-VXC-584,evaporative,565.0,4,183.5146714628798
103.6131967280731,6.687081747025118,49.83311739058656,R717,cold_storage,4.068492030444803,3.6968812454639055,1.1918946628355158,0.09387174521593955,79.5114376969431,123.71922355387332,BITZER-6FE-35Y,screw,232,100.0,30.0,BAC-VXC-116,evaporative,105.0,3,33.10324990932785
550.1545037734903,-26.97773070612283,25.203061960841506,R410A,cold_storage,2.7354768804997844,5.4545070076449385,1.1527291485212854,3.138346824077298,980.0832774788353,774.2143679622213,COPELAND-ZP91K5E,screw,91,80.0,27.0,GUNTNER-GACV-240,air_cooled,250.0,3,188.98484021028614
599.7861716087945,-31.371149784760746,42.187247892502484,R410A,blast_freezing,1.6165869957655383,10.019722800635307,1.1005469722548507,3.8961400396459127,1444.587345858061,939.9965475360689,COPELAND-ZP91K5E,screw,91,80.0,27.0,GUNTNER-GACV-240,air_cooled,250.0,3,193.58375334873006
35.76252359310582,6.78682105604932,31.674025668235338,R717,process_cooling,7.6085012918925425,2.230680585828747,1.106295707056976,0.03163061059231474,26.701934394858196,41.0601625584296,BITZER-4DC-10.2Y,reciprocating,67,37.5,12.0,BAC-VXC-116,evaporative,105.0,2,18.145220014391626
682.3918692222531,-5.3605132212826305,30.518801992638515,R717,ice_making,4.8387681060388426,3.387575734425061,1.1757780965584474,0.5970269148377314,773.2415631807281,820.610771479301,BITZER-CSH9563-160,screw,1417,500.0,135.0,BAC-VXC-584,evaporative,565.0,4,170.01639542762288
496.7069781134123,-10.277734743225452,27.166355094311385,R410A,ice_making,4.315008480065242,3.0845271605161964,1.1826648937902018,2.624921107108417,448.9019012358211,597.1357960904213,COPELAND-ZP91K5E,screw,91,80.0,27.0,GUNTNER-GACV-240,air_cooled,250.0,2,242.3934066657452
208.71239680809038,-22.51193008584872,46.112121696782594,R410A,cold_storage,1.8050610339516893,7.711300434514839,1.1441976179796334,1.4472285398691729,381.9161304820458,328.17775557615573,COPELAND-ZP91K5E,screw,91,80.0,27.0,GUNTNER-GACV-240,air_cooled,250.0,2,105.59144197402921
404.6525743615409,-33.50756986314981,38.210612426977335,R717,blast_freezing,1.8422789747710888,14.736245066288715,1.1899971234874933,0.3784450980336032,1581.1575059573177,620.3868036107965,BITZER-CSH9563-160,screw,1417,500.0,135.0,BAC-VXC-584,evaporative,565.0,2,201.05794938895113
733.0208910089023,-35.349329666386645,31.71707621288403,R410A,blast_freezing,1.880764212929709,9.160102606120722,1.1247638058761005,4.441865242346791,1934.579668785394,1126.851223506343,COPELAND-ZP91K5E,screw,91,80.0,27.0,GUNTNER-GACV-240,air_cooled,250.0,2,367.8436168004596
299.28302585732604,-5.488631854453153,41.54916888027846,R410A,blast_freezing,3.191259355406315,3.7622868648406693,1.1856023208208761,1.8843944153574401,274.5285154731734,399.6520782523674,COPELAND-ZP91K5E,screw,91,80.0,27.0,GUNTNER-GACV-240,air_cooled,250.0,2,152.149190193314
661.568061055134,-28.362083108111644,33.84534524205314,R717,hvac,2.2699649568394804,10.106583523914354,1.1428822876751794,0.6029826100107398,1988.8717794103172,948.1991404591479,BITZER-CSH9563-160,screw,1417,500.0,135.0,BAC-VXC-584,evaporative,565.0,3,219.40895894981506
588.947398848871,-14.414958626819484,33.44208468807568,R410A,cold_storage,3.1193274408582496,4.194369815224425,1.1796486556804533,3.3210514849860844,654.9659426342029,755.7399473444382,COPELAND-ZP91K5E,screw,91,80.0,27.0,GUNTNER-GACV-240,air_cooled,250.0,4,143.06949312416867
800.2346089526301,-17.596063965465934,26.52638181996141,R717,blast_freezing,3.623645759489233,4.975232656064564,1.1592056696485546,0.6970063866252368,1450.7489139749007,1015.9208212585318,BITZER-CSH9563-160,screw,1417,500.0,135.0,BAC-VXC-584,evaporative,565.0,3,265.3993095077256
488.62077613871884,-20.549668684094744,34.72027075103045,R717,blast_freezing,2.726756731288027,7.221922344536244,1.1699807317860296,0.4498512581289336,1057.802105362304,675.5336348913356,BITZER-CSH9563-160,screw,1417,500.0,135.0,BAC-VXC-584,evaporative,565.0,4,123.56695237756956
519.7817906630544,-20.505875336210707,31.523660534516207,R410A,hvac,2.7673837478483514,4.999287574769253,1.1791736230536123,3.0043711712625103,736.4506578006115,707.4999478599443,COPELAND-ZP91K5E,screw,91,80.0,27.0,GUNTNER-GACV-240,air_cooled,250.0,3,173.2346183589948
186.99359719794367,-32.40069221597767,32.733293733826365,R410A,process_cooling,1.972714451428994,8.287273612205182,1.1103674715840837,1.144474574916167,442.16190968142973,285.14281900758164,COPELAND-ZP91K5E,screw,91,80.0,27.0,GUNTNER-GACV-240,air_cooled,250.0,2,94.61140129134503
629.6219023164816,1.1040387637488749,31.856435114430106,R717,blast_freezing,5.899661795527768,2.755203996179789,1.1806131262065946,0.5596960475163643,574.4473805657154,746.3695766685569,BITZER-CSH9563-160,screw,1417,500.0,135.0,BAC-VXC-584,evaporative,565.0,2,319.0973853000935
515.218897763123,-39.79418902071738,34.548249463408126,R410A,ice_making,1.5884905137750607,11.979814646594516,1.183742945180783,3.3693220645733417,1768.5141184466906,870.1716462064464,COPELAND-ZP91K5E,screw,91,80.0,27.0,GUNTNER-GACV-240,air_cooled,250.0,4,133.50052839667143
737.111115194313,-33.65684306921801,35.89175858673678,R717,ice_making,1.916533740245643,13.904350084704882,1.1909060554952289,0.6829629117586425,2873.5732709850568,1115.8331189623566,BITZER-CSH9563-160,screw,1417,500.0,135.0,BAC-VXC-584,evaporative,565.0,3,244.4147758307516
647.6809884123807,-19.553168110939588,32.65060453912753,R410A,ice_making,2.756252973749478,4.963502882628267,1.1846357438335713,3.716702911047096,880.0328174511609,868.5265495477477,COPELAND-ZP91K5E,screw,91,80.0,27.0,GUNTNER-GACV-240,air_cooled,250.0,3,212.43500741305607
451.5990938742854,-24.302664038212438,29.145308450214127,R410A,cold_storage,2.6556915542042394,5.4416022023628585,1.1772643134193814,2.5683722108588434,724.6152465802653,619.7920332488884,COPELAND-ZP91K5E,screw,91,80.0,27.0,GUNTNER-GACV-240,air_cooled,250.0,2,225.1251840666352
562.3184578515373,6.432466548256976,45.50776196266899,R410A,process_cooling,4.075242739402552,2.830072199352253,1.1029336098758211,3.6113120554329114,359.6918260101034,711.5755218156728,COPELAND-ZP91K5E,screw,91,80.0,27.0,GUNTNER-GACV-240,air_cooled,250.0,2,285.685151204932
264.68074415315647,-3.157883754784436,32.46056179952934,R717,cold_storage,4.919285337941479,3.2933803562052106,1.144297627808224,0.23901167689482564,285.5980150931164,325.6712235581109,BITZER-CSH8561-90,screw,856,300.0,82.5,BAC-VXC-438,evaporative,425.0,4,67.66313767516488
133.24887040076078,7.0100846317867465,48.94098181314642,R717,hvac,4.212766102521604,3.570859580405357,1.126799326068503,0.1257643987275915,105.37301929984922,165.38122369807633,BITZER-N320VLD,screw,320,150.0,42.5,BAC-VXC-292,evaporative,250.0,4,33.41375766178025
445.50599852372443,-34.450885612461455,26.603978369336147,R717,ice_making,2.255287977766513,11.007623200099733,1.1181890792055371,0.40009691240578343,1747.8439935993733,645.1649451434652,BITZER-CSH9563-160,screw,1417,500.0,135.0,BAC-VXC-584,evaporative,565.0,3,148.99170768672025
506.3980378688983,-24.43457172660422,42.89383784817416,R717,cold_storage,2.088296490137039,10.828215964934026,1.1286729817658587,0.47759548917709316,1324.9373763580672,743.8485849961379,BITZER-CSH9563-160,screw,1417,500.0,135.0,BAC-VXC-584,evaporative,565.0,2,251.49405087914806
215.53648631157785,2.356948095807361,25.386433235300327,R410A,cold_storage,7.822900216667908,1.9414294873011209,1.114846511619968,1.134881959181808,128.38042285349843,246.10880928515533,COPELAND-ZP91K5E,screw,91,80.0,27.0,GUNTNER-GACV-240,air_cooled,250.0,4,54.553622114062435
775.9954223230335,-39.24583235929017,35.74069162022114,R717,process_cooling,1.6858700494704482,18.490152470119803,1.1468863453054234,0.7109812619804521,3920.843996493528,1206.962002611775,BITZER-CSH9563-160,screw,1417,500.0,135.0,BAC-VXC-584,evaporative,565.0,2,378.79365970316513
241.8552109658832,-28.21081392894049,42.261211957492364,R717,cold_storage,1.9339638650741489,12.711871702411237,1.1085066594312174,0.23243021205699083,761.4643566866658,370.4986250774084,BITZER-CSH8561-90,screw,856,300.0,82.5,BAC-VXC-438,evaporative,425.0,2,122.10970991990287
186.2310828245681,-39.176082342900116,46.26887604020724,R717,blast_freezing,1.4115316214695366,24.622797697562852,1.1763384938471235,0.19302319221032097,1060.7795126282826,334.35063749622225,BITZER-S6H-25.2,screw,418,190.0,55.0,BAC-VXC-438,evaporative,425.0,4,48.92601171831427
263.413477209721,-12.026046597834757,48.69085734326536,R410A,blast_freezing,2.1778947777384166,5.569028972491932,1.1166786782796265,1.8330215232765632,332.7782391126868,389.22674187663597,COPELAND-ZP91K5E,screw,91,80.0,27.0,GUNTNER-GACV-240,air_cooled,250.0,2,133.37365579683154
748.8266429286352,-22.797114478271812,32.27620190864726,R717,cold_storage,2.7117547569317337,7.44494619023901,1.149785730847957,0.6908153278646887,1786.2135526262412,1047.087736010696,BITZER-CSH9563-160,screw,1417,500.0,135.0,BAC-VXC-584,evaporative,565.0,3,254.99575762193487
727.497979171707,-14.624702942606746,34.43610391925792,R410A,process_cooling,3.0137821200323307,4.333102093658844,1.1455694125635114,4.236399967013331,841.6374376212198,962.0033019420077,COPELAND-ZP91K5E,screw,91,80.0,27.0,GUNTNER-GACV-240,air_cooled,250.0,2,361.16414196163856
504.43984634954796,-22.833827997642338,47.19915072620486,R717,cold_storage,1.9972963918563886,11.292716909145712,1.1736953389621514,0.4869388640988426,1261.0324612199208,755.6686544111416,BITZER-CSH9563-160,screw,1417,500.0,135.0,BAC-VXC-584,evaporative,565.0,2,251.7759473162341
614.3037115528517,-35.78101599938913,42.92010345651195,R410A,hvac,1.437643670401514,12.30465108686628,1.1890521574086244,4.279126548727499,1897.1783933830484,1055.9671703204608,COPELAND-ZP91K5E,screw,91,80.0,27.0,GUNTNER-GACV-240,air_cooled,250.0,4,155.6938506841891
735.4264613376056,-36.88293419799974,30.214568462232588,R717,ice_making,1.974731263232417,13.902999043132446,1.1633580727784503,0.6705633140471423,3292.415992194929,1107.146371103102,BITZER-CSH9563-160,screw,1417,500.0,135.0,BAC-VXC-584,evaporative,565.0,4,183.74067760459718
140.55338030699582,-12.183537507771117,43.426607067424854,R717,hvac,2.8007280480874046,6.426551671409332,1.176990723672714,0.1325120164595016,222.2855609437079,191.96314037660005,BITZER-N320VLD,screw,320,150.0,42.5,BAC-VXC-292,evaporative,250.0,2,70.72810059670437
773.4256859066235,-38.33863364145206,39.07947955057298,R717,process_cooling,1.6231604890395464,19.364813969661583,1.1526185571714012,0.737731541775735,3889.6871098033575,1252.6925065435541,BITZER-CSH9563-160,screw,1417,500.0,135.0,BAC-VXC-584,evaporative,565.0,4,193.78541553531653
752.8838294494257,-24.716878509615498,35.53352248741492,R717,blast_freezing,2.4038292082239483,8.934711267565438,1.1462649330357226,0.6768976981905206,1900.9590422232404,1043.6116675309377,BITZER-CSH9563-160,screw,1417,500.0,135.0,BAC-VXC-584,evaporative,565.0,2,368.5061815664864
435.10001990976247,5.814613873068225,40.52963732668412,R717,process_cooling,5.225948286206585,2.9718460848512103,1.134100655274846,0.3996292384943351,348.6293032584649,525.2318618539189,BITZER-CSH9563-160,screw,1417,500.0,135.0,BAC-VXC-584,evaporative,565.0,3,146.95670560995424
452.3174067134301,-19.710375828219533,32.10787315328651,R717,ice_making,2.9617768798781445,6.4494282860128695,1.1710085854398602,0.4178328808622258,948.7362619104445,621.81956107946,BITZER-CSH9563-160,screw,1417,500.0,135.0,BAC-VXC-584,evaporative,565.0,3,154.95494869276658
52.235173100884595,0.02049859765927664,30.960082037420566,R410A,blast_freezing,5.513704710714611,2.4173055637192187,1.120898052278584,0.28659749628930853,34.91717966338648,61.66194340174504,COPELAND-ZP61K5E,screw,61,55.0,18.5,GUNTNER-GACV-060,air_cooled,65.0,2,26.097724943438518
156.15431228422926,-17.30017683899879,34.3993477340977,R717,ice_making,3.000738600010278,6.20265907910791,1.157157050665852,0.14721678704261668,302.74653337047243,216.85027146142139,BITZER-S6H-25.2,screw,418,190.0,55.0,BAC-VXC-292,evaporative,250.0,2,81.32385604939581
564.6873500176977,-19.548867975319205,35.72457389182814,R717,hvac,2.7383503781903524,7.109615897226561,1.1821935137406703,0.5107266702754477,1151.9152969155932,763.6570340677905,BITZER-CSH9563-160,screw,1417,500.0,135.0,BAC-VXC-584,evaporative,565.0,4,139.84514000126566
765.5880006288925,-19.93913445718278,44.02672360082144,R717,process_cooling,2.2748659161813474,9.108923482188509,1.1888786600548225,0.6972555383534674,1598.323893490168,1057.95497628546,BITZER-CSH9563-160,screw,1417,500.0,135.0,BAC-VXC-584,evaporative,565.0,2,367.45103127956065
572.3762776927422,6.149970373709621,27.650478724505103,R717,process_cooling,8.905124696262304,2.02383393069911,1.1118291074825897,0.493588985647931,425.733698446732,640.1482701727355,BITZER-CSH9563-160,screw,1417,500.0,135.0,BAC-VXC-584,evaporative,565.0,3,191.84009438857913
711.6032912726416,-22.70075326700683,29.349679697106097,R717,hvac,2.907117815691255,6.798086730619811,1.1315342466105907,0.6340558219526403,1632.7289554648914,955.7859071058739,BITZER-CSH9563-160,screw,1417,500.0,135.0,BAC-VXC-584,evaporative,565.0,4,177.78976534666646
186.35928471749503,-28.302219483908384,37.71232690587378,R717,process_cooling,2.104677811987264,11.25400349839109,1.1957881253392217,0.1731970383342493,569.7397380714815,274.1141410239383,BITZER-S6H-25.2,screw,418,190.0,55.0,BAC-VXC-292,evaporative,250.0,4,46.4558631766488
553.5389682712812,-32.55305269190284,39.290347676501874,R410A,process_cooling,1.6845148684426856,9.816970947733841,1.1174944420588637,3.611373619263275,1403.7985626193388,884.7804198940189,COPELAND-ZP91K5E,screw,91,80.0,27.0,GUNTNER-GACV-240,air_cooled,250.0,3,185.0645704044903
94.80542054173816,-11.927603490134345,28.54933236456517,R717,hvac,4.104229389986328,4.159528401217228,1.1869271640844135,0.08230195473041578,136.6908246524327,116.70888251458818,BITZER-6FE-35Y,screw,232,100.0,30.0,BAC-VXC-116,evaporative,105.0,3,31.281249926355503
121.25047916930374,-37.03751457480435,33.61790633550973,R717,hvac,1.8450837719588695,15.486491786416655,1.1372555909288717,0.11026704943428864,545.488636289937,183.524359282943,BITZER-N320VLD,screw,320,150.0,42.5,BAC-VXC-292,evaporative,250.0,3,39.67285842447742
198.01483010069722,6.38977489651603,31.108467296999862,R717,blast_freezing,7.6552453403466,2.2249528572633737,1.1684212820494617,0.17963768996526197,153.69122252400496,233.4942619896867,BITZER-S6H-25.2,screw,418,190.0,55.0,BAC-VXC-292,evaporative,250.0,3,68.83902153383436
682.6668665132192,-27.783890837132954,28.401231638028033,R717,hvac,2.585492674533758,8.372562158899566,1.1421953737604982,0.5943466046162027,1910.324474812825,922.0760396529108,BITZER-CSH9563-160,screw,1417,500.0,135.0,BAC-VXC-584,evaporative,565.0,2,332.4537326234682
395.25222213914043,-39.651112486880464,32.61162413012659,R717,process_cooling,1.7666147049410144,17.261905335638406,1.119652661655021,0.36624440881426024,2060.9242011436136,619.4839135699207,BITZER-CSH9563-160,screw,1417,500.0,135.0,BAC-VXC-584,evaporative,565.0,4,98.89246497104511
663.3366784130354,-2.086224023224439,29.558281683964477,R410A,blast_freezing,5.35587395849229,2.4949912982471143,1.1128447815917777,3.7019504151558658,482.6161942452884,807.3080927074803,COPELAND-ZP91K5E,screw,91,80.0,27.0,GUNTNER-GACV-240,air_cooled,250.0,3,226.76348516083297
612.1909943747797,5.943503501992403,44.3840714315764,R717,cold_storage,4.64864343497694,3.286248204124694,1.1332848465361889,0.5536601730459751,480.8971177854163,729.4897443610619,BITZER-CSH9563-160,screw,1417,500.0,135.0,BAC-VXC-584,evaporative,565.0,2,300.1727538694342
437.87239081024353,-39.557561090155666,30.484880173107094,R410A,ice_making,1.7495771092889236,10.690810203688505,1.1814323724607452,2.62256158089754,1362.684292681553,682.5448772529863,COPELAND-ZP91K5E,screw,91,80.0,27.0,GUNTNER-GACV-240,air_cooled,250.0,3,144.7695222257978
578.509235918116,4.847155358216632,39.20844297615487,R717,ice_making,5.270584477424746,2.9658232405111082,1.1546097266501723,0.5133781823029817,462.8550265869778,677.1409078611488,BITZER-CSH9563-160,screw,1417,500.0,135.0,BAC-VXC-584,evaporative,565.0,2,284.57700959544263
576.0866376821615,1.6681621955026245,27.418813109938668,R410A,blast_freezing,6.870695561137352,2.0931604470950824,1.1381887970140865,2.9413835016601095,340.0605843328655,635.7042772428164,COPELAND-ZP91K5E,screw,91,80.0,27.0,GUNTNER-GACV-240,air_cooled,250.0,3,184.97859229513423
318.45019784755107,-5.910135842334142,34.21429725529693,R410A,cold_storage,3.9628922770116004,3.1860687311896934,1.1352492993250192,1.8435882171651623,272.34808510112896,402.596827785639,COPELAND-ZP91K5E,screw,91,80.0,27.0,GUNTNER-GACV-240,air_cooled,250.0,4,80.36885401337862
379.38556968654626,-20.297206336471376,40.28318521683802,R717,hvac,2.4342818013911156,8.354747455286024,1.188760435460568,0.34531898816100587,803.4785529361525,522.2242290697992,BITZER-CSH9563-160,screw,1417,500.0,135.0,BAC-VXC-584,evaporative,565.0,3,123.38736409217391
37.019843306264164,-26.55063839891976,47.02416873565622,R717,cold_storage,1.8405118845325308,13.353160555180864,1.1534735439350046,0.03670165491474326,111.68299122951919,58.31785732012304,BITZER-4DC-10.2Y,reciprocating,67,37.5,12.0,BAC-VXC-116,evaporative,105.0,4,9.446775250495318
183.32214216099854,3.4787925374614446,35.66340562647299,R410A,blast_freezing,5.2593069419742395,2.4416699799487187,1.1701850647383825,1.0870217934961597,118.70154260736093,226.5815694283204,COPELAND-ZP91K5E,screw,91,80.0,27.0,GUNTNER-GACV-240,air_cooled,250.0,4,47.59560571421359
545.1491328586372,7.673571291232278,32.39355281540189,R717,process_cooling,7.687698572357626,2.2080520723304287,1.14845035000244,0.4761238583494091,390.1430836912053,615.9501177709204,BITZER-CSH9563-160,screw,1417,500.0,135.0,BAC-VXC-584,evaporative,565.0,2,272.5255026744091
266.8774078150156,-27.053752009262467,49.9958725019281,R410A,ice_making,1.4733823892789462,10.087655507013505,1.1542436439376957,1.9957293284949107,625.0734400398425,456.83028394845746,COPELAND-ZP91K5E,screw,91,80.0,27.0,GUNTNER-GACV-240,air_cooled,250.0,2,136.06583805571188
194.6113341039027,0.10686375253607139,47.23177862511102,R717,ice_making,3.5843655808252577,4.387271014715564,1.137462982004592,0.1810832806095067,192.50290474652746,246.36342481219108,BITZER-S6H-25.2,screw,418,190.0,55.0,BAC-VXC-292,evaporative,250.0,3,64.2078360100363
633.7768290000811,2.3895678719004962,38.403949899749335,R717,blast_freezing,4.953487637699134,3.170525122479921,1.1923848706361035,0.5779196085152105,567.0980013673951,770.9192654219373,BITZER-CSH9563-160,screw,1417,500.0,135.0,BAC-VXC-584,evaporative,565.0,3,213.80963469492792
781.4897397049656,-19.366856580537913,28.67678033127602,R410A,cold_storage,3.0907278419596893,4.450818483771864,1.1932380102977167,4.426758633746309,1041.1090809330988,1044.7959115938543,COPELAND-ZP91K5E,screw,91,80.0,27.0,GUNTNER-GACV-240,air_cooled,250.0,4,197.347509898252
570.5122719115305,-14.514312599923503,27.44545061644031,R717,hvac,3.894187532996327,4.482936605371818,1.1058866621215635,0.5023933046550214,923.6944366165618,721.1279228692583,BITZER-CSH9563-160,screw,1417,500.0,135.0,BAC-VXC-584,evaporative,565.0,4,143.44604431278086
402.8195394712437,-28.29029846344674,31.857682899896346,R717,ice_making,2.369268602602486,9.505125471053262,1.1894244849515845,0.36137587367597757,1188.127638496132,565.9792537846968,BITZER-CSH9563-160,screw,1417,500.0,135.0,BAC-VXC-584,evaporative,565.0,3,132.6654766834446
329.96376143669454,-13.707710067425847,33.70331128641698,R410A,hvac,3.1606777758085807,4.116666202286541,1.1562729980805797,1.9439498113645393,374.04371644098563,440.56015643013427,COPELAND-ZP91K5E,screw,91,80.0,27.0,GUNTNER-GACV-240,air_cooled,250.0,4,83.66838111279037
596.5055398621048,-22.37961942340241,29.449899356441982,R717,hvac,2.926410001788393,6.719702828044341,1.1097824921335462,0.5373430358625219,1364.900842826012,808.6175466155371,BITZER-CSH9563-160,screw,1417,500.0,135.0,BAC-VXC-584,evaporative,565.0,3,200.89143984449592
101.48016329047294,0.7637438390191349,40.19586334952031,R717,process_cooling,4.43588689498086,3.539037249183323,1.1058484691710981,0.09433537165821056,97.98682962344324,127.07949279539525,BITZER-6FE-35Y,screw,232,100.0,30.0,BAC-VXC-116,evaporative,105.0,2,51.85080812041926
667.2624541564264,-31.230535844255417,39.97098493253679,R717,ice_making,1.8808298479678027,13.819693272949014,1.122683376564227,0.6104583293491875,2293.9630514349005,988.721799479749,BITZER-CSH9563-160,screw,1417,500.0,135.0,BAC-VXC-584,evaporative,565.0,2,322.75725571049634
429.1365421507775,-24.723863682765476,37.01785920753176,R717,cold_storage,2.3306718676864184,9.32314113820597,1.1331935387967207,0.38980787931627486,1095.0450996680559,602.5002674068467,BITZER-CSH9563-160,screw,1417,500.0,135.0,BAC-VXC-584,evaporative,565.0,4,105.4014384561771
561.2402663555233,-36.085454650709174,43.895779991342195,R410A,hvac,1.3957460524593968,12.762079673053673,1.111949198331272,3.931531678234969,1765.1643146781128,968.9345866431074,COPELAND-ZP91K5E,screw,91,80.0,27.0,GUNTNER-GACV-240,air_cooled,250.0,4,141.12374546231408
80.3348891692657,-16.84153207283626,27.899091667427705,R717,cold_storage,3.5759859344696157,5.01997969533686,1.1304088618182877,0.07149476747462591,144.31439529482662,104.0012437078228,BITZER-6FE-35Y,screw,232,100.0,30.0,BAC-VXC-116,evaporative,105.0,4,20.31840733299955
639.1526088161962,-20.41389824002416,46.27880173140383,R410A,blast_freezing,1.8896402558087242,7.146402255045015,1.100524969498031,4.497159811994436,1098.6791087701508,1007.835667751426,COPELAND-ZP91K5E,screw,91,80.0,27.0,GUNTNER-GACV-240,air_cooled,250.0,3,219.68672919228868
742.111783673247,-27.66879999997819,28.370327430833253,R717,cold_storage,2.595238822643479,8.319036007375429,1.137664070155681,0.6645934148723223,2125.172427227883,1030.2720589106389,BITZER-CSH9563-160,screw,1417,500.0,135.0,BAC-VXC-584,evaporative,565.0,4,185.9265946624755
28.191988692181983,7.487931396474039,44.78334269108707,R717,ice_making,4.8383285165441325,3.1448926481018793,1.1498483097420196,0.02594143399552525,21.389387728721857,33.931235769603106,BITZER-4DC-10.2Y,reciprocating,67,37.5,12.0,BAC-VXC-116,evaporative,105.0,4,7.029857311062637
107.06417125710911,-1.734958480400806,28.71953044875295,R717,hvac,5.90420367734937,2.7922812550587857,1.194497769150359,0.09421440070443095,106.94660725389386,126.92610488084296,BITZER-N320VLD,screw,320,150.0,42.5,BAC-VXC-116,evaporative,105.0,3,36.18073906904255
287.03138973377605,-0.3127917715648607,45.988987569692924,R717,blast_freezing,3.6559381665365285,4.3121138764239975,1.1206091490951913,0.2693717637083177,290.6482462266204,366.8727327016741,BITZER-CSH8561-90,screw,856,300.0,82.5,BAC-VXC-438,evaporative,425.0,3,96.02533207919492
228.84627805276514,-1.7449252615421642,33.67842935470674,R410A,process_cooling,4.657808041763423,2.7412424637651345,1.186925133822327,1.2816994276867921,165.26095561225546,275.3027560286641,COPELAND-ZP91K5E,screw,91,80.0,27.0,GUNTNER-GACV-240,air_cooled,250.0,4,56.660962226206784
473.0548538770025,-1.2688225548064764,36.2603097324299,R410A,ice_making,4.326416721367229,2.879491874553345,1.133411627469355,2.6458891542958027,335.96422902738044,561.8801523160319,COPELAND-ZP91K5E,screw,91,80.0,27.0,GUNTNER-GACV-240,air_cooled,250.0,2,228.19540917936808
300.411313473048,1.0203316523984114,42.2982597997504,R717,hvac,4.208606049929935,3.7141664066147078,1.1927150409194212,0.28434523808081824,292.6986150431609,383.3106230831247,BITZER-CSH8561-90,screw,856,300.0,82.5,BAC-VXC-438,evaporative,425.0,2,154.85941841692483
773.0212016033358,-14.127919142844188,39.2801316895722,R410A,ice_making,2.669190613106557,4.798256834619814,1.1074768995648883,4.838296473687389,944.6791527810416,1078.478094683311,COPELAND-ZP91K5E,screw,91,80.0,27.0,GUNTNER-GACV-240,air_cooled,250.0,2,392.2750151609715
500.5834845098739,-19.405753193106637,28.838439948240612,R410A,ice_making,3.0732793895243273,4.476070296796703,1.1795378018106633,2.926433045779144,689.2241477135561,690.5264921150347,COPELAND-ZP91K5E,screw,91,80.0,27.0,GUNTNER-GACV-240,air_cooled,250.0,3,173.66685277350894
512.3269401444497,-13.036431447920396,39.52114136229048,R410A,process_cooling,2.7316524309949153,4.642514863902985,1.1953647095494548,3.1877652427691867,599.2527969404705,706.2301081496693,COPELAND-ZP91K5E,screw,91,80.0,27.0,GUNTNER-GACV-240,air_cooled,250.0,3,172.32537304789471
480.2960771019653,-34.29668045199689,34.011202974686675,R717,ice_making,1.9556021639400254,13.606451485371773,1.183675544939957,0.4513171651104907,1957.229744758742,737.8670045653355,BITZER-CSH9563-160,screw,1417,500.0,135.0,BAC-VXC-584,evaporative,565.0,2,244.1083459122131
366.4123333465108,-2.526232305431847,29.186848306259883,R410A,ice_making,5.339720896261706,2.5066715009334284,1.160942902816831,1.989941213782929,263.146156996277,435.2782391754541,COPELAND-ZP91K5E,screw,91,80.0,27.0,GUNTNER-GACV-240,air_cooled,250.0,3,122.2064476468096
379.40791456754243,-34.495860041420286,31.82714690574208,R410A,cold_storage,1.915038389110338,8.853711273650573,1.1240399773013245,2.3001987430614195,967.3547175951445,580.7345559772923,COPELAND-ZP91K5E,screw,91,80.0,27.0,GUNTNER-GACV-240,air_cooled,250.0,4,95.37858684246008
140.2658446125713,-39.30422883586989,26.738730060320986,R717,blast_freezing,1.9894151265004036,14.224729732928601,1.1843661006496784,0.1313751101586083,726.6009570422901,218.90183699502643,BITZER-S6H-25.2,screw,418,190.0,55.0,BAC-VXC-292,evaporative,250.0,2,72.83809830828667
596.7315137706305,-19.940084267206146,40.52978051087682,R410A,hvac,2.217082677857932,6.121518747397358,1.1587405798949075,3.669207141010999,881.0736414172361,838.0032925357198,COPELAND-ZP91K5E,screw,91,80.0,27.0,GUNTNER-GACV-240,air_cooled,250.0,4,144.37945569881498
732.4508941940948,-22.55652719698222,25.09662547477454,R717,blast_freezing,3.2358381650581634,5.9363356151029745,1.198334444807815,0.6191755668705459,1584.6446021816391,925.75246049056,BITZER-CSH9563-160,screw,1417,500.0,135.0,BAC-VXC-584,evaporative,565.0,3,235.73336423809607
379.08113148025495,-31.939799013441657,44.45993170200134,R410A,hvac,1.511555260153289,10.831923241249136,1.1271581328425666,2.5211609062260627,956.221574967046,605.6632875748214,COPELAND-ZP91K5E,screw,91,80.0,27.0,GUNTNER-GACV-240,air_cooled,250.0,4,91.12814903379628
524.3756938886349,-1.5757601488080581,44.28042942646699,R717,ice_making,3.6825967557532007,4.319908828989026,1.160880540178019,0.48811414309705603,550.9253479417428,668.1097413751546,BITZER-CSH9563-160,screw,1417,500.0,135.0,BAC-VXC-584,evaporative,565.0,4,131.35760425304335
509.2609664513394,-20.73623351767298,35.748007202532094,R717,hvac,2.652244466326131,7.500015074151999,1.1054024316105149,0.4620568442795401,1095.0227398708582,695.7489882091958,BITZER-CSH9563-160,screw,1417,500.0,135.0,BAC-VXC-584,evaporative,565.0,2,252.62498457367317
64.91127150411748,7.606600534593561,27.659269047268243,R410A,ice_making,9.209438134504017,1.7545988345589298,1.1259803606011705,0.3381021041100305,32.47793961873542,71.26416460811623,COPELAND-ZP91K5E,screw,91,80.0,27.0,GUNTNER-GACV-060,air_cooled,65.0,2,32.14197032780398
358.67161122268016,8.479865609952256,46.42393889626904,R717,ice_making,4.757343960504046,3.1734762635868847,1.1548058473585745,0.33607264451022856,268.0706794525877,437.9613249249304,BITZER-CSH9563-160,screw,1417,500.0,135.0,BAC-VXC-584,evaporative,565.0,3,120.63043180786197
385.6772139734026,-39.654889335204736,39.463376329964284,R717,hvac,1.5652221831370046,20.98900643831313,1.1453211107501802,0.36771222856337693,2069.5740832302586,630.7966190600742,BITZER-CSH9563-160,screw,1417,500.0,135.0,BAC-VXC-584,evaporative,565.0,2,192.44665582792496
241.56355730221023,-5.818011643147486,44.80990862496511,R717,cold_storage,3.219167571725297,5.1605966500142015,1.1873991390814806,0.22275992572591818,293.4274449836153,312.02599382879924,BITZER-CSH8561-90,screw,856,300.0,82.5,BAC-VXC-438,evaporative,425.0,3,79.35719892555993
715.1829709906549,9.852673928505261,26.734738316281252,R410A,hvac,11.18656986051144,1.601514856257908,1.1385079989588847,3.6885577372331477,330.78759451814415,772.8057478726936,COPELAND-ZP91K5E,screw,91,80.0,27.0,GUNTNER-GACV-240,air_cooled,250.0,4,177.34780143499432
532.130583031953,-7.869107533038594,30.64609108980448,R717,process_cooling,4.417579513247196,3.7546802334122438,1.1895172295861454,0.46929573276564424,667.3542291586595,653.4358760409473,BITZER-CSH9563-160,screw,1417,500.0,135.0,BAC-VXC-584,evaporative,565.0,2,266.41094349984405
515.9345437108932,-3.5006390652274177,37.78972858442007,R717,blast_freezing,4.140945300805991,3.888169994268257,1.1596320932434074,0.46286563953884974,560.010159154174,635.6069047604244,BITZER-CSH9563-160,screw,1417,500.0,135.0,BAC-VXC-584,evaporative,565.0,4,127.9926779718351
669.9995584482881,-2.135108632788203,37.447833542574585,R410A,cold_storage,4.035431853952417,3.049472406169866,1.1458892412624107,3.9383717258155584,514.2501611506103,835.8552934787435,COPELAND-ZP91K5E,screw,91,80.0,27.0,GUNTNER-GACV-240,air_cooled,250.0,4,167.46513379737726
280.7684292118478,-33.83705180059131,48.648173867740255,R717,blast_freezing,1.5228609388276992,19.884138598012836,1.1751100848076654,0.27434021211426024,1164.1420158731275,459.22768473202063,BITZER-CSH8561-90,screw,856,300.0,82.5,BAC-VXC-584,evaporative,565.0,4,69.30028250304977
549.4447470565353,-29.723215198959455,42.279528286942366,R410A,ice_making,1.6756286495748511,9.379567848134158,1.1545284670774059,3.6141973786773924,1255.5757001774682,863.8489594399731,COPELAND-ZP91K5E,screw,91,80.0,27.0,GUNTNER-GACV-240,air_cooled,250.0,4,135.24766091634615
44.73849866430027,-17.67271456809285,42.523572633644,R410A,blast_freezing,2.2291139117941183,5.902318981407043,1.1125708810899384,0.293324307254051,64.90711223939944,65.75722652919731,COPELAND-ZP61K5E,screw,61,55.0,18.5,GUNTNER-GACV-060,air_cooled,65.0,2,22.696682814727637
263.67243411957367,-15.70567594571947,44.03630226327182,R717,blast_freezing,2.5250537585179353,7.5772704351068025,1.112153469445525,0.25250165238548766,486.86464321293806,373.5745412601262,BITZER-CSH8561-90,screw,856,300.0,82.5,BAC-VXC-438,evaporative,425.0,2,133.7987821059631
110.57843198119927,-15.362980485248947,42.63063175016572,R717,ice_making,2.6247781791712685,7.187940607859586,1.1081716876976886,0.1037832035235468,197.381818311967,152.95379378075864,BITZER-6FE-35Y,screw,232,100.0,30.0,BAC-VXC-116,evaporative,105.0,2,55.37853083591797
472.02462474555205,-33.0292664065661,31.27271070418052,R410A,cold_storage,2.0108267708977263,8.199632060362742,1.110912063798844,2.7345994701693033,1083.561548879723,685.9756757264985,COPELAND-ZP91K5E,screw,91,80.0,27.0,GUNTNER-GACV-240,air_cooled,250.0,2,229.06968050576634
174.30718045624587,3.0959906091865363,48.302567005269346,R717,process_cooling,3.804957307377529,4.041376890644606,1.1568026845600579,0.16091284929621538,154.07792935608066,215.74906562536086,BITZER-S6H-25.2,screw,418,190.0,55.0,BAC-VXC-292,evaporative,250.0,3,56.94923883095047
321.78989674791274,-27.70931384923631,39.55056211315731,R717,ice_making,2.0601722411044396,11.517424915732951,1.1764825842269342,0.30105891652812417,964.4374946341457,476.16736483963166,BITZER-CSH8561-90,screw,856,300.0,82.5,BAC-VXC-584,evaporative,565.0,4,80.14146834496592
488.76633585658806,-29.980502991195856,34.582801329824164,R717,cold_storage,2.1483343035658677,11.163364866877764,1.1444753540948975,0.4537822351218737,1610.3315694130688,721.9379154624862,BITZER-CSH9563-160,screw,1417,500.0,135.0,BAC-VXC-584,evaporative,565.0,3,164.21000644438564
602.0680294556091,2.627759741807168,37.607552685250496,R410A,process_cooling,4.7346619298662524,2.6308753025528393,1.1050895514872934,3.6312781932096985,407.2854339724036,754.0092393918967,COPELAND-ZP91K5E,screw,91,80.0,27.0,GUNTNER-GACV-240,air_cooled,250.0,3,207.50882290745508
393.72908085297144,-39.91398889577398,38.08520208987618,R410A,hvac,1.4634348076214283,13.14947525730724,1.1449996716904334,2.523893072286084,1331.577353535967,646.6273101216536,COPELAND-ZP91K5E,screw,91,80.0,27.0,GUNTNER-GACV-240,air_cooled,250.0,3,128.04572843616154
135.8933717544262,-26.783567978435705,35.96196680202901,R410A,hvac,2.095637950814573,7.136345307788677,1.173122333849506,0.8387959636315814,260.0069517885944,201.23873004620503,COPELAND-ZP91K5E,screw,91,80.0,27.0,GUNTNER-GACV-240,air_cooled,250.0,3,45.41051274504776
683.8292898039684,8.374716934775812,34.28150827631067,R410A,ice_making,6.852556128820368,2.031839344114505,1.15525436895627,3.8456434869462797,360.80153071584056,789.0614364575596,COPELAND-ZP91K5E,screw,91,80.0,27.0,GUNTNER-GACV-240,air_cooled,250.0,4,172.14419399588934
267.96813663604786,-37.46383370215635,41.597947944681096,R410A,process_cooling,1.4275345165959694,12.833989520434562,1.196671525546885,1.8419135290908852,875.8802767816619,460.7959935432677,COPELAND-ZP91K5E,screw,91,80.0,27.0,GUNTNER-GACV-240,air_cooled,250.0,2,135.48771014274942
754.3976357092506,-32.633461414404124,36.77517638065536,R717,ice_making,1.9314165005308637,13.544883755699491,1.1042655307383664,0.7115982510315779,2853.7509425878857,1156.6075273549272,BITZER-CSH9563-160,screw,1417,500.0,135.0,BAC-VXC-584,evaporative,565.0,3,254.0172259801093
413.36117599400467,9.37175389725212,27.33891379496075,R410A,hvac,10.43435687009214,1.6505088029881247,1.1433775860493425,2.188592168923773,199.16975945545096,458.5089746950022,COPELAND-ZP91K5E,screw,91,80.0,27.0,GUNTNER-GACV-240,air_cooled,250.0,4,104.60243467259272
794.6432675400083,-7.67495279421594,27.679082050544277,R717,cold_storage,4.877957336180489,3.4093300162709963,1.1276828938370353,0.6827686081934553,963.8579740040321,946.0316559373263,BITZER-CSH9563-160,screw,1417,500.0,135.0,BAC-VXC-584,evaporative,565.0,2,392.54300366673823
527.011615124372,-16.487433171219372,32.10570514376305,R410A,cold_storage,3.0510488752956917,4.37042313568073,1.1084618614166648,2.9691711226711672,629.8746447925765,684.9510065442358,COPELAND-ZP91K5E,screw,91,80.0,27.0,GUNTNER-GACV-240,air_cooled,250.0,4,128.96777245108552
500.8779124555237,-10.28037495686872,48.9332367335312,R717,ice_making,2.6074897687240743,6.881211954299142,1.1568068251629353,0.4963873250711545,773.6032966221106,715.9928741530988,BITZER-CSH9563-160,screw,1417,500.0,135.0,BAC-VXC-584,evaporative,565.0,3,172.5062960232931
156.67052146436825,-3.5839491499686957,45.28124261995424,R410A,ice_making,3.012560891387501,3.8611277072759655,1.1452577373362274,1.0347918036226955,141.6259906550041,214.02819994558178,COPELAND-ZP91K5E,screw,91,80.0,27.0,GUNTNER-GACV-240,air_cooled,250.0,2,80.34432401936316
495.73471550829595,-23.46630445462089,34.07833261997104,R410A,hvac,2.390405846634065,5.974040722539163,1.1836351926146362,2.9893100453846357,817.3677256613457,709.0791843863431,COPELAND-ZP91K5E,screw,91,80.0,27.0,GUNTNER-GACV-240,air_cooled,250.0,4,124.98408042848189
366.02142929806007,-3.5009256945373366,26.317166498878127,R717,ice_making,6.006372145961508,2.7777309017172893,1.1011295123220661,0.3146359596578988,380.6745521769594,426.2886472433267,BITZER-CSH9563-160,screw,1417,500.0,135.0,BAC-VXC-438,evaporative,425.0,3,121.81521828039435
363.32690764902765,-39.84120631286568,37.79403276524585,R717,hvac,1.6041568782644606,20.231123355188828,1.155734526177418,0.3500713776683003,1988.7167800288873,599.323044340454,BITZER-CSH9563-160,screw,1417,500.0,135.0,BAC-VXC-584,evaporative,565.0,4,92.29553256809415
520.0649862106465,-28.091340089348307,41.125038344913285,R410A,cold_storage,1.7901108289241354,8.535448008045057,1.1619950540107753,3.3684334720744182,1098.0774752228665,801.0200324966445,COPELAND-ZP91K5E,screw,91,80.0,27.0,GUNTNER-GACV-240,air_cooled,250.0,4,128.48187063865868
213.06181727188704,5.543034163871077,29.701237718031255,R410A,ice_making,7.427803570806252,1.9697491592005154,1.1666215104254642,1.1530889438388368,118.05885558470233,243.43677890050463,COPELAND-ZP91K5E,screw,91,80.0,27.0,GUNTNER-GACV-240,air_cooled,250.0,2,107.27590886469591
462.32666291555955,-24.759136196909502,27.891693028130927,R717,process_cooling,2.8400807492584152,7.152076813838802,1.1271319675776588,0.4169201002401987,1173.0033090325096,634.5333902139605,BITZER-CSH9563-160,screw,1417,500.0,135.0,BAC-VXC-584,evaporative,565.0,2,234.6468972893823
513.338913877978,-27.545839921236634,35.96198382939839,R410A,process_cooling,2.056438236441426,7.358033643669445,1.1319488090122167,3.210357655915938,1024.7201161682267,773.2379588309927,COPELAND-ZP91K5E,screw,91,80.0,27.0,GUNTNER-GACV-240,air_cooled,250.0,2,260.125672661936
772.455007745525,-35.24646655960262,35.87619267396788,R717,blast_freezing,1.8462834805988604,15.066469949145437,1.1776370759196428,0.7462088561894676,3385.8338926305446,1232.3111028719666,BITZER-CSH9563-160,screw,1417,500.0,135.0,BAC-VXC-584,evaporative,565.0,3,266.4522171572748
756.0832685679419,-10.500659378411989,26.791928779783962,R410A,cold_storage,4.335820630065967,3.078011494049114,1.1921570829973838,4.035254235931259,695.3423220946145,919.8024573012741,COPELAND-ZP91K5E,screw,91,80.0,27.0,GUNTNER-GACV-240,air_cooled,250.0,4,186.85497257349382
83.7486995413236,-15.302397732691585,40.98264582592152,R717,ice_making,2.725256793969711,6.852873832359371,1.146498789381054,0.077647875223495,147.31844177518533,114.14227587169195,BITZER-6FE-35Y,screw,232,100.0,30.0,BAC-VXC-116,evaporative,105.0,2,41.7510832141875
75.87213286062176,-29.346952147572022,26.369086011950454,R410A,blast_freezing,2.4893583765461678,6.192213752294475,1.1502089283394479,0.44004657268360237,150.635416044532,109.542212947554,COPELAND-ZP91K5E,screw,91,80.0,27.0,GUNTNER-GACV-120,air_cooled,125.0,2,39.07449392691947
445.4219763661292,-21.88897096303466,46.794956296685015,R410A,process_cooling,1.8003036144544768,7.650554030635541,1.1239584996182304,3.005949411752721,775.194342716597,677.5475735258811,COPELAND-ZP91K5E,screw,91,80.0,27.0,GUNTNER-GACV-240,air_cooled,250.0,3,145.19751111834708
329.8507549106979,-13.224593229700822,30.411822977811948,R717,blast_freezing,3.7386684044944687,4.640913749125191,1.1826943040874054,0.29460696558041793,514.7465271198072,421.793309610847,BITZER-CSH8561-90,screw,856,300.0,82.5,BAC-VXC-438,evaporative,425.0,4,83.19559342734063
625.1278101269257,-30.55298061146963,35.03515330746313,R410A,cold_storage,1.9536593296792317,8.129410687933674,1.1388901195776693,3.8768765909525773,1391.563766925529,950.9406537780421,COPELAND-ZP91K5E,screw,91,80.0,27.0,GUNTNER-GACV-240,air_cooled,250.0,4,157.24681427855285
438.2187292963417,7.175799986934869,34.54113504043374,R717,cold_storage,6.860763829948426,2.3915705487061607,1.1754920801535367,0.36814366146509453,306.73979007422344,478.26363707065923,BITZER-CSH9563-160,screw,1417,500.0,135.0,BAC-VXC-584,evaporative,565.0,2,208.71087933546835
456.26715010300416,5.483129085007533,40.55301641460041,R717,cold_storage,5.159881188942543,3.009190971226007,1.1343683402834495,0.4151849618073159,366.300093431502,546.5673653471582,BITZER-CSH9563-160,screw,1417,500.0,135.0,BAC-VXC-584,evaporative,565.0,2,228.91859278123766
193.13079334048834,-25.238223962174054,48.56660416851934,R717,ice_making,1.8435232230510576,13.077458911655498,1.1132714835375368,0.18866711891279161,541.9958611004649,297.93345403524245,BITZER-S6H-25.2,screw,418,190.0,55.0,BAC-VXC-438,evaporative,425.0,4,48.28932264253237
770.9734003681323,-20.978157580012166,32.66645931612493,R717,cold_storage,2.82344651428111,6.936418415116531,1.1566706966672329,0.7025071653215973,1681.8433587409204,1054.1349834188363,BITZER-CSH9563-160,screw,1417,500.0,135.0,BAC-VXC-584,evaporative,565.0,3,259.4773880405906
647.8024676079915,-3.7596445111371892,38.19858664550972,R717,process_cooling,4.059937737762673,3.972577419331337,1.1869733065972865,0.5855377664625729,715.1376338078768,805.4967188794506,BITZER-CSH9563-160,screw,1417,500.0,135.0,BAC-VXC-584,evaporative,565.0,2,323.1528425949258
731.2862525268891,-39.28644054600698,27.49553386058109,R410A,blast_freezing,1.8839486276079491,9.772636516478252,1.117261292614623,4.315778558293602,2216.6799702836574,1128.339860560529,COPELAND-ZP91K5E,screw,91,80.0,27.0,GUNTNER-GACV-240,air_cooled,250.0,2,368.5458040806909
674.2875775324135,-25.421441389987912,47.71753580628137,R717,process_cooling,1.8644994324698212,12.898591194956518,1.1334574793756762,0.6576687228777782,1904.4936038470316,1038.465632602164,BITZER-CSH9563-160,screw,1417,500.0,135.0,BAC-VXC-584,evaporative,565.0,4,168.9840256798993
39.70162728856058,4.548586103448237,41.67978181337582,R717,blast_freezing,4.817116367036263,3.2099127960450384,1.17285858593215,0.036700588160955096,33.42829702352805,48.5823111365536,BITZER-4NES-20Y,screw,134,50.0,15.0,BAC-VXC-116,evaporative,105.0,4,10.057674256376174
530.089797552635,-21.903677469619613,40.119108798901856,R717,ice_making,2.3464711414024038,8.938116069296145,1.180642069752172,0.48710892755351975,1212.5711258116155,743.6572751253607,BITZER-CSH9563-160,screw,1417,500.0,135.0,BAC-VXC-584,evaporative,565.0,2,260.71797147552013
757.4019742691185,-24.93945654781474,25.77332809621926,R410A,process_cooling,2.8525076057710774,5.10730905502577,1.14421143104427,4.253575924748183,1229.1937576657738,1037.843195628939,COPELAND-ZP91K5E,screw,91,80.0,27.0,GUNTNER-GACV-240,air_cooled,250.0,4,192.11224947969797
746.2919758246818,6.666147770809381,28.346670979349334,R410A,process_cooling,8.421334172353891,1.837833593795677,1.1063337868874332,3.9564297168115083,391.2302841377377,835.2178849343467,COPELAND-ZP91K5E,screw,91,80.0,27.0,GUNTNER-GACV-240,air_cooled,250.0,2,373.28306092774005
613.7622512415824,-29.58865258225528,40.665664228177945,R410A,ice_making,1.7473300335399022,8.972422711468763,1.1272863893716796,4.091911279495588,1414.0514512816317,982.3719881225703,COPELAND-ZP91K5E,screw,91,80.0,27.0,GUNTNER-GACV-240,air_cooled,250.0,3,208.26621459128023
735.4592683844402,-9.751611801198926,32.95961267384418,R410A,cold_storage,3.6444933629789644,3.516815235942742,1.1019882942962482,4.16984229548151,700.4915752238824,930.2569347618339,COPELAND-ZP91K5E,screw,91,80.0,27.0,GUNTNER-GACV-240,air_cooled,250.0,2,364.98224452517263
187.33146678955845,-8.072650533461061,48.180237380808535,R717,hvac,2.8037684963006555,6.171299690212301,1.176364588725154,0.17739038849597422,254.19604654283424,252.4872859026347,BITZER-S6H-25.2,screw,418,190.0,55.0,BAC-VXC-292,evaporative,250.0,4,46.52727279661903
82.56995194130722,-25.930344876119747,35.121554296742374,R410A,cold_storage,2.185846258795538,6.7548973728771315,1.1723097797254016,0.5016036497709583,150.50112831819067,120.10595093067633,COPELAND-ZP91K5E,screw,91,80.0,27.0,GUNTNER-GACV-120,air_cooled,125.0,3,27.4686977100766
651.585280100268,-6.14488836019526,31.614520561924827,R410A,blast_freezing,4.28563577127341,3.0066001652803664,1.1942239350421782,3.655864110729503,544.2816826373532,806.062606121769,COPELAND-ZP91K5E,screw,91,80.0,27.0,GUNTNER-GACV-240,air_cooled,250.0,3,217.8540033257639
770.9059769469883,2.4498420525848914,32.37915829791273,R717,cold_storage,6.110524720059669,2.6623261371746354,1.1567854514472045,0.6846900254928427,670.4626730947339,907.6774763732169,BITZER-CSH9563-160,screw,1417,500.0,135.0,BAC-VXC-584,evaporative,565.0,3,260.0082682868152
227.4462335984671,2.5976332138967564,40.991048602462136,R410A,process_cooling,4.192877744079842,2.8597430838364657,1.1028982296805607,1.4019798378037316,157.39591219272125,287.1056177740603,COPELAND-ZP91K5E,screw,91,80.0,27.0,GUNTNER-GACV-240,air_cooled,250.0,4,57.95431812050391
333.3039177632043,-39.90135834759126,37.57945205820609,R717,hvac,1.60794165276274,20.174008228748978,1.1653077637197744,0.3156418048711353,1798.5306440778888,540.3779251520463,BITZER-CSH8561-90,screw,856,300.0,82.5,BAC-VXC-584,evaporative,565.0,4,83.29329120199168
285.2868283169294,-20.289004021111616,46.414880815548514,R410A,ice_making,1.8886780031677968,7.135510688642474,1.1609192012074734,1.9210327213176828,467.1859329709419,429.9951294898423,COPELAND-ZP91K5E,screw,91,80.0,27.0,GUNTNER-GACV-240,air_cooled,250.0,2,140.569897656672
747.8086399202173,-34.44714986494351,45.82796311307387,R410A,ice_making,1.3830439609873573,12.44358231897137,1.1817338931217876,5.230958336039495,2195.52044781623,1268.907083260744,COPELAND-ZP91K5E,screw,91,80.0,27.0,GUNTNER-GACV-240,air_cooled,250.0,3,245.47795554594393
215.20337940412233,-25.200795689128753,30.863761933626037,R717,blast_freezing,2.6239020863791804,7.977905177734038,1.169089698191043,0.1913420131056349,548.78395429008,293.5181851521105,BITZER-CSH8561-90,screw,856,300.0,82.5,BAC-VXC-438,evaporative,425.0,2,106.26156006057563
700.2037563123964,-28.664962120394918,49.321093759260755,R410A,ice_making,1.4452272262412746,10.5998317931711,1.1568100263450662,5.159179096941202,1719.7070210992397,1195.0848327369263,COPELAND-ZP91K5E,screw,91,80.0,27.0,GUNTNER-GACV-240,air_cooled,250.0,4,176.58575033478124
121.2055310742754,-5.27768275207103,25.563637987336325,R410A,blast_freezing,5.505808747530752,2.4953394126624957,1.1069618837363542,0.628440767472661,90.92023998248504,140.56571396872607,COPELAND-ZP91K5E,screw,91,80.0,27.0,GUNTNER-GACV-180,air_cooled,185.0,2,59.479763977511496
126.3669685547621,-35.12293846456894,46.178669261013965,R410A,cold_storage,1.351153783789488,12.917242228077,1.1503850401906397,0.8666577050845293,373.96044019051436,210.80806503760294,COPELAND-ZP91K5E,screw,91,80.0,27.0,GUNTNER-GACV-240,air_cooled,250.0,3,40.382175578751294
53.46169715425966,3.7913070404505618,29.1877998634774,R410A,process_cooling,6.997124139507708,2.0513610177199983,1.1099854211888516,0.2970988451248248,32.12655682134707,63.28847649196594,COPELAND-ZP61K5E,screw,61,55.0,18.5,GUNTNER-GACV-060,air_cooled,65.0,2,27.687286009909396
61.96941462201265,-31.018669621204662,43.56116680468159,R717,blast_freezing,1.7704705549562216,15.09066052644029,1.1289268639135925,0.058660929188712525,218.29563821985946,95.47176221701378,BITZER-4NES-20Y,screw,134,50.0,15.0,BAC-VXC-116,evaporative,105.0,3,20.33709201885331
428.25615519337185,-25.284375366951366,27.494966585979068,R717,process_cooling,2.8247916638029293,7.241451240562785,1.1313215982093772,0.3912520283200493,1126.2389369774446,596.9072763005837,BITZER-CSH9563-160,screw,1417,500.0,135.0,BAC-VXC-584,evaporative,565.0,2,220.42229307735678
250.77629903029163,-13.63624052883496,48.91903210886018,R717,ice_making,2.400889061758404,7.902884355377191,1.1397389252930397,0.23805552158270368,422.7343207280439,350.1069882210308,BITZER-CSH8561-90,screw,856,300.0,82.5,BAC-VXC-438,evaporative,425.0,4,61.79031594391687
724.3775713071369,-1.0963918627508633,28.978356854792523,R410A,ice_making,5.701031621798515,2.38048761187944,1.1756768168298137,3.9487016573004223,498.61698490563214,859.0916513836692,COPELAND-ZP91K5E,screw,91,80.0,27.0,GUNTNER-GACV-240,air_cooled,250.0,3,243.629585561578
541.4233613573336,-24.65164627669483,43.460229441845684,R410A,cold_storage,1.8339394378163734,7.870592467490426,1.170901157143957,3.7005398009989285,1057.8322771601345,857.1809167882293,COPELAND-ZP91K5E,screw,91,80.0,27.0,GUNTNER-GACV-240,air_cooled,250.0,2,277.35558983095467
437.26882568888254,-8.217394196183388,35.36319622992839,R410A,process_cooling,3.549638133426562,3.544440949499755,1.1637958360030942,2.5904237385195965,413.2357089571951,569.3647647803759,COPELAND-ZP91K5E,screw,91,80.0,27.0,GUNTNER-GACV-240,air_cooled,250.0,3,148.0732329050619
776.7519780098572,-6.700567686629313,38.70555758519552,R717,ice_making,3.6583142373688973,4.519859616447439,1.1169797660613419,0.7057600682602456,960.6382015540055,986.4914373425243,BITZER-CSH9563-160,screw,1417,500.0,135.0,BAC-VXC-584,evaporative,565.0,2,387.3606938452305
120.17248148353394,-3.8229137444022854,33.695224158384235,R410A,hvac,4.325985263404655,2.9345669319206706,1.130165802907734,0.7111289916136505,98.09003044281064,154.13643592104003,COPELAND-ZP91K5E,screw,91,80.0,27.0,GUNTNER-GACV-180,air_cooled,185.0,3,41.731993698250555
447.1387284264752,5.750966878017465,36.67595689696333,R717,process_cooling,5.95666534965482,2.67391113361394,1.1568774376374702,0.40132253655606587,350.86330724775684,525.8681853625598,BITZER-CSH9563-160,screw,1417,500.0,135.0,BAC-VXC-584,evaporative,565.0,2,225.1380971193651
732.1390057508092,8.598869502856203,31.51723100226346,R717,hvac,8.376550529746918,2.083411428482568,1.198992726069436,0.6182741497168229,491.2219840936512,795.8585526555223,BITZER-CSH9563-160,screw,1417,500.0,135.0,BAC-VXC-584,evaporative,565.0,3,236.9936705295029
370.08450977647055,8.255264278547912,28.75070380370838,R410A,ice_making,8.990392665807887,1.770455457712636,1.1849194516107802,1.9351065092516087,182.2193675282478,405.3115122780513,COPELAND-ZP91K5E,screw,91,80.0,27.0,GUNTNER-GACV-240,air_cooled,250.0,4,91.18534599304024
42.23751089776585,-14.985727652957163,30.0609177502321,R410A,process_cooling,3.3836311270241892,3.9275887249227224,1.1840153656784371,0.23940466973341964,48.16745800162612,55.168704308429476,COPELAND-ZP61K5E,screw,61,55.0,18.5,GUNTNER-GACV-060,air_cooled,65.0,4,10.645885780900322
532.4918949843773,-19.497145918493,40.0463654105425,R717,cold_storage,2.496337438041941,8.0107013757514,1.182701927354429,0.4838676396690676,1088.998428627923,728.0027172600494,BITZER-CSH9563-160,screw,1417,500.0,135.0,BAC-VXC-584,evaporative,565.0,2,259.8920256264354
63.97652332351925,4.674585340362498,27.111868161640658,R410A,blast_freezing,8.081368195159895,1.890953009772004,1.1768835628101453,0.3309902284863521,34.81677661297979,70.72737875882294,COPELAND-ZP91K5E,screw,91,80.0,27.0,GUNTNER-GACV-060,air_cooled,65.0,4,15.734798351563686
571.4217657471976,-32.071754695358194,39.66207350387821,R717,hvac,1.8548607884851318,14.283490995205362,1.1031705314581661,0.5325771901159544,2080.693333176528,866.9619136329317,BITZER-CSH9563-160,screw,1417,500.0,135.0,BAC-VXC-584,evaporative,565.0,3,187.76089598879733
102.25794777891562,-14.891777314528042,25.625815432644288,R717,cold_storage,4.050141702354559,4.309442165062219,1.1453309129289067,0.09124948308908205,170.3092247617153,130.87962992287123,BITZER-6FE-35Y,screw,232,100.0,30.0,BAC-VXC-116,evaporative,105.0,3,34.98786624094194
199.72576455197935,-29.92698574453494,27.780934506917426,R410A,ice_making,2.366640850545536,6.581081549625407,1.1914758391690448,1.126608771679559,394.5298624865897,280.389561973886,COPELAND-ZP91K5E,screw,91,80.0,27.0,GUNTNER-GACV-240,air_cooled,250.0,3,65.70163167503101
332.21371100421794,-16.708359844715062,43.672238990175074,R717,cold_storage,2.4812844124135554,7.8330647842500785,1.163436541320178,0.3043105000567696,610.9564571732349,452.6650726650853,BITZER-CSH8561-90,screw,856,300.0,82.5,BAC-VXC-584,evaporative,565.0,4,80.65922342073334
298.20215918686085,-11.868040495057066,40.241788128831395,R717,hvac,3.038051402102485,5.813189103088433,1.1230322509650292,0.280273701219929,464.4146452684038,403.670866591524,BITZER-CSH8561-90,screw,856,300.0,82.5,BAC-VXC-438,evaporative,425.0,2,151.8520593370569
477.57502123265147,7.765735416862462,35.992277490866655,R717,process_cooling,6.64146203612749,2.441848566278385,1.1931344523582847,0.4302733714138354,351.4868563407628,558.1378248980392,BITZER-CSH9563-160,screw,1417,500.0,135.0,BAC-VXC-584,evaporative,565.0,2,242.54855664150122
414.8901681895309,-32.87295681927687,25.62178663412209,R410A,process_cooling,2.3113875400211423,7.030762340395166,1.195696292663408,2.3466400836935564,923.9942186196234,595.4766199462978,COPELAND-ZP91K5E,screw,91,80.0,27.0,GUNTNER-GACV-240,air_cooled,250.0,4,103.91242516037478
523.8816307352837,-4.235006311684188,46.775153635647015,R410A,process_cooling,2.8276193331217665,4.085512514263204,1.1090649893137923,3.40464723590134,475.99212747690245,701.5665559245065,COPELAND-ZP91K5E,screw,91,80.0,27.0,GUNTNER-GACV-240,air_cooled,250.0,4,129.56899474286612
284.4455522413402,4.876066733887235,45.49506738848277,R717,hvac,4.343963002854596,3.517552816682284,1.114640280154603,0.26219435325217144,236.15769183020757,347.6057315252101,BITZER-CSH8561-90,screw,856,300.0,82.5,BAC-VXC-438,evaporative,425.0,2,141.27964925272943
651.1947244427249,-38.52976855560641,43.26746637572837,R717,blast_freezing,1.5045922999651848,21.95056243154666,1.1181339733666944,0.6320071512085289,3363.825547800256,1083.4162205494074,BITZER-CSH9563-160,screw,1417,500.0,135.0,BAC-VXC-584,evaporative,565.0,3,216.9481107588755
813.854510868656,6.298462318729371,31.969481930366484,R717,ice_making,7.341398536841489,2.2894240987881003,1.1646041222392323,0.6900605262998445,592.2141598549176,898.0440983381409,BITZER-CSH9563-160,screw,1417,500.0,135.0,BAC-VXC-584,evaporative,565.0,2,395.1915017871329
572.1083550954041,-5.33214609221082,36.01200968262081,R410A,process_cooling,3.8099346647845986,3.2688297226847967,1.1795230781100738,3.4184026954621936,495.44864143420045,739.9183088326603,COPELAND-ZP91K5E,screw,91,80.0,27.0,GUNTNER-GACV-240,air_cooled,250.0,4,146.521762268916
707.6965457170942,-5.701335780695743,29.996041468416998,R717,cold_storage,4.860769709734976,3.380233894852523,1.1661232372090593,0.6389489200924435,838.0207465155861,879.1677635302015,BITZER-CSH9563-160,screw,1417,500.0,135.0,BAC-VXC-584,evaporative,565.0,4,182.2897096453347
114.87767578749197,4.271916932671267,47.294052840124095,R717,process_cooling,4.051445101460926,3.771034918133765,1.1892397237356767,0.10968535436735313,100.8571962270882,146.06676957517112,BITZER-N320VLD,screw,320,150.0,42.5,BAC-VXC-116,evaporative,105.0,2,58.575465653422626
72.0232896732123,2.8524069546367485,28.625538043653712,R410A,cold_storage,6.871820306414706,2.081486222846913,1.1386145439190665,0.3764440499192201,41.92443330698218,80.65166292105405,COPELAND-ZP91K5E,screw,91,80.0,27.0,GUNTNER-GACV-060,air_cooled,65.0,4,17.60151125894538
59.853647717486965,9.38761062148479,39.19591412320756,R717,ice_making,6.281886163862012,2.5255886979462288,1.1883185717730627,0.05528674724557018,42.79150847644188,71.35703683442698,BITZER-4NES-20Y,screw,134,50.0,15.0,BAC-VXC-116,evaporative,105.0,3,20.519261644460254
799.6498524230177,-29.949384369742553,33.43085753952168,R410A,blast_freezing,2.060624039474691,7.616135020917974,1.1407710880558843,4.764395708127447,1669.9250852104308,1169.8923077236695,COPELAND-ZP91K5E,screw,91,80.0,27.0,GUNTNER-GACV-240,air_cooled,250.0,3,262.55083732375886
96.61568870571453,-20.7707201302049,34.28393958188654,R717,process_cooling,2.737283010140743,7.2024888644262,1.1031275412774693,0.08728819399458794,207.16238455592264,131.15890558406062,BITZER-6FE-35Y,screw,232,100.0,30.0,BAC-VXC-116,evaporative,105.0,4,24.01604607610266
477.2849982956447,-2.7295084337095545,43.34960699282281,R717,process_cooling,3.646607335886989,4.401673465742746,1.1849081789518863,0.4299880136778351,505.89155346510483,591.5682555176883,BITZER-CSH9563-160,screw,1417,500.0,135.0,BAC-VXC-584,evaporative,565.0,3,154.75212947935202
815.5295046524934,-29.78767154186018,33.72247093465277,R717,blast_freezing,2.1959460467558722,10.787853986654435,1.187191092357669,0.7202974392923011,2533.7860672864704,1142.7317782990922,BITZER-CSH9563-160,screw,1417,500.0,135.0,BAC-VXC-584,evaporative,565.0,2,392.5875616087774
594.259920655169,8.881240416555293,49.78191127313522,R717,process_cooling,4.363145671352507,3.418124684615972,1.1039466752871872,0.5644360370895806,444.2600800173436,735.7379233518888,BITZER-CSH9563-160,screw,1417,500.0,135.0,BAC-VXC-584,evaporative,565.0,3,199.51796527858298
343.8134768428665,-15.679036509844515,25.20372459533297,R410A,ice_making,3.8350381328900767,3.5463628963392746,1.1773539713635008,1.8774147242895771,387.0515943147667,439.5963541337687,COPELAND-ZP91K5E,screw,91,80.0,27.0,GUNTNER-GACV-240,air_cooled,250.0,2,174.33872648432958
207.38257375665648,-7.612541883171531,30.86234308953258,R717,process_cooling,4.427284737650098,3.7402918898278665,1.1283930553552723,0.18252061207221987,257.05932560003737,253.8733737940714,BITZER-S6H-25.2,screw,418,190.0,55.0,BAC-VXC-292,evaporative,250.0,2,103.54806937777198
600.3242758611132,-8.913596653949362,40.091081335127214,R410A,ice_making,3.017041061422446,4.077420175928488,1.1710674322992203,3.7124306912412166,606.2453806984432,804.7651059581997,COPELAND-ZP91K5E,screw,91,80.0,27.0,GUNTNER-GACV-240,air_cooled,250.0,3,201.4757738636034
733.9703191593094,-35.61392582862613,41.53983288096447,R410A,hvac,1.490131596588571,11.818024240331116,1.1062426648059736,4.856268136183265,2138.255180205205,1202.2806748834746,COPELAND-ZP91K5E,screw,91,80.0,27.0,GUNTNER-GACV-240,air_cooled,250.0,3,239.82084910239178
279.2906879773375,6.306479874730549,29.675995544473203,R410A,process_cooling,7.723839654883903,1.9232044465241043,1.1424951045044738,1.4972180474234336,149.70733376809275,315.11874658831505,COPELAND-ZP91K5E,screw,91,80.0,27.0,GUNTNER-GACV-240,air_cooled,250.0,3,92.99906032139354
232.41107764426508,-3.741986970248192,46.53768984668994,R410A,blast_freezing,2.8874710244602566,3.9974907562818194,1.1866244651248872,1.5727363398355616,216.3640074250994,323.663278534107,COPELAND-ZP91K5E,screw,91,80.0,27.0,GUNTNER-GACV-240,air_cooled,250.0,2,120.20261148812041
551.8932800396617,4.928249819477379,45.70647181350922,R410A,cold_storage,3.8514556407219493,2.976937017272354,1.1485279534068813,3.4788657647485444,363.05921433402887,689.656755255909,COPELAND-ZP91K5E,screw,91,80.0,27.0,GUNTNER-GACV-240,air_cooled,250.0,3,182.50071709729158
339.494002719499,1.591221722003425,28.499699508498853,R410A,hvac,6.5247842638963265,2.1583266151531673,1.1917627087683025,1.7959234233902932,208.13778266628444,386.94465794618424,COPELAND-ZP91K5E,screw,91,80.0,27.0,GUNTNER-GACV-240,air_cooled,250.0,2,167.76098334669774
245.1880883405673,-31.064645423023975,30.616449294762134,R717,hvac,2.2647093038880244,10.484391102464675,1.1813228292569258,0.2288202252468144,853.3136119763785,363.8766264125336,BITZER-CSH8561-90,screw,856,300.0,82.5,BAC-VXC-438,evaporative,425.0,3,84.13967927889122
287.8458545853867,-0.16227592932868617,34.085760699941154,R410A,process_cooling,4.8626812793345735,2.632209443342744,1.1300506765977854,1.665416728821675,204.09256774112106,354.752802419332,COPELAND-ZP91K5E,screw,91,80.0,27.0,GUNTNER-GACV-240,air_cooled,250.0,4,73.56061710179473
706.0109491095008,-33.689892361819425,33.56817857411602,R717,process_cooling,2.001342424739608,13.02727479767229,1.1740030864898214,0.642569228271171,2707.8311471455786,1045.400626022298,BITZER-CSH9563-160,screw,1417,500.0,135.0,BAC-VXC-584,evaporative,565.0,3,232.3632037075639
478.9265227634961,-37.85520689100442,44.052064365233306,R717,cold_storage,1.5070873452202596,21.63937583256827,1.1033983472027895,0.4623526848117732,2380.487506404078,789.9037577264043,BITZER-CSH9563-160,screw,1417,500.0,135.0,BAC-VXC-584,evaporative,565.0,2,237.41772688553988
557.1439560258881,-24.807752637454186,49.0075862409222,R410A,cold_storage,1.5898625249146958,9.019513050310447,1.1790148673332268,4.091386534768444,1176.462256010842,928.6067887669215,COPELAND-ZP91K5E,screw,91,80.0,27.0,GUNTNER-GACV-240,air_cooled,250.0,2,285.0261586549914
147.09884489285997,-23.886773943612212,26.58361331828292,R717,process_cooling,3.00173029673823,6.602533752832674,1.123066543215346,0.12989108695648477,351.9168323008297,196.219505135625,BITZER-N320VLD,screw,320,150.0,42.5,BAC-VXC-292,evaporative,250.0,4,36.79645988740637
250.56661605047526,-39.69055358603198,33.11892436182251,R717,hvac,1.7487869702160104,17.55587509724728,1.152587403148589,0.23493682677911282,1324.6386225861727,397.918832624631,BITZER-CSH8561-90,screw,856,300.0,82.5,BAC-VXC-438,evaporative,425.0,2,126.57861035386742
246.6960924551936,-37.190124528636076,36.73870437479735,R410A,ice_making,1.6051753697134077,11.262392771025956,1.1827083709335764,1.576885104009993,741.304182243981,399.17280489745974,COPELAND-ZP91K5E,screw,91,80.0,27.0,GUNTNER-GACV-240,air_cooled,250.0,2,122.97489875917742
751.702393269778,-35.224436417188,48.54589242290991,R717,ice_making,1.4804293385667584,21.279435289267138,1.143952689444044,0.754934233656878,3421.816236018763,1275.9820962278795,BITZER-CSH9563-160,screw,1417,500.0,135.0,BAC-VXC-584,evaporative,565.0,4,190.390560756023
199.2329277959835,0.7210337948538026,41.5224472316863,R410A,process_cooling,3.8691671529212246,3.072861414239417,1.182178544277322,1.186273292660253,141.33481322099874,244.4660774348182,COPELAND-ZP91K5E,screw,91,80.0,27.0,GUNTNER-GACV-240,air_cooled,250.0,4,48.56477951505632
98.31885401946153,9.576552474435168,35.08155904750946,R717,process_cooling,7.474421477958877,2.233462379317374,1.14923120463743,0.08710371185244754,66.99789701631093,111.9592804577275,BITZER-6FE-35Y,screw,232,100.0,30.0,BAC-VXC-116,evaporative,105.0,2,49.37392202444576
464.61909702370934,-35.62125590527201,25.312870617841423,R410A,process_cooling,2.1700794752118986,7.845400741693502,1.115781591285933,2.6073238793778293,1148.3736100933775,671.4062334142354,COPELAND-ZP91K5E,screw,91,80.0,27.0,GUNTNER-GACV-240,air_cooled,250.0,3,153.20382323266207
699.1157335118302,-21.01199460126029,33.57279096673476,R410A,cold_storage,2.584508411489681,5.368105751280484,1.1978321807556194,4.173544506190297,1042.1573771693568,979.5610034849756,COPELAND-ZP91K5E,screw,91,80.0,27.0,GUNTNER-GACV-240,air_cooled,250.0,2,353.1423785977466
408.4437867781766,1.5867759512120543,30.88350520656122,R410A,hvac,5.896413271298054,2.2957545091387366,1.1114493078748031,2.2897310466106955,265.40478891013674,489.50425358171253,COPELAND-ZP91K5E,screw,91,80.0,27.0,GUNTNER-GACV-240,air_cooled,250.0,4,104.63117796277274
76.43731569766723,-18.571894706872847,41.30707223283041,R410A,cold_storage,2.2494372556937896,5.9264350042141345,1.1924588955225985,0.4957311453542292,113.29140195020669,112.13404698876286,COPELAND-ZP91K5E,screw,91,80.0,27.0,GUNTNER-GACV-120,air_cooled,125.0,3,25.875096012010403
41.91059963453582,-5.865529475987408,42.40350501006952,R717,blast_freezing,3.410332705035896,4.844132491608515,1.1361822522022909,0.037994324468869335,50.13563533145918,53.09453469843187,BITZER-4NES-20Y,screw,134,50.0,15.0,BAC-VXC-116,evaporative,105.0,3,13.685288635478855
259.81021779732714,-29.396328893020222,25.27509035515583,R717,blast_freezing,2.6533401640445144,8.226341688382947,1.1077284688334599,0.23428666004507337,809.6452225709799,364.92639753872777,BITZER-CSH8561-90,screw,856,300.0,82.5,BAC-VXC-438,evaporative,425.0,4,66.25949295928905
812.4920874013056,7.1761304767307905,40.08478161209815,R717,process_cooling,5.57863483235195,2.7970311875869793,1.1541617721892048,0.7201524489159413,600.029232754747,939.9522314602393,BITZER-CSH9563-160,screw,1417,500.0,135.0,BAC-VXC-584,evaporative,565.0,3,265.69090157247507
422.62037532610645,-2.364651803755649,49.41400905536339,R717,blast_freezing,3.169836767325628,5.100136257257302,1.1730385189992492,0.40831323151065446,474.1062286013,563.9483578457714,BITZER-CSH9563-160,screw,1417,500.0,135.0,BAC-VXC-584,evaporative,565.0,2,214.35182470211532
122.78678325072194,2.4134681796161246,35.47030502844205,R717,blast_freezing,5.462608796186933,2.9151781871883053,1.1727943161703696,0.10945213509697524,107.31341210555043,145.57381458025168,BITZER-N320VLD,screw,320,150.0,42.5,BAC-VXC-116,evaporative,105.0,2,61.52413252135575
753.4923041031731,1.5200437388346302,44.565431377565034,R717,ice_making,4.012466474640001,3.877195626945691,1.1673787049848263,0.6829554836864521,690.8079602519069,920.2151704364679,BITZER-CSH9563-160,screw,1417,500.0,135.0,BAC-VXC-584,evaporative,565.0,4,184.15746716274288
119.88785708506958,-36.892703001375075,39.390526219700824,R410A,process_cooling,1.5211612248418573,11.863599770218693,1.110659993502529,0.7629017245016307,354.2160515501144,191.43430984081317,COPELAND-ZP91K5E,screw,91,80.0,27.0,GUNTNER-GACV-240,air_cooled,250.0,4,28.87582578663459
564.4424181564784,-14.475029437255841,28.328402419712077,R410A,process_cooling,3.6205125998807874,3.686801820364925,1.1416648897724457,3.208885696204316,634.1749223766436,741.2939361939616,COPELAND-ZP91K5E,screw,91,80.0,27.0,GUNTNER-GACV-240,air_cooled,250.0,3,193.61950131353447
613.379918115552,3.5409731592703295,48.62623801720236,R717,cold_storage,3.822682382414257,4.010340339129996,1.124917720079622,0.5720050858628698,539.3553960956456,765.3782137423744,BITZER-CSH9563-160,screw,1417,500.0,135.0,BAC-VXC-584,evaporative,565.0,2,303.3371868138661
51.74553168771594,3.688400377809458,49.17742084920785,R410A,cold_storage,3.3001302015369407,3.3536045206904053,1.1922891840278247,0.3401588812677861,36.90161450570005,66.64051516522024,COPELAND-ZP61K5E,screw,61,55.0,18.5,GUNTNER-GACV-060,air_cooled,65.0,3,17.047730063624567
531.3291747208951,-26.069171804098694,47.32179086743631,R410A,hvac,1.6114309486802327,9.116459179266743,1.1951182982412796,3.6917370020337654,1113.5392791142924,849.4630183595827,COPELAND-ZP91K5E,screw,91,80.0,27.0,GUNTNER-GACV-240,air_cooled,250.0,3,174.72553355415448
223.90204797191345,-14.288282602835427,49.95882896641717,R410A,hvac,1.9886986276511747,6.213711048008749,1.1779439820754505,1.5799424431390938,310.2151641459171,337.4543185368101,COPELAND-ZP91K5E,screw,91,80.0,27.0,GUNTNER-GACV-240,air_cooled,250.0,4,56.13604981447491
720.1160403903826,-15.891527194477032,43.205489192150424,R410A,process_cooling,2.2908177631647013,5.6206565686326355,1.1782599160987486,4.722976863369828,981.0241684069215,1046.6394754410762,COPELAND-ZP91K5E,screw,91,80.0,27.0,GUNTNER-GACV-240,air_cooled,250.0,3,242.86367650088584
587.2342076002479,-31.884503686218277,36.74802918801151,R410A,blast_freezing,1.8167396248399548,8.96710576319776,1.1685095770279024,3.686226005006696,1395.0191581551878,906.3648353909633,COPELAND-ZP91K5E,screw,91,80.0,27.0,GUNTNER-GACV-240,air_cooled,250.0,3,194.86227936431604
644.8490156338315,-37.642084977877076,46.766222281746806,R410A,hvac,1.2606651490349519,14.622551570240931,1.1150655329955566,4.6817942417243,2243.039775968624,1153.6173664467,COPELAND-ZP91K5E,screw,91,80.0,27.0,GUNTNER-GACV-240,air_cooled,250.0,2,321.6586962960149
654.8253386349661,-34.50325811687741,35.99034256050183,R717,cold_storage,1.874997300498066,14.553582800588243,1.1881824334492315,0.6047703798361802,2648.5502187856414,993.9225825125902,BITZER-CSH9563-160,screw,1417,500.0,135.0,BAC-VXC-584,evaporative,565.0,3,216.07001843008356
391.5676767808415,-9.003418078409517,35.31472535202056,R717,hvac,3.732532155880357,4.501626064668601,1.1547729434996743,0.357420539435898,530.5301479008234,503.6408972224018,BITZER-CSH9563-160,screw,1417,500.0,135.0,BAC-VXC-584,evaporative,565.0,2,198.60993882136162
746.1920291590388,-22.7038336759854,29.87177363707775,R717,blast_freezing,2.8717336708183607,6.9056947719646065,1.1334069535162101,0.656281967327473,1690.184457195157,990.185705701523,BITZER-CSH9563-160,screw,1417,500.0,135.0,BAC-VXC-584,evaporative,565.0,2,367.219167586115
691.5695001643347,-17.020510328641883,30.667970358655847,R717,process_cooling,3.311941185520123,5.495341578433416,1.1731456611973443,0.6079512714304207,1236.1068293604087,889.0551918243088,BITZER-CSH9563-160,screw,1417,500.0,135.0,BAC-VXC-584,evaporative,565.0,2,341.4353743844311
229.63119709881784,-7.046035662311908,35.341752990311676,R717,ice_making,3.963249273524233,4.165944637963712,1.1927920921829172,0.207172473507642,285.6509716672172,288.94042139520917,BITZER-CSH8561-90,screw,856,300.0,82.5,BAC-VXC-292,evaporative,250.0,2,115.36222060162837
591.500345181798,4.075607355730071,36.429369692470445,R717,process_cooling,5.629060829132721,2.820018966613074,1.114381516702891,0.5345218867930775,494.8231176611307,705.8869520434331,BITZER-CSH9563-160,screw,1417,500.0,135.0,BAC-VXC-584,evaporative,565.0,3,199.80108263508103
416.40235151645413,-11.742927395767875,46.61438048448115,R717,ice_making,2.641347387885156,6.873774316670997,1.1216597483348372,0.38826678068846654,640.2402871156319,563.2334034484726,BITZER-CSH9563-160,screw,1417,500.0,135.0,BAC-VXC-584,evaporative,565.0,3,136.18540249852603
287.45564889502384,-36.41280620426723,26.20097301312075,R717,ice_making,2.16246694075868,12.023394183806683,1.1294791042024437,0.2573857809283587,1235.262474765075,420.0812604986486,BITZER-CSH8561-90,screw,856,300.0,82.5,BAC-VXC-438,evaporative,425.0,2,143.6239263963078
644.4291418905556,-20.462499736727082,38.719435897341285,R717,cold_storage,2.5051800728307576,8.058070521930354,1.1447717027730053,0.6155408970628354,1442.146330347079,929.6081487994261,BITZER-CSH9563-160,screw,1417,500.0,135.0,BAC-VXC-584,evaporative,565.0,3,221.46611220391705
700.7200540677709,-6.9937743887621195,46.69781420235346,R717,ice_making,2.9825373056367748,5.684915880494889,1.1540525597989544,0.6583385447634348,905.9509159653176,929.966350543731,BITZER-CSH9563-160,screw,1417,500.0,135.0,BAC-VXC-584,evaporative,565.0,2,348.22766500615097
545.4051667809995,-23.02713613145074,30.962819552288707,R717,cold_storage,2.775946570013142,7.238537245817033,1.1040720229924674,0.49448049711795194,1291.1813088556519,748.867278961184,BITZER-CSH9563-160,screw,1417,500.0,135.0,BAC-VXC-584,evaporative,565.0,3,183.51385680228154
497.6616029110131,-5.863883040745819,49.60694383436736,R717,hvac,2.8757812905504236,5.8689909225610055,1.1991701931760343,0.4823697698847486,636.4750698680883,679.1984795132252,BITZER-CSH9563-160,screw,1417,500.0,135.0,BAC-VXC-584,evaporative,565.0,2,251.97839268131645
137.62378545248794,-28.30581475892071,27.271797759736582,R717,cold_storage,2.613909968279793,8.29623600018683,1.1768461449337095,0.12002214545921525,394.8820950578108,186.4077373349953,BITZER-N320VLD,screw,320,150.0,42.5,BAC-VXC-292,evaporative,250.0,3,44.9423705498264
764.3463763003798,-32.69836933804943,26.10956710326575,R717,hvac,2.3849776132327762,9.92699707173996,1.1065592904202546,0.6781090335056701,2727.701195209768,1080.0847493077467,BITZER-CSH9563-160,screw,1417,500.0,135.0,BAC-VXC-584,evaporative,565.0,3,253.6676498167403
273.03261417389257,5.341796739363097,36.58386028477646,R410A,cold_storage,5.457384602901912,2.3587271021997336,1.1068971449601002,1.5858565660615673,163.38609288345816,326.71246180669505,COPELAND-ZP91K5E,screw,91,80.0,27.0,GUNTNER-GACV-240,air_cooled,250.0,3,92.03909778161932
581.6820633350037,-27.055891838499484,45.42124761819875,R410A,blast_freezing,1.6512399748387392,9.069512253509393,1.1687750792361975,4.124352859907971,1291.876222968908,961.0170224401875,COPELAND-ZP91K5E,screw,91,80.0,27.0,GUNTNER-GACV-240,air_cooled,250.0,3,199.5128995003248
451.1846662883836,-17.51124526087379,44.4409388993382,R410A,process_cooling,2.12812234283534,6.141322909172773,1.1789605476768177,3.0860719295796097,678.9607806778979,686.2251706098195,COPELAND-ZP91K5E,screw,91,80.0,27.0,GUNTNER-GACV-240,air_cooled,250.0,3,155.61743411726292
329.71460522656145,-22.477341062598892,32.781488262387924,R410A,hvac,2.5371096028748266,5.564886879920678,1.1352838019366511,1.9207687211349633,506.2317356038205,455.06020294388475,COPELAND-ZP91K5E,screw,91,80.0,27.0,GUNTNER-GACV-240,air_cooled,250.0,2,163.20353910389625
157.09021352255732,6.30886359054675,43.06723708772789,R717,cold_storage,4.901606213040363,3.1302777982086005,1.1189516856819262,0.13753284386924353,117.99003886310852,180.69703722789598,BITZER-N320VLD,screw,320,150.0,42.5,BAC-VXC-292,evaporative,250.0,4,37.51968906351119
208.54993818913695,4.336919467530031,41.23726221362142,R717,hvac,4.8485168280645174,3.195440621688062,1.1961792055543607,0.18848506884241234,172.92873977795654,249.67198461420094,BITZER-CSH8561-90,screw,856,300.0,82.5,BAC-VXC-292,evaporative,250.0,3,68.99406319504023
406.83257258893855,-20.892455987574845,36.712843838338756,R717,process_cooling,2.5864469055406296,7.762870759569109,1.1402124632132964,0.37524063374646804,895.1223110865304,566.4012506125949,BITZER-CSH9563-160,screw,1417,500.0,135.0,BAC-VXC-584,evaporative,565.0,4,102.11825244632028
561.2751590197311,-38.526890517706946,27.598797877210973,R717,cold_storage,1.994595375761918,14.011286772127374,1.1060571923476605,0.4942591866987773,2630.2952622378384,820.7046263203999,BITZER-CSH9563-160,screw,1417,500.0,135.0,BAC-VXC-584,evaporative,565.0,4,136.66067090187315
232.91255548702168,-16.927618478318106,31.662671999419388,R410A,cold_storage,3.0503636043541387,4.391491838524847,1.19155725653674,1.3203297862552452,284.50429215302745,305.6009421764875,COPELAND-ZP91K5E,screw,91,80.0,27.0,GUNTNER-GACV-240,air_cooled,250.0,3,76.71689775121943
425.832421931121,4.384369682123207,28.355690447523777,R410A,cold_storage,7.487335102990539,1.9710304643945138,1.141095282984361,2.2029734126600187,233.83864129174313,469.4148186986845,COPELAND-ZP91K5E,screw,91,80.0,27.0,GUNTNER-GACV-240,air_cooled,250.0,4,103.526784534176
131.9506317918296,-34.44794558206844,44.52012413731217,R410A,hvac,1.426586889090967,12.065977971620843,1.19477399727817,0.9404075041578805,394.71753970705316,229.12105966425216,COPELAND-ZP91K5E,screw,91,80.0,27.0,GUNTNER-GACV-240,air_cooled,250.0,2,67.34996822102217
110.03840948039104,-31.4912325412635,33.68772598591197,R410A,process_cooling,1.9718478389744722,8.171820792903201,1.1345721682857717,0.6637207674892087,247.26947420442482,164.18260294900935,COPELAND-ZP91K5E,screw,91,80.0,27.0,GUNTNER-GACV-180,air_cooled,185.0,3,36.312212509274524
582.9009093898424,-16.507226856371474,29.34725117689981,R717,ice_making,3.478092727455431,5.168051420047021,1.1944210537539464,0.5119734813046726,1019.5499827745451,745.0543051056754,BITZER-CSH9563-160,screw,1417,500.0,135.0,BAC-VXC-584,evaporative,565.0,2,289.3383542796681
564.7169926011603,-23.066455142302665,39.51999224202693,R717,process_cooling,2.307840201502432,9.267260218345106,1.1948100404249675,0.5326483007978425,1393.1850447139263,818.2198423807802,BITZER-CSH9563-160,screw,1417,500.0,135.0,BAC-VXC-584,evaporative,565.0,4,142.7155281757313
353.1569632553166,9.572061464009643,28.04501165836433,R717,blast_freezing,10.607310685092754,1.8162592895941874,1.1133942522802434,0.30423838554856975,234.04692434519285,388.7241682215443,BITZER-CSH8561-90,screw,856,300.0,82.5,BAC-VXC-438,evaporative,425.0,2,177.61728513159164
691.0603016057462,-4.9514219891577795,33.939191058002,R717,hvac,4.416604065314833,3.6849262456938146,1.1923493604258422,0.5996432481796151,765.0168473406546,825.9186604265976,BITZER-CSH9563-160,screw,1417,500.0,135.0,BAC-VXC-584,evaporative,565.0,4,168.3599017610433
514.5573789294193,-37.12723988695756,44.758420378020276,R717,process_cooling,1.5132880178192287,21.231240081320063,1.1882713016288158,0.5011343635354072,2489.9552742477304,852.8085306349733,BITZER-CSH9563-160,screw,1417,500.0,135.0,BAC-VXC-584,evaporative,565.0,2,256.7443368515577
362.0652875052775,-35.04721590436016,32.55332265325407,R717,process_cooling,1.9745517627248277,13.549937763084166,1.1959608834426014,0.3273950666835888,1471.435931186508,536.4289434605267,BITZER-CSH9563-160,screw,1417,500.0,135.0,BAC-VXC-584,evaporative,565.0,3,118.69650739313603
536.3853741190504,-6.58435585562529,38.13870839419116,R410A,cold_storage,3.426693582277751,3.59236548736624,1.1192709033256392,3.123729116335849,471.8836915956404,674.7642312479535,COPELAND-ZP91K5E,screw,91,80.0,27.0,GUNTNER-GACV-240,air_cooled,250.0,2,261.16673966601917
764.6128681682906,-22.64147241937321,33.76203808624042,R410A,cold_storage,2.4626074666732096,5.740632058958227,1.1518877933896174,4.4698715319132765,1185.2549159734665,1056.9191514667843,COPELAND-ZP91K5E,screw,91,80.0,27.0,GUNTNER-GACV-240,air_cooled,250.0,4,187.9203042160524
591.4546349303538,-30.996081649119454,47.49251053566243,R410A,hvac,1.4349725660049666,11.182094944314683,1.1664131596526481,4.398396008986,1606.694419109257,1039.7844889049734,COPELAND-ZP91K5E,screw,91,80.0,27.0,GUNTNER-GACV-240,air_cooled,250.0,2,306.3817303256404
68.0828389234277,-38.70481615598402,43.32478085569476,R410A,process_cooling,1.3345863410852876,14.134873639090191,1.1234657081852726,0.48322699983650796,242.1336129992245,121.14659426826272,COPELAND-ZP91K5E,screw,91,80.0,27.0,GUNTNER-GACV-120,air_cooled,125.0,2,34.627245763860586
453.3617889562277,2.124875888726997,49.722321313354556,R410A,cold_storage,3.0958377792124283,3.5656598275189584,1.1352807534037515,3.0490849572407344,347.4561563177146,600.1761911208932,COPELAND-ZP91K5E,screw,91,80.0,27.0,GUNTNER-GACV-240,air_cooled,250.0,3,151.2143324365381
410.7554197171278,1.640739409866086,40.23158240797786,R717,hvac,4.562155038098974,3.4293478597749636,1.141817746991291,0.36948932989388994,372.1629072155499,495.5734736751693,BITZER-CSH9563-160,screw,1417,500.0,135.0,BAC-VXC-584,evaporative,565.0,4,101.61902195233057
722.5544815716395,-10.32637970591933,39.82183099364343,R410A,ice_making,2.9208164662648146,4.2528726505667045,1.1856993187618818,4.505378641104266,771.7640747320088,984.2122614296915,COPELAND-ZP91K5E,screw,91,80.0,27.0,GUNTNER-GACV-240,air_cooled,250.0,4,183.29749710410277
327.72845258656906,-32.24025426511204,48.27219449694433,R410A,process_cooling,1.369413820154856,11.994854497258162,1.1101085134071875,2.3711401988489746,910.2025647325653,562.9389068664257,COPELAND-ZP91K5E,screw,91,80.0,27.0,GUNTNER-GACV-240,air_cooled,250.0,2,162.67658954470178
706.3200061784258,-9.724388896007696,29.693042169856326,R410A,ice_making,4.045641677375519,3.2319413485069144,1.1277398214476158,3.7142767908121916,623.386173528643,836.8551897917264,COPELAND-ZP91K5E,screw,91,80.0,27.0,GUNTNER-GACV-240,air_cooled,250.0,4,167.74953763217042
622.6673645248726,-28.410884642607463,27.502474905030567,R410A,ice_making,2.4802497746540784,6.140666613761165,1.1913663507888919,3.5549011676072526,1173.3110029453774,878.6489548192565,COPELAND-ZP91K5E,screw,91,80.0,27.0,GUNTNER-GACV-240,air_cooled,250.0,3,208.727247879511
397.7415072808971,-36.297298089003604,41.583326178741224,R410A,process_cooling,1.4658807422659035,12.188017437625716,1.1413359457913896,2.7060841306169143,1225.6876747758392,672.4863013806437,COPELAND-ZP91K5E,screw,91,80.0,27.0,GUNTNER-GACV-240,air_cooled,250.0,4,99.94245684055974
265.83741284886855,-34.530521975779806,26.870339718065562,R717,cold_storage,2.238375416876265,11.142197260140575,1.1852137711626862,0.24271848914510857,1064.3466944201627,391.8064850982711,BITZER-CSH8561-90,screw,856,300.0,82.5,BAC-VXC-438,evaporative,425.0,4,67.7044730396507
206.80899245527524,3.7120819318299283,47.0694078241731,R410A,ice_making,3.5394463048921803,3.1910313625073994,1.1187028384335835,1.3335860892817635,144.56471064656702,264.1012571555747,COPELAND-ZP91K5E,screw,91,80.0,27.0,GUNTNER-GACV-240,air_cooled,250.0,4,51.48051964780762
667.0042653929248,6.585774377530456,37.56030919259861,R717,ice_making,5.9623983686368565,2.6614175169820564,1.120041743342888,0.6131013337820559,521.087372124823,800.8020539498715,BITZER-CSH9563-160,screw,1417,500.0,135.0,BAC-VXC-584,evaporative,565.0,2,342.8919610216572
478.56431302104147,-21.65171449528788,30.859457247719924,R410A,hvac,2.7293359298389204,5.133732727908398,1.1283657863235104,2.831888129298868,723.9492928182602,671.7535481233269,COPELAND-ZP91K5E,screw,91,80.0,27.0,GUNTNER-GACV-240,air_cooled,250.0,4,122.90667355950458
234.20027080375428,-20.205670253443888,39.56853473181182,R717,ice_making,2.476735242208079,8.157393436592354,1.1888293031538582,0.22316464230795044,517.2738404568663,336.94489587839894,BITZER-CSH8561-90,screw,856,300.0,82.5,BAC-VXC-438,evaporative,425.0,4,60.007682507207214
612.167565625366,2.9957224290301596,46.87714370772133,R717,blast_freezing,3.9411199504322996,3.9065405821060146,1.155206502010831,0.5806893648067544,557.9567990570478,778.0801345810178,BITZER-CSH9563-160,screw,1417,500.0,135.0,BAC-VXC-584,evaporative,565.0,3,206.8699115581417
282.803437366365,-20.042784773597475,43.56565097611276,R717,cold_storage,2.2902746799458606,9.03756225377947,1.1495331490907255,0.2658548354976869,612.05627288707,403.37199101556564,BITZER-CSH8561-90,screw,856,300.0,82.5,BAC-VXC-438,evaporative,425.0,3,93.59225267250334
635.8182399923061,-21.264463617431325,42.0461163729492,R410A,blast_freezing,2.0629732313804374,6.675618424289421,1.1030927587666717,4.187556492877023,1055.382908959128,957.7608693531449,COPELAND-ZP91K5E,screw,91,80.0,27.0,GUNTNER-GACV-240,air_cooled,250.0,3,215.02364818782243
202.57735879211674,-6.102074833272603,45.02845460790387,R717,process_cooling,3.177334193917348,5.24921919791531,1.1503068965301493,0.18919156413709493,251.84751791010092,265.4762110792258,BITZER-S6H-25.2,screw,418,190.0,55.0,BAC-VXC-292,evaporative,250.0,3,67.3082085349935
232.27511019224232,2.333384928274981,42.0401819446985,R410A,ice_making,4.008660828297885,2.9572165284256497,1.163606074620719,1.400418046694286,158.5363121416881,285.82442736824777,COPELAND-ZP91K5E,screw,91,80.0,27.0,GUNTNER-GACV-240,air_cooled,250.0,4,57.18959743133286
321.93502567239034,-24.38705739901347,34.73787604604023,R717,cold_storage,2.465114866592127,8.600885311887154,1.17519849508725,0.28517170339444664,789.4932098735302,438.19561605529464,BITZER-CSH8561-90,screw,856,300.0,82.5,BAC-VXC-584,evaporative,565.0,3,103.9121423292345
463.79768614115795,0.9020615263675964,41.3378519894117,R410A,hvac,3.9161409375183656,3.0417365786687625,1.1510510648664445,2.725993639755462,322.9148171179537,561.7476095749429,COPELAND-ZP91K5E,screw,91,80.0,27.0,GUNTNER-GACV-240,air_cooled,250.0,2,223.74082012384326
182.88527421358023,-5.348121609575486,33.45520659812858,R410A,process_cooling,4.139992034006611,3.067724475331517,1.139655808046023,1.0653739242657823,154.49203350604557,232.66858624206256,COPELAND-ZP91K5E,screw,91,80.0,27.0,GUNTNER-GACV-240,air_cooled,250.0,4,46.85056354332865
55.05881302990582,-7.577198245159678,40.35522598385238,R410A,blast_freezing,3.111468906439705,3.92101397426098,1.107368080689628,0.34368883611471196,53.66439828621859,73.9604989052295,COPELAND-ZP61K5E,screw,61,55.0,18.5,GUNTNER-GACV-060,air_cooled,65.0,3,18.657224290159686
451.7012739437816,7.898955927602032,43.34745212315555,R717,hvac,5.136681669516083,2.9819503998466836,1.1829826959877248,0.426116673721417,346.5442514902044,555.647680769285,BITZER-CSH9563-160,screw,1417,500.0,135.0,BAC-VXC-584,evaporative,565.0,4,116.27559527386163
295.59214011186606,7.955562917854628,36.00287140184574,R717,process_cooling,6.692868409700403,2.4263646808083137,1.157634706307459,0.25970824372280993,210.81159079640636,336.5900739054824,BITZER-CSH8561-90,screw,856,300.0,82.5,BAC-VXC-438,evaporative,425.0,2,146.41827681727239
84.13881914195285,3.40938405849176,28.72126133771154,R717,cold_storage,7.382908956959898,2.306736176269687,1.1935541014317754,0.07412227690357004,70.2094242601628,97.45185224019973,BITZER-6FE-35Y,screw,232,100.0,30.0,BAC-VXC-116,evaporative,105.0,2,42.913394173221775
629.7627841721234,-14.842115889017418,38.72961011826739,R410A,process_cooling,2.657854748720931,4.857088009810577,1.1751392559827902,3.911982978009768,783.1254801539008,876.7077518129568,COPELAND-ZP91K5E,screw,91,80.0,27.0,GUNTNER-GACV-240,air_cooled,250.0,3,212.34321038502355
189.5950675031013,-33.968152795519565,31.56798142204709,R410A,ice_making,1.9515293680381982,8.59863569435494,1.1790091983849322,1.1127345418551349,458.00399241292655,280.3185056373867,COPELAND-ZP91K5E,screw,91,80.0,27.0,GUNTNER-GACV-240,air_cooled,250.0,4,46.33613018388756
440.7373733110583,-17.436395552902216,37.04765093459831,R410A,cold_storage,2.5938369944674378,5.121897131167161,1.1965716355760927,2.8103428650119526,616.6481910682695,641.4017956627757,COPELAND-ZP91K5E,screw,91,80.0,27.0,GUNTNER-GACV-240,air_cooled,250.0,4,115.73227364437618
520.0976139196508,-20.877829454825733,29.36113469096728,R717,process_cooling,3.059442891168356,6.263418509323564,1.167152253287168,0.4700767455663009,1120.6623376819157,701.1574480371703,BITZER-CSH9563-160,screw,1417,500.0,135.0,BAC-VXC-584,evaporative,565.0,4,132.10871710093613
636.286697064045,-21.853427413369644,40.12961293037257,R717,ice_making,2.34889611863405,8.920452459839684,1.1683123647757319,0.5773424774834781,1434.1382646284164,881.1592642026935,BITZER-CSH9563-160,screw,1417,500.0,135.0,BAC-VXC-584,evaporative,565.0,4,154.50998644505236
777.3595795000259,-0.3473303726190409,38.631434175812196,R717,process_cooling,4.478647643377037,3.5316562023763782,1.1022083029218466,0.7185599973825845,776.2667499850379,971.8946220119068,BITZER-CSH9563-160,screw,1417,500.0,135.0,BAC-VXC-584,evaporative,565.0,3,264.83260358033624
694.076115339502,-7.264381099301836,33.68132124915783,R717,ice_making,4.123862974588153,4.0059723396460525,1.1836013360125943,0.6266598854714044,871.130850478589,873.1944528765299,BITZER-CSH9563-160,screw,1417,500.0,135.0,BAC-VXC-584,evaporative,565.0,4,175.69430972745315
510.1731099899938,-24.76611885623112,25.658739764526008,R717,ice_making,2.9929108014418753,6.684470031040297,1.1801643204002064,0.42851460813738695,1205.9900038558028,649.6058315196086,BITZER-CSH9563-160,screw,1417,500.0,135.0,BAC-VXC-584,evaporative,565.0,4,121.7290096445803
283.26732415453495,-3.7557256755929487,39.12708346459719,R410A,blast_freezing,3.626098709079878,3.3502227872312296,1.1123344118551448,1.737439723206912,239.1297403549595,369.0742293256159,COPELAND-ZP91K5E,screw,91,80.0,27.0,GUNTNER-GACV-240,air_cooled,250.0,4,72.32333715045456
220.3261912052855,-11.214512092051823,36.72513682848324,R717,blast_freezing,3.369774851533514,5.127626619045178,1.1145792527305574,0.19858752857347367,320.829030946599,283.69577252323955,BITZER-S6H-25.2,screw,418,190.0,55.0,BAC-VXC-292,evaporative,250.0,4,54.69337163902695
512.3014813712775,-25.479538514476605,28.236806744323992,R717,ice_making,2.762182107372837,7.473144056767103,1.119465143456166,0.44526349827569905,1292.6821516047225,681.0059526877723,BITZER-CSH9563-160,screw,1417,500.0,135.0,BAC-VXC-584,evaporative,565.0,3,166.66413301668686
129.40891438261906,-27.41045665434396,45.88436894062064,R410A,ice_making,1.6191994797406353,9.300357563165884,1.1142165929635623,0.9156915678025752,290.76066356926196,213.41921731831496,COPELAND-ZP91K5E,screw,91,80.0,27.0,GUNTNER-GACV-240,air_cooled,250.0,3,43.97886813909122
662.3716672073014,-10.373509339861513,44.97101255307673,R717,ice_making,2.8369795064170655,6.21932551526788,1.1929630672820477,0.6151193867884523,962.0761421166586,883.6896585605206,BITZER-CSH9563-160,screw,1417,500.0,135.0,BAC-VXC-584,evaporative,565.0,4,163.3452463830014
741.5436380909952,9.302797217487061,34.13695124887555,R410A,process_cooling,7.206189546362614,1.9692250369465862,1.1985970252337308,4.093522529448283,373.30999465805473,837.0814572551138,COPELAND-ZP91K5E,screw,91,80.0,27.0,GUNTNER-GACV-240,air_cooled,250.0,2,367.53767462022233
345.1360883277748,3.352856057586905,49.27900229936426,R717,cold_storage,3.7366981804635353,4.107352826454814,1.171891906271681,0.3294379717524111,312.65676110682364,441.4599761204936,BITZER-CSH9563-160,screw,1417,500.0,135.0,BAC-VXC-584,evaporative,565.0,4,87.06500956302716
214.61521421006674,-6.50089535873925,40.63883640189802,R410A,ice_making,3.1838830695987705,3.807284443190338,1.1817519603456677,1.3164933016927194,198.3248760716165,281.5634273551508,COPELAND-ZP91K5E,screw,91,80.0,27.0,GUNTNER-GACV-240,air_cooled,250.0,3,71.4220907915445
728.6733016660714,0.7336458302147619,28.65013368104856,R410A,hvac,6.242078398616135,2.226308261591101,1.1812970422199638,3.940349726781418,469.2721992332776,851.6060303584193,COPELAND-ZP91K5E,screw,91,80.0,27.0,GUNTNER-GACV-240,air_cooled,250.0,4,183.503661298644
456.9916213536476,-11.549676975680427,45.72406231443715,R717,blast_freezing,2.7062177506147065,6.6594949731555495,1.1558398736921154,0.43354386540815365,709.5609777629337,627.5535924578273,BITZER-CSH9563-160,screw,1417,500.0,135.0,BAC-VXC-584,evaporative,565.0,3,152.7430195819555
270.8333559888568,-33.867578861865695,31.230502905996996,R410A,cold_storage,1.9718700255539385,8.488219327896257,1.1672896864882276,1.6598132343587024,680.3950486975432,418.24459025669444,COPELAND-ZP91K5E,screw,91,80.0,27.0,GUNTNER-GACV-240,air_cooled,250.0,3,92.50336923505945
679.4522721072088,-25.223962134976624,38.04770211820345,R717,process_cooling,2.254166165286994,9.823518294948043,1.1159270417522533,0.6478271644797985,1859.8967616677724,1006.1235313729551,BITZER-CSH9563-160,screw,1417,500.0,135.0,BAC-VXC-584,evaporative,565.0,3,232.31446575705354
185.0571000897579,-20.015167637313777,45.64451848179496,R717,blast_freezing,2.1988185985181246,9.545527661904902,1.1493284605663547,0.17421521341663362,400.6207053947986,265.0700347909214,BITZER-S6H-25.2,screw,418,190.0,55.0,BAC-VXC-292,evaporative,250.0,3,60.735018722029594
738.3329921827323,-28.617413728543163,43.11543912238142,R717,blast_freezing,1.8857122868796528,13.267321936133612,1.1932434814145751,0.7128053306515224,2378.2260490898375,1140.8736947936231,BITZER-CSH9563-160,screw,1417,500.0,135.0,BAC-VXC-584,evaporative,565.0,2,372.76057523676536
415.3452785831067,4.377765703755365,28.79742426197368,R410A,process_cooling,7.328184095037522,1.99422154140319,1.119758233053893,2.260541048357618,239.9987602163357,480.99702923872934,COPELAND-ZP91K5E,screw,91,80.0,27.0,GUNTNER-GACV-240,air_cooled,250.0,3,141.0805660715354
584.9173128860564,6.072874940130191,42.77841867711049,R717,hvac,4.906003851365922,3.131965994782597,1.1338936045458512,0.5435908150845455,470.0866584647526,714.8567825269545,BITZER-CSH9563-160,screw,1417,500.0,135.0,BAC-VXC-584,evaporative,565.0,3,197.93926183783196
209.07122531160422,-33.82947036106995,48.639319010147595,R410A,ice_making,1.310382024424849,12.940298323970755,1.1628971577894835,1.5032386490596132,615.2581817283472,359.7277880393153,COPELAND-ZP91K5E,screw,91,80.0,27.0,GUNTNER-GACV-240,air_cooled,250.0,4,51.006805600707686
163.64645534248544,5.119688466916223,29.050591832093858,R410A,process_cooling,7.507038553029965,1.962107842756749,1.124136868140104,0.8962497737648264,92.97803731983399,189.9610450133361,COPELAND-ZP91K5E,screw,91,80.0,27.0,GUNTNER-GACV-240,air_cooled,250.0,4,41.907794339930966
768.493469384628,-4.155695291632583,36.08114108143483,R410A,process_cooling,3.9495943882867457,3.1493698364616542,1.108299998950314,4.547821555495232,634.1673103086731,978.9441342094643,COPELAND-ZP91K5E,screw,91,80.0,27.0,GUNTNER-GACV-240,air_cooled,250.0,3,260.38714526250675
744.8771863930768,-36.0266550386271,32.750466281625776,R410A,blast_freezing,1.8069093702294792,9.68497450304605,1.1756497095442628,4.591619716624575,2056.513611121233,1166.2901362612702,COPELAND-ZP91K5E,screw,91,80.0,27.0,GUNTNER-GACV-240,air_cooled,250.0,2,375.39163144487566
608.630799647085,-25.74664939584103,39.993304197044736,R717,process_cooling,2.141168512878638,10.628074818217655,1.1934779349648472,0.5785519305388827,1699.3880575554795,904.3709995173699,BITZER-CSH9563-160,screw,1417,500.0,135.0,BAC-VXC-584,evaporative,565.0,4,154.11547487726182
522.3038464311624,-20.555286817343713,41.85994665330709,R410A,hvac,2.109568989269973,6.469423484599212,1.155638448793492,3.5052274930450515,860.7750962080225,799.3187851225991,COPELAND-ZP91K5E,screw,91,80.0,27.0,GUNTNER-GACV-240,air_cooled,250.0,2,271.1337370957404
541.5454106118134,-29.457251105213075,26.71931444622117,R717,cold_storage,2.565270740606698,8.62340718730583,1.1991986945510158,0.4713197772622374,1633.2829216397577,736.4515883727279,BITZER-CSH9563-160,screw,1417,500.0,135.0,BAC-VXC-584,evaporative,565.0,3,176.62966330614995
212.3035422997388,-33.94501617340924,27.081448100454068,R410A,blast_freezing,2.1710149228946625,7.647837939404277,1.160469278809126,1.2184154796614557,501.03083731362625,309.9526082704642,COPELAND-ZP91K5E,screw,91,80.0,27.0,GUNTNER-GACV-240,air_cooled,250.0,4,53.051763733977765
77.41797782237416,-34.154478337428664,49.81333404663796,R410A,cold_storage,1.2642763150233407,13.482048704804372,1.1966618289973228,0.5903017107768868,244.81929434642785,140.90917224994465,COPELAND-ZP91K5E,screw,91,80.0,27.0,GUNTNER-GACV-180,air_cooled,185.0,2,39.33886687396472
551.4478874759097,-32.57444098527898,34.59374883791853,R717,blast_freezing,2.0160430459113097,12.689113810636103,1.178734084949752,0.5162302117006358,2064.5652651765,835.3094203626526,BITZER-CSH9563-160,screw,1417,500.0,135.0,BAC-VXC-584,evaporative,565.0,2,279.1770081645999
214.75531689969495,5.617163950747468,35.73044822545374,R410A,process_cooling,5.711213202054071,2.289916150088563,1.116354500725636,1.2133258758398473,123.94060403957423,250.50624365671018,COPELAND-ZP91K5E,screw,91,80.0,27.0,GUNTNER-GACV-240,air_cooled,250.0,3,71.05990739653902
687.0296356882076,-4.484075961724244,45.0993685680452,R410A,hvac,2.9522030022014834,3.9602204932728617,1.1124310883580912,4.342826755235233,612.1297855429017,902.8722557484027,COPELAND-ZP91K5E,screw,91,80.0,27.0,GUNTNER-GACV-240,air_cooled,250.0,2,337.2122057672804
628.4668244514144,-5.260876342017724,41.1427937562057,R717,cold_storage,3.5835601366451275,4.570106653233412,1.1079432982475779,0.5753645678106554,742.4527415864542,800.3357194117459,BITZER-CSH9563-160,screw,1417,500.0,135.0,BAC-VXC-584,evaporative,565.0,3,208.57521915387244
584.4009706655203,-15.14741881575237,37.403112198074254,R717,hvac,2.967859895509792,6.161005589828187,1.1358813725260712,0.530736372958211,1000.7286005425447,775.6501688879059,BITZER-CSH9563-160,screw,1417,500.0,135.0,BAC-VXC-584,evaporative,565.0,3,193.38897120106506
66.25068366627566,9.040928558827034,36.587210139563076,R410A,process_cooling,6.3664921575187705,2.1097201884421932,1.1382285904172371,0.39100589364009974,35.944196250923746,79.26768412362391,COPELAND-ZP91K5E,screw,91,80.0,27.0,GUNTNER-GACV-060,air_cooled,65.0,2,34.253555052158546
507.0926822662061,4.89829475630107,28.94690602193093,R410A,ice_making,7.46301657583821,1.9701724699906524,1.152130954190677,2.7456256415861566,286.8047646860724,582.6711720371164,COPELAND-ZP91K5E,screw,91,80.0,27.0,GUNTNER-GACV-240,air_cooled,250.0,2,256.9110302578715
158.3811232000967,-32.805598123348695,33.82192396296789,R410A,hvac,1.903890337052852,8.665210252961657,1.191081432742798,0.9892411956224062,388.46025311594667,246.3252992955778,COPELAND-ZP91K5E,screw,91,80.0,27.0,GUNTNER-GACV-240,air_cooled,250.0,3,53.833111523587434
650.0219052172564,-6.48932688889235,49.19239264600138,R410A,process_cooling,2.4771761531055936,4.658212977992902,1.1897033713692053,4.365191807611152,657.3477199998343,899.1182041800402,COPELAND-ZP91K5E,screw,91,80.0,27.0,GUNTNER-GACV-240,air_cooled,250.0,4,160.1352704139436
554.7300471719665,7.315759742073823,46.83838093863537,R717,ice_making,4.520295174568889,3.34235592423308,1.1806429578184385,0.5120710376394509,424.66087312905466,671.3572500506854,BITZER-CSH9563-160,screw,1417,500.0,135.0,BAC-VXC-584,evaporative,565.0,3,183.24702102866274
120.15822098426358,-34.070708884976725,33.57690272666696,R410A,hvac,1.8574502417380276,9.088107634916689,1.179152788222728,0.7097549019134797,293.35834714134666,178.03692883578233,COPELAND-ZP91K5E,screw,91,80.0,27.0,GUNTNER-GACV-180,air_cooled,185.0,4,28.932676733434278
414.07031795079905,6.339265252617416,45.316647329062306,R717,hvac,4.580024048467945,3.322455082255887,1.1536621697962384,0.3687889559837695,316.06079192528665,485.3059578656858,BITZER-CSH9563-160,screw,1417,500.0,135.0,BAC-VXC-584,evaporative,565.0,3,132.7779796038622
107.39114008306608,-31.284790821308583,49.26340737597312,R717,hvac,1.592933459948447,17.791594800971804,1.1497657562977766,0.10512074382037427,396.00847771562707,173.04148950907182,BITZER-6FE-35Y,screw,232,100.0,30.0,BAC-VXC-292,evaporative,250.0,4,26.57642230855772
562.729415427573,-38.81565882566856,43.21316758835562,R410A,cold_storage,1.3347525672203497,14.167466618462024,1.1662765808755469,4.038318642058224,2033.0445048133076,1013.4236509487807,COPELAND-ZP91K5E,screw,91,80.0,27.0,GUNTNER-GACV-240,air_cooled,250.0,3,193.1210811196911
787.4437335845545,-36.54663027204225,45.91316584452818,R717,blast_freezing,1.503207216949453,21.246963318293027,1.1309262680494363,0.7752774150100931,3744.944745204701,1316.6347512691864,BITZER-CSH9563-160,screw,1417,500.0,135.0,BAC-VXC-584,evaporative,565.0,3,263.5518741441125
657.6985558644477,-18.22751199614582,27.586584364384287,R410A,hvac,3.2974651553515812,4.1462708904459085,1.1413856481664466,3.5297353504542412,796.7419243054755,831.0417844734486,COPELAND-ZP91K5E,screw,91,80.0,27.0,GUNTNER-GACV-240,air_cooled,250.0,3,212.55408540310438
322.3004597364178,-29.591211278330906,48.98340580681078,R717,ice_making,1.6610515396157743,16.25889217605843,1.1891822467856186,0.32802150827220217,1143.6310286261687,533.5107903168587,BITZER-CSH8561-90,screw,856,300.0,82.5,BAC-VXC-584,evaporative,565.0,4,83.25552008900608
528.166610529242,-1.663567537554954,36.2030355162963,R717,process_cooling,4.609877671408121,3.465450044860235,1.1192742749224986,0.48879178197040357,553.4289194843547,663.8228006237695,BITZER-CSH9563-160,screw,1417,500.0,135.0,BAC-VXC-584,evaporative,565.0,4,136.37293385040076
614.8834570820246,-16.92714539348161,46.10961124213077,R717,cold_storage,2.3468560403803536,8.442041768923566,1.1329724452144285,0.5729077220807831,1160.4518858539325,856.1057581403386,BITZER-CSH9563-160,screw,1417,500.0,135.0,BAC-VXC-584,evaporative,565.0,3,200.10391299130242
770.0578235876412,6.475418186241349,38.36027982460732,R717,process_cooling,5.768692536193962,2.732650963709436,1.1934587984794252,0.709335533637128,605.1280863469223,927.617923079598,BITZER-CSH9563-160,screw,1417,500.0,135.0,BAC-VXC-584,evaporative,565.0,2,395.2862802302711
464.6039326296262,-16.444354369488938,34.01577992788772,R410A,ice_making,2.895719767747545,4.579590200614861,1.1253294615720162,2.724115884706385,577.0073640588673,624.7227224770066,COPELAND-ZP91K5E,screw,91,80.0,27.0,GUNTNER-GACV-240,air_cooled,250.0,2,232.18070660709827
582.4603488235979,-23.78891654549292,31.625078446092267,R410A,hvac,2.5245363012542743,5.684928250531907,1.1435115427516362,3.535800173165462,978.5227427556389,845.7200939797216,COPELAND-ZP91K5E,screw,91,80.0,27.0,GUNTNER-GACV-240,air_cooled,250.0,3,201.92264508593507
376.33818500207474,-37.3969552074626,25.195966672926968,R410A,hvac,2.080807754664131,8.453814406735017,1.1626997435243638,2.154870255275948,1021.8306211640588,560.1787412816318,COPELAND-ZP91K5E,screw,91,80.0,27.0,GUNTNER-GACV-240,air_cooled,250.0,2,189.17510628375567
774.9185239134302,-20.319507496141696,41.92389268539561,R410A,cold_storage,2.118498230019028,6.421905587039302,1.1949680562269627,5.042599009693668,1227.6999719646476,1148.2483379424502,COPELAND-ZP91K5E,screw,91,80.0,27.0,GUNTNER-GACV-240,air_cooled,250.0,4,195.01069842987604
113.22258809189324,-6.185900295252033,28.46240749333425,R717,process_cooling,5.019890023792416,3.2908164904350015,1.1785627615089307,0.09567383926506524,127.7557067256879,131.70799257756488,BITZER-N320VLD,screw,320,150.0,42.5,BAC-VXC-116,evaporative,105.0,4,27.457297200644106
388.14056545637385,-23.005788372439397,34.887631659948845,R717,cold_storage,2.546603366027052,8.107187002002757,1.197529926298738,0.351770378024419,917.7005363059634,536.16222358464,BITZER-CSH9563-160,screw,1417,500.0,135.0,BAC-VXC-584,evaporative,565.0,2,192.4929830603982
213.8223407086356,-0.9490212679933165,34.55644092293627,R717,ice_making,4.976699491600254,3.2177884712561626,1.1728764649480476,0.1888988438590669,208.48406867036533,255.17493521536102,BITZER-CSH8561-90,screw,856,300.0,82.5,BAC-VXC-292,evaporative,250.0,3,70.82665899131523
438.6568594618219,-4.533418301245071,42.2415736829258,R717,cold_storage,3.5588496361404807,4.578342025396276,1.165124090702682,0.39122375411792787,491.51759242550264,542.7509153202568,BITZER-CSH9563-160,screw,1417,500.0,135.0,BAC-VXC-584,evaporative,565.0,4,105.92413940294344
531.1384821873564,-7.0982466672728535,48.10135179344449,R410A,hvac,2.5156093774188077,4.63602249235183,1.1552633542627038,3.6376915869578643,558.9960457231255,755.512154107389,COPELAND-ZP91K5E,screw,91,80.0,27.0,GUNTNER-GACV-240,air_cooled,250.0,4,135.15249104707485
646.3257267603419,-34.81496329951731,39.19715374172764,R717,blast_freezing,1.755533740751575,16.18547606613283,1.1171116422045853,0.605703438218598,2692.2667963643885,1003.6742008881963,BITZER-CSH9563-160,screw,1417,500.0,135.0,BAC-VXC-584,evaporative,565.0,4,159.8586780414926
465.8473047492992,-29.618656814278395,25.51746531412634,R410A,process_cooling,2.5249999162838788,6.122023609415025,1.1588064405961216,2.640480258102534,913.5509543240439,659.3822040845137,COPELAND-ZP91K5E,screw,91,80.0,27.0,GUNTNER-GACV-240,air_cooled,250.0,4,118.08085458535894
52.49333578399639,-0.627662370126167,33.67133119074976,R717,hvac,5.182927726090237,3.0988655470911644,1.1310486593724565,0.04619452508705254,50.403894008662725,62.243602017667826,BITZER-4NES-20Y,screw,134,50.0,15.0,BAC-VXC-116,evaporative,105.0,4,13.044147730685786
677.2019059026346,-10.653098225908717,32.102665499722704,R410A,hvac,3.6376452979236196,3.5502237504422367,1.1709022704082441,3.685292536847311,638.3428403686688,827.728188020048,COPELAND-ZP91K5E,screw,91,80.0,27.0,GUNTNER-GACV-240,air_cooled,250.0,3,216.41597245179943
51.24835266342594,-19.474282505897172,47.53910855817939,R717,process_cooling,2.1461306918764476,9.800203229214677,1.1706525965095946,0.04991894750656769,112.24177808074309,75.90003500130226,BITZER-4NES-20Y,screw,134,50.0,15.0,BAC-VXC-116,evaporative,105.0,3,17.25838398379207
799.5162884277129,-15.914012250329144,38.196755928755,R717,blast_freezing,2.8542503463115856,6.50971664445343,1.1997410760679557,0.7271712065085312,1413.887347903597,1068.569069455508,BITZER-CSH9563-160,screw,1417,500.0,135.0,BAC-VXC-584,evaporative,565.0,4,197.83118392075687
315.5913872389463,2.4522064698031087,47.25326407509111,R410A,cold_storage,3.384495305269361,3.3329572011647333,1.181746356481474,2.0218886385883503,228.03430611686352,402.458695434212,COPELAND-ZP91K5E,screw,91,80.0,27.0,GUNTNER-GACV-240,air_cooled,250.0,4,77.66683907865654
81.79668253512371,-34.908992125318704,46.557539271639484,R717,cold_storage,1.541120230741052,19.869382666158042,1.1094676380397,0.08036006619764348,358.7937671460691,135.04786297328897,BITZER-6FE-35Y,screw,232,100.0,30.0,BAC-VXC-116,evaporative,105.0,4,20.475712958078613
497.64645399968185,-35.67647251318139,40.30836690613791,R717,cold_storage,1.687555700355115,17.445210752058838,1.1876515622021924,0.46412904104043445,2149.7941042162993,775.2991563647104,BITZER-CSH9563-160,screw,1417,500.0,135.0,BAC-VXC-584,evaporative,565.0,3,162.27390941527287
475.2413666002221,-39.09993047361333,46.6637083510536,R717,hvac,1.4047548257453908,24.78195453976288,1.1431637104316779,0.4699393358260844,2572.850881977254,814.1638626786935,BITZER-CSH9563-160,screw,1417,500.0,135.0,BAC-VXC-584,evaporative,565.0,4,118.89991890242851
637.9583192825826,-12.928891985572157,49.425628432828034,R410A,cold_storage,2.0866395765064096,5.847740501752377,1.1331420268020447,4.337479040608845,812.3537687972611,922.1799070935151,COPELAND-ZP91K5E,screw,91,80.0,27.0,GUNTNER-GACV-240,air_cooled,250.0,3,207.804965357427
466.6402216550541,-9.19114378068975,47.96629355899607,R410A,ice_making,2.3898906033541047,4.962680018746858,1.1948538786066636,3.13448325590106,516.6782619621289,658.2718778383928,COPELAND-ZP91K5E,screw,91,80.0,27.0,GUNTNER-GACV-240,air_cooled,250.0,2,232.04255820846345
299.6574268423924,5.3928930679768925,35.66820336098592,R717,ice_making,6.093169649629001,2.6317499959632364,1.1519778682173558,0.26702797410707396,236.31158186609525,350.17630304566615,BITZER-CSH8561-90,screw,856,300.0,82.5,BAC-VXC-438,evaporative,425.0,3,100.26940127529305
574.5696953059515,-2.7151662068099114,40.19533615476347,R410A,cold_storage,3.62094161839495,3.3233568202558588,1.1060941980544952,3.4744769787890686,462.2819895066665,731.4412107621981,COPELAND-ZP91K5E,screw,91,80.0,27.0,GUNTNER-GACV-240,air_cooled,250.0,3,191.05095455833194
380.996969982288,-3.3561849102131163,38.7042880650711,R717,ice_making,4.054241397364346,3.967168459251877,1.138351187555034,0.3431419694133433,412.9858440841197,471.3242425992702,BITZER-CSH9563-160,screw,1417,500.0,135.0,BAC-VXC-584,evaporative,565.0,4,94.51775774519899
620.0448301207748,-3.742513719317003,34.57987271594396,R410A,cold_storage,4.2095147253910445,2.9926273928968086,1.1563634026487009,3.705676556658213,509.80497763763367,800.4604124465703,COPELAND-ZP91K5E,screw,91,80.0,27.0,GUNTNER-GACV-240,air_cooled,250.0,2,323.4034330360297
490.6558592917144,-28.484467160582852,46.930012177345056,R410A,blast_freezing,1.5397298970516886,9.953940718458735,1.1728502751516672,3.4640133853610786,1146.5847601118799,809.0365340924468,COPELAND-ZP91K5E,screw,91,80.0,27.0,GUNTNER-GACV-240,air_cooled,250.0,4,122.62108470622394
349.199824044803,8.419025433433937,28.189204951222187,R717,process_cooling,9.824236413123339,1.8988285657780968,1.1759182632298526,0.2982070882267091,238.3492154597137,383.024760013955,BITZER-CSH9563-160,screw,1417,500.0,135.0,BAC-VXC-438,evaporative,425.0,4,86.90972856742906
149.15849584393862,7.420102157624406,30.102001977151318,R410A,blast_freezing,8.001650743584943,1.8800387307030486,1.1160001948002256,0.7908514623314109,76.40601027994302,165.44198173127913,COPELAND-ZP91K5E,screw,91,80.0,27.0,GUNTNER-GACV-180,air_cooled,185.0,3,49.02097011053493
57.72856552693384,8.242496512704939,26.768979533481318,R410A,blast_freezing,10.071570185638427,1.6816643645045422,1.1733344247838726,0.2956837705654664,27.853974953155724,62.345332942487715,COPELAND-ZP61K5E,screw,61,55.0,18.5,GUNTNER-GACV-060,air_cooled,65.0,3,18.90473786912254
123.92333667822388,-29.258165248356434,35.969075581394236,R717,blast_freezing,2.1277298939258786,11.21575076790368,1.1717604086278723,0.11316758631060266,388.6454273260031,179.65695432912298,BITZER-N320VLD,screw,320,150.0,42.5,BAC-VXC-292,evaporative,250.0,4,30.55422665493843
709.4161398406618,-14.337236126697658,40.69500986428375,R410A,process_cooling,2.5530850920892005,5.003302167995376,1.1362709913558084,4.505241571354363,886.0987859718493,1000.1347661001693,COPELAND-ZP91K5E,screw,91,80.0,27.0,GUNTNER-GACV-240,air_cooled,250.0,4,179.66282084656288
679.8187327446237,-32.47991827163592,46.79352163183505,R410A,ice_making,1.411912565293986,11.706269832457968,1.1292203978075388,4.881599557347349,1891.9890421182115,1166.8410025729668,COPELAND-ZP91K5E,screw,91,80.0,27.0,GUNTNER-GACV-240,air_cooled,250.0,3,227.68617969258688
198.8865166427372,-18.574373520062718,35.77465289768142,R717,hvac,2.807532214929913,6.820770639559841,1.1780109709520579,0.1791078471399351,388.03345126898125,266.31410998981426,BITZER-S6H-25.2,screw,418,190.0,55.0,BAC-VXC-292,evaporative,250.0,4,49.092522458181925
306.01411907085367,8.592206968026808,38.4546195231867,R717,blast_freezing,6.25314591076841,2.5431949764049495,1.177685857728881,0.28164562413739486,223.81847942665146,364.6640998831381,BITZER-CSH8561-90,screw,856,300.0,82.5,BAC-VXC-438,evaporative,425.0,4,78.59685483518383
394.85122603694225,9.708168531359128,46.71506026198644,R717,hvac,4.915866088538565,3.064418181954134,1.1678705023087377,0.3612057823267847,276.6254312184693,467.98592938639797,BITZER-CSH9563-160,screw,1417,500.0,135.0,BAC-VXC-584,evaporative,565.0,2,194.43950604636814
668.9583546164432,-22.24718159031894,45.085459554617785,R717,process_cooling,2.1081577152139257,10.394042169406386,1.159713617477635,0.6351929242795776,1604.395794629878,979.0813853394632,BITZER-CSH9563-160,screw,1417,500.0,135.0,BAC-VXC-584,evaporative,565.0,2,332.03880971395057
399.4445416437786,-16.346672418862227,35.75564243301624,R717,process_cooling,2.984336132812521,6.188760386708488,1.1661228731514754,0.3650344030745308,722.236687438083,535.8599236035603,BITZER-CSH9563-160,screw,1417,500.0,135.0,BAC-VXC-584,evaporative,565.0,4,100.3420694708936
554.9469459661887,-30.204573627470552,31.717422650128743,R717,blast_freezing,2.2630852681248563,10.383685228449691,1.104459601295294,0.5266272907064308,1888.0202843991663,834.6048770408197,BITZER-CSH9563-160,screw,1417,500.0,135.0,BAC-VXC-584,evaporative,565.0,4,144.70829343525182
407.90792580095746,-9.620189965597628,47.94638302064451,R410A,hvac,2.3646852709180335,5.034110281792979,1.184672489912134,2.8435709966697558,475.57071494025706,598.522799689084,COPELAND-ZP91K5E,screw,91,80.0,27.0,GUNTNER-GACV-240,air_cooled,250.0,3,140.21301991862484
59.854666492648015,-1.4999559770795656,27.9892453645464,R410A,hvac,5.834817986952344,2.350323112345175,1.1641839581529771,0.31949068983631357,40.87068355671362,69.84162695704782,COPELAND-ZP91K5E,screw,91,80.0,27.0,GUNTNER-GACV-060,air_cooled,65.0,2,29.81156059934151
647.1680039608972,-34.60693462903328,31.334635248799025,R410A,blast_freezing,1.9319441626782226,8.784936040382506,1.1394041663326737,4.034608104689239,1704.4869727864204,1020.391083234602,COPELAND-ZP91K5E,screw,91,80.0,27.0,GUNTNER-GACV-240,air_cooled,250.0,2,336.1828342432096
84.6270709358064,-24.112874166514967,47.76618937686748,R717,process_cooling,1.9190910876601663,12.154841409712693,1.190162039892316,0.07857316386394603,214.96589350730017,123.03468802914531,BITZER-6FE-35Y,screw,232,100.0,30.0,BAC-VXC-116,evaporative,105.0,2,40.44320067090514
628.2588532507131,-21.394822182684006,29.870732461055113,R717,process_cooling,2.978590323053324,6.508499854396491,1.1311540122548458,0.5531115823710507,1347.5959125820946,828.1763017259624,BITZER-CSH9563-160,screw,1417,500.0,135.0,BAC-VXC-584,evaporative,565.0,3,206.67269206797224
702.893132927546,-13.390223726243022,35.55552418878684,R717,process_cooling,3.258358551059314,5.428112650313171,1.1503554179630375,0.6426930303163916,1130.2727491070284,927.6968169326522,BITZER-CSH9563-160,screw,1417,500.0,135.0,BAC-VXC-584,evaporative,565.0,3,236.61455621134164
100.58797895993413,-5.0927776387281725,35.73758956156047,R410A,hvac,3.873690145534197,3.2208744027700478,1.1311605920750543,0.6019150564118383,86.55415651375942,130.27227754531623,COPELAND-ZP91K5E,screw,91,80.0,27.0,GUNTNER-GACV-120,air_cooled,125.0,3,34.51419237406028
123.99675855899336,-26.02851716857819,47.361370901141214,R410A,hvac,1.6113436132675667,9.110151991283722,1.1799529102851467,0.8752267286196038,263.58628508128106,201.31223696000586,COPELAND-ZP91K5E,screw,91,80.0,27.0,GUNTNER-GACV-240,air_cooled,250.0,2,62.11039896281835
730.9426322965518,3.344855093019632,43.954035600452954,R717,ice_making,4.323535613075942,3.567028733846678,1.1640037006891517,0.6549873544732681,621.7947761935267,873.9416684617278,BITZER-CSH9563-160,screw,1417,500.0,135.0,BAC-VXC-584,evaporative,565.0,2,354.88801071080445
589.9351756291959,4.0490836362562845,32.23684445825934,R717,blast_freezing,6.569317884359835,2.5012611201875834,1.10378415961378,0.5166475518042405,478.7122645709354,679.636466390428,BITZER-CSH9563-160,screw,1417,500.0,135.0,BAC-VXC-584,evaporative,565.0,3,196.6160430715993
451.6141114380729,-5.443499043853976,30.935162202864305,R410A,blast_freezing,4.494949428961257,2.8864140375917793,1.1393532407552673,2.4947098921910835,362.90200616393076,549.5475737710797,COPELAND-ZP91K5E,screw,91,80.0,27.0,GUNTNER-GACV-240,air_cooled,250.0,3,149.8459985752355
88.71701145258568,0.6647676519646808,41.563471644262705,R410A,ice_making,3.8568356835976023,3.081389912198615,1.1795237728916577,0.5662023195644361,67.57934314651183,116.69206915141834,COPELAND-ZP91K5E,screw,91,80.0,27.0,GUNTNER-GACV-120,air_cooled,125.0,2,46.3328559596909
377.8297725433177,-39.32669774775969,49.69066570279844,R717,process_cooling,1.3312492905333977,27.15867249956244,1.142008725916493,0.37333710283949656,2067.138540719718,651.5211644079837,BITZER-CSH9563-160,screw,1417,500.0,135.0,BAC-VXC-584,evaporative,565.0,3,124.01606460645426
435.0399047832461,1.4136318920680324,33.76157043256255,R717,process_cooling,5.578948513192396,2.8793396675702865,1.1336335042006933,0.38869224606576275,394.62892536758164,518.5883272761411,BITZER-CSH9563-160,screw,1417,500.0,135.0,BAC-VXC-584,evaporative,565.0,3,146.5876384154009
309.88942795422156,-3.8401084887949892,41.96666878547338,R717,blast_freezing,3.6581295544149217,4.4237129929380306,1.1191715662887027,0.2866247526868609,351.0927610656402,396.0716953544036,BITZER-CSH8561-90,screw,856,300.0,82.5,BAC-VXC-438,evaporative,425.0,4,77.76091012056189
218.50111832397283,-33.86877906710791,48.12243145380379,R717,hvac,1.5353397769676562,19.643196831667094,1.1802445672363668,0.21514603344528516,914.3245493884474,359.89709682719933,BITZER-CSH8561-90,screw,856,300.0,82.5,BAC-VXC-438,evaporative,425.0,4,54.486220485490804
522.8314051362579,6.743039703591656,44.19761836767231,R717,hvac,4.803158259726485,3.1782059962266196,1.1037302222096932,0.48462312627026427,409.7130940630569,635.9250113451353,BITZER-CSH9563-160,screw,1417,500.0,135.0,BAC-VXC-584,evaporative,565.0,2,263.1712193691757
769.9092186378275,-32.87444558500836,30.148874385823316,R410A,blast_freezing,2.073033767602128,7.914397162399708,1.140348212461616,4.64407750777317,1828.7244886271144,1167.0638886637528,COPELAND-ZP91K5E,screw,91,80.0,27.0,GUNTNER-GACV-240,air_cooled,250.0,2,393.6440392643043
793.8114467641458,-17.959173050244946,28.847991625759416,R410A,hvac,3.2056966843483905,4.242590424915309,1.119271606309676,4.408908677361321,985.661089874451,1033.357776150493,COPELAND-ZP91K5E,screw,91,80.0,27.0,GUNTNER-GACV-240,air_cooled,250.0,2,393.8267361361681
700.2442018033756,-1.6711107674589911,46.997588410021464,R410A,ice_making,3.0203436687656064,3.7771554876204267,1.197014182471184,4.5718933339529215,588.0930064565122,929.4513102987328,COPELAND-ZP91K5E,screw,91,80.0,27.0,GUNTNER-GACV-240,air_cooled,250.0,2,349.13214040587326
270.15827973517395,-15.346861264999564,43.75608831109782,R717,blast_freezing,2.5632093388944925,7.405858313234275,1.1210401427584704,0.2551449591977362,484.9388370186944,376.5551989716109,BITZER-CSH8561-90,screw,856,300.0,82.5,BAC-VXC-438,evaporative,425.0,4,67.71913398952606
211.3342966192963,-22.941961983434297,47.52286438290787,R410A,blast_freezing,1.7239133533228688,8.103158530720293,1.1612832722070607,1.4806662143985174,397.027163505532,334.66286083201544,COPELAND-ZP91K5E,screw,91,80.0,27.0,GUNTNER-GACV-240,air_cooled,250.0,2,105.90090429010061
514.3580473150995,-25.784851817804004,25.111574881076844,R410A,ice_making,2.8349706705823055,5.188665721531366,1.1653120317886583,2.8234611378895607,842.4761980376107,692.7019764343167,COPELAND-ZP91K5E,screw,91,80.0,27.0,GUNTNER-GACV-240,air_cooled,250.0,4,128.0185661985454
151.26537853525917,3.7532437829531062,25.35780034768245,R410A,hvac,8.427801229965857,1.8574100833592038,1.1906350975564515,0.766179002847089,82.94903492214794,165.2308205493433,COPELAND-ZP91K5E,screw,91,80.0,27.0,GUNTNER-GACV-180,air_cooled,185.0,3,49.23496930998499
624.8970271306297,-38.89569634986236,38.45743329416187,R717,process_cooling,1.6202120033084415,19.59956587219594,1.146369116273105,0.5876166940362125,3184.689177835607,1000.5325021123533,BITZER-CSH9563-160,screw,1417,500.0,135.0,BAC-VXC-584,evaporative,565.0,3,206.22692204241415
90.20148703337203,-20.808823694450222,44.12760081869395,R410A,blast_freezing,1.9780308257124608,6.895141871517272,1.1467530480538939,0.6044075830966263,149.8054957704796,136.86735963987758,COPELAND-ZP91K5E,screw,91,80.0,27.0,GUNTNER-GACV-180,air_cooled,185.0,4,22.727086474733078
182.4043319199791,-18.39880405490601,31.873986195241844,R410A,blast_freezing,2.9075620732762384,4.661372833349358,1.183208651024791,1.066089072114052,242.12571187884592,248.31348682387005,COPELAND-ZP91K5E,screw,91,80.0,27.0,GUNTNER-GACV-240,air_cooled,250.0,2,92.3832895080185
128.51479635639862,-34.98548426505842,41.48812180503678,R717,process_cooling,1.6789547966107399,17.39541862566543,1.1634538459390835,0.1219839864432653,546.6284394232543,203.23691404077672,BITZER-N320VLD,screw,320,150.0,42.5,BAC-VXC-292,evaporative,250.0,2,63.686328733285414
351.04216618274705,2.778052530750962,25.887563000952824,R410A,hvac,7.795972834794462,1.941676612619004,1.1115528274078312,1.8580985185914487,207.42069403192156,401.648559157027,COPELAND-ZP91K5E,screw,91,80.0,27.0,GUNTNER-GACV-240,air_cooled,250.0,4,88.9964451668207
716.5080564885392,-39.91216695464054,35.09077901128078,R717,cold_storage,1.679333398398653,18.806349262850492,1.1170647015688913,0.6511741982856385,3712.4057786396006,1109.2060221378663,BITZER-CSH9563-160,screw,1417,500.0,135.0,BAC-VXC-584,evaporative,565.0,4,173.8050516403001
553.6614510419339,-26.06287443967853,41.11257279891525,R717,ice_making,2.079212139746053,11.125545378836453,1.1027611298336435,0.545946348065472,1626.0159703364438,856.6778837594768,BITZER-CSH9563-160,screw,1417,500.0,135.0,BAC-VXC-584,evaporative,565.0,2,289.23227353727594
142.73614710207187,-10.147534479877422,46.19919588701367,R410A,ice_making,2.449737895516676,4.921645478081844,1.1878504600458841,0.9493011879906472,161.6286624239601,201.91910012556406,COPELAND-ZP91K5E,screw,91,80.0,27.0,GUNTNER-GACV-240,air_cooled,250.0,2,71.69368896823616
276.7537553341751,-8.847122420834921,29.221874814784748,R717,cold_storage,4.460555863517983,3.742894106302118,1.1771778775981687,0.23462618191025658,346.2033080357728,327.7192756332147,BITZER-CSH8561-90,screw,856,300.0,82.5,BAC-VXC-438,evaporative,425.0,2,133.85177013570788
199.01739606574972,-21.798574261145845,38.14239616728074,R410A,hvac,2.248940615233848,6.197306901674816,1.1148749807947582,1.1851450072791274,304.61618499016635,275.3982920324097,COPELAND-ZP91K5E,screw,91,80.0,27.0,GUNTNER-GACV-240,air_cooled,250.0,2,95.31636272661439
679.7643779437512,-14.503280826598107,42.7826455896224,R410A,ice_making,2.4016153527064374,5.292211603071312,1.118992394924236,4.56485509397282,903.0477628238596,1006.254615952161,COPELAND-ZP91K5E,screw,91,80.0,27.0,GUNTNER-GACV-240,air_cooled,250.0,4,177.60947989604955
166.41871213380352,8.945425287826957,25.190847684965973,R717,hvac,12.139905706706978,1.7016423376867975,1.1172122700956548,0.14271819924757498,112.09260261864814,182.37757429044325,BITZER-S6H-25.2,screw,418,190.0,55.0,BAC-VXC-292,evaporative,250.0,3,56.16596760847418
419.98160262340457,-25.205109201639512,46.163036981583076,R717,cold_storage,1.9280835767074476,12.254192846985474,1.1259061735564826,0.4101962389893495,1176.6963386120922,645.2714372758727,BITZER-CSH9563-160,screw,1417,500.0,135.0,BAC-VXC-584,evaporative,565.0,3,141.63271278945976
219.7415097393505,-1.11278269074284,41.04228169875941,R410A,ice_making,3.7060913254712973,3.2206975951885712,1.1681067980700843,1.3622615420966508,172.1084140645534,283.68654474655114,COPELAND-ZP91K5E,screw,91,80.0,27.0,GUNTNER-GACV-240,air_cooled,250.0,4,55.85145771330881
174.88597576050097,-19.412596412814974,25.391264002980293,R410A,cold_storage,3.3901843136227687,4.089637617740526,1.1912236400504026,0.925191996379238,217.95225239855012,220.20193681303803,COPELAND-ZP91K5E,screw,91,80.0,27.0,GUNTNER-GACV-240,air_cooled,250.0,2,85.022074095664
307.24048709646183,4.628510357010136,29.97678803613845,R410A,hvac,7.0175376959583255,2.0402247040420263,1.1163566717749545,1.6303540039109305,171.7431537766563,345.18125473148876,COPELAND-ZP91K5E,screw,91,80.0,27.0,GUNTNER-GACV-240,air_cooled,250.0,4,75.53199494894544
616.3605366993824,-25.35071084030839,29.17600095097552,R717,blast_freezing,2.7135316674818517,7.640693673280528,1.135094521542272,0.557084522991799,1608.2448408634646,852.7986514167068,BITZER-CSH9563-160,screw,1417,500.0,135.0,BAC-VXC-584,evaporative,565.0,2,311.57619670633386
207.03277752798243,-19.86707923144372,30.551739857818653,R410A,process_cooling,2.8925342907404565,4.760325869999214,1.1734920697556888,1.205300376308237,288.6577073611899,283.72798945245194,COPELAND-ZP91K5E,screw,91,80.0,27.0,GUNTNER-GACV-240,air_cooled,250.0,2,105.41884508073886
527.2014281302714,-6.004297162296872,47.18821158948864,R717,hvac,3.0278534474602967,5.538626223820083,1.151162906748856,0.4931996501220301,654.1595667349901,693.2735245822055,BITZER-CSH9563-160,screw,1417,500.0,135.0,BAC-VXC-584,evaporative,565.0,2,260.57683811246375
346.87443429210856,-18.03948120534452,32.850384819856615,R717,cold_storage,3.049321993660276,6.124135974296597,1.1358370467564378,0.3221730714377703,682.8302302856623,475.4441251475064,BITZER-CSH9563-160,screw,1417,500.0,135.0,BAC-VXC-584,evaporative,565.0,3,119.34361932184176
359.54104000552206,-19.241286838720754,25.16437730041509,R410A,blast_freezing,3.4306825878598515,4.039075768107149,1.1027205781361187,1.938861619118367,453.92519765783413,461.3517157590571,COPELAND-ZP91K5E,screw,91,80.0,27.0,GUNTNER-GACV-240,air_cooled,250.0,3,119.07505346697828
644.6133743911288,-6.398133775633177,35.36414466142059,R410A,cold_storage,3.7588984273224524,3.333131526315553,1.1413406182038976,3.793161614449078,569.4812695779248,826.87673982909,COPELAND-ZP91K5E,screw,91,80.0,27.0,GUNTNER-GACV-240,air_cooled,250.0,4,163.28073210641367
333.3575748858162,-30.015481696812515,29.39555570772012,R717,cold_storage,2.3862703334894353,9.604808436089474,1.1207829928974624,0.30349559677863003,1078.7281433088353,478.31160935356496,BITZER-CSH8561-90,screw,856,300.0,82.5,BAC-VXC-584,evaporative,565.0,2,168.5306681330203
142.05258259894813,-24.88907815028291,32.39726083863145,R410A,blast_freezing,2.404179350657977,6.052761273994433,1.1666371633987662,0.840441458888426,242.4083878695548,201.69837158629315,COPELAND-ZP91K5E,screw,91,80.0,27.0,GUNTNER-GACV-240,air_cooled,250.0,3,47.48271757336346
403.54784631231234,-26.899209437450303,36.45367763135245,R410A,blast_freezing,2.0645336833164984,7.257479217784169,1.1810174744710025,2.4546873980499067,764.27561974643,588.4292667850425,COPELAND-ZP91K5E,screw,91,80.0,27.0,GUNTNER-GACV-240,air_cooled,250.0,3,132.13886864642924
738.9315496049892,3.937814798701247,41.947984678085525,R717,blast_freezing,4.679052260515332,3.305733485688061,1.1607515493259277,0.6664828457931992,619.91184412312,885.1256784940286,BITZER-CSH9563-160,screw,1417,500.0,135.0,BAC-VXC-584,evaporative,565.0,3,243.08922902462348
183.15204372543627,-36.29623355173725,28.122730374149178,R410A,hvac,1.9976437896011547,8.700127835279744,1.1575845565341785,1.0781252120870357,488.30203844472607,277.05331343357625,COPELAND-ZP91K5E,screw,91,80.0,27.0,GUNTNER-GACV-240,air_cooled,250.0,2,92.31480953289724
199.33901870005337,-3.9215137118874566,47.77933453329811,R717,hvac,3.158767582508661,5.187170881558616,1.150067797343918,0.18891585478304868,232.0949845355991,262.716721476161,BITZER-S6H-25.2,screw,418,190.0,55.0,BAC-VXC-292,evaporative,250.0,3,66.51498284188507
559.7085868480425,-39.79477494877287,38.59383103177373,R717,blast_freezing,1.5837888650006051,20.639288753306676,1.1187213601773502,0.528553416015789,2995.6900701582827,906.0472203493725,BITZER-CSH9563-160,screw,1417,500.0,135.0,BAC-VXC-584,evaporative,565.0,3,185.12703291305886
168.4316503285395,-38.04175577308275,46.61000641438884,R717,ice_making,1.4384525037816622,23.40096895837226,1.1625068364480553,0.1619724535435835,841.6117347760743,278.4184871847918,BITZER-S6H-25.2,screw,418,190.0,55.0,BAC-VXC-292,evaporative,250.0,2,82.1200678235409
451.7419555531092,-21.933270584844553,25.332841093803346,R717,cold_storage,3.27668194713763,5.8131411561971325,1.127902491362557,0.3924811896197974,978.2370508435046,584.96592668775,BITZER-CSH9563-160,screw,1417,500.0,135.0,BAC-VXC-584,evaporative,565.0,4,112.04640158892676
431.3286169435067,0.548243132174008,25.242913331966058,R410A,process_cooling,7.203367147188817,2.0475283351491536,1.1872567759926576,2.1820190736259635,261.4042607905848,476.88545659495173,COPELAND-ZP91K5E,screw,91,80.0,27.0,GUNTNER-GACV-240,air_cooled,250.0,3,139.5841881905531
51.44678186721412,-35.81339436179562,46.094524356583634,R717,blast_freezing,1.5228147152104157,20.5568085074155,1.1712869346501407,0.05115205529829834,238.49523634443136,86.44476387085955,BITZER-4NES-20Y,screw,134,50.0,15.0,BAC-VXC-116,evaporative,105.0,4,13.044889670430594
201.52911715552122,-7.161410523333274,36.85922018982728,R410A,ice_making,3.501956221497556,3.5492294573346377,1.1235750424117033,1.18326997671737,182.2134793787462,257.47660089565784,COPELAND-ZP91K5E,screw,91,80.0,27.0,GUNTNER-GACV-240,air_cooled,250.0,4,50.0711102037691
486.1406593410748,7.184128877723687,28.402550284888044,R410A,cold_storage,8.634816939551067,1.8119054796025387,1.1856809135461486,2.6813186895826364,260.93792629896717,564.734416667303,COPELAND-ZP91K5E,screw,91,80.0,27.0,GUNTNER-GACV-240,air_cooled,250.0,4,126.53012345695724
450.58328771564413,-22.02771518782222,37.23571134970555,R717,blast_freezing,2.4839063325493425,8.291504845408797,1.1835459766764846,0.4120834650940224,1031.21197105752,626.7669268959671,BITZER-CSH9563-160,screw,1417,500.0,135.0,BAC-VXC-584,evaporative,565.0,4,111.71585787225912
272.57688097651373,-36.08436274052576,25.144504976207084,R717,hvac,2.22824640191273,11.444227737902938,1.1514686196242925,0.25052461610375576,1183.409504399866,407.08405036288053,BITZER-CSH8561-90,screw,856,300.0,82.5,BAC-VXC-438,evaporative,425.0,4,70.24584383953032
72.73343044098422,-18.51647960321063,48.98274313728192,R717,process_cooling,2.1343219508767564,9.758730834659444,1.1267098435082985,0.07032299523423877,151.99111693298187,106.5039935080093,BITZER-6FE-35Y,screw,232,100.0,30.0,BAC-VXC-116,evaporative,105.0,2,36.26203924848784
317.2158709056282,-26.232979229014916,46.21273192491543,R410A,process_cooling,1.6503267252430527,8.941069360905171,1.1511772970673062,2.259190966222845,685.7089162335693,522.5129227900644,COPELAND-ZP91K5E,screw,91,80.0,27.0,GUNTNER-GACV-240,air_cooled,250.0,2,162.68127105842444
198.20437016850732,-2.519301159520573,27.77601499006566,R717,hvac,5.921997007895932,2.796316722749042,1.1151000359578085,0.1719197567763014,200.73821606355614,232.2336882312716,BITZER-S6H-25.2,screw,418,190.0,55.0,BAC-VXC-292,evaporative,250.0,2,99.34179437447278
445.9637609049315,-5.348074750600844,34.09352936351573,R410A,blast_freezing,4.053336164449329,3.1174409193339563,1.1327646812920609,2.600240711844038,377.065597115301,566.6449832379955,COPELAND-ZP91K5E,screw,91,80.0,27.0,GUNTNER-GACV-240,air_cooled,250.0,4,113.62803345246266
317.0457484604277,-33.256439641132616,42.485050135706445,R717,process_cooling,1.7154870091803247,16.37858178124384,1.1340225947157445,0.29785570486726415,1229.8490487989775,491.2613618415279,BITZER-CSH8561-90,screw,856,300.0,82.5,BAC-VXC-584,evaporative,565.0,3,103.45013392959943
544.9001793173718,-38.40061575414693,40.33605256452437,R410A,blast_freezing,1.438871894896274,12.977831288652242,1.1419234186060658,3.57265683414204,1767.2597726073166,901.8845964452946,COPELAND-ZP91K5E,screw,91,80.0,27.0,GUNTNER-GACV-240,air_cooled,250.0,2,266.04439556268574
413.0788442478056,-39.902324865270806,41.43498866444834,R717,cold_storage,1.5053251514071502,22.460285213073654,1.1875813628715202,0.40762041524531323,2322.7381751073635,703.2659123571973,BITZER-CSH9563-160,screw,1417,500.0,135.0,BAC-VXC-584,evaporative,565.0,2,211.2787366949124
29.82828839037847,-8.44942059190667,47.30454685540647,R717,blast_freezing,2.831232367800218,6.122282561689157,1.1279618623597227,0.028331124512602574,41.17928755260409,40.37151056192723,BITZER-4DC-10.2Y,reciprocating,67,37.5,12.0,BAC-VXC-116,evaporative,105.0,2,14.917018398644549
620.8838440122308,-22.80553014041687,26.051945970152243,R717,hvac,3.136930974512173,6.182601377272992,1.1461841518740372,0.5558002377838445,1437.6265724901125,833.5798391059952,BITZER-CSH9563-160,screw,1417,500.0,135.0,BAC-VXC-584,evaporative,565.0,2,316.04133996081686
81.32369971208175,-10.975734566522675,37.94624613214725,R717,cold_storage,3.2915576772471375,5.255792484437231,1.1335828009910704,0.07466943983412723,119.525214589198,106.70064731730423,BITZER-6FE-35Y,screw,232,100.0,30.0,BAC-VXC-116,evaporative,105.0,4,20.459432288802418
118.15079707251101,3.4244043493153953,37.83956083864854,R717,cold_storage,5.2361299793197755,3.004916873473044,1.1990767052309212,0.10783247819369564,102.08715716741327,143.0405692348393,BITZER-N320VLD,screw,320,150.0,42.5,BAC-VXC-116,evaporative,105.0,4,30.0257938542521
784.1877419260737,-24.66681180381238,44.1525982271801,R717,cold_storage,2.02741493833877,11.32484585843639,1.1191998299143389,0.7412785707175717,2077.244672657743,1158.4939504998715,BITZER-CSH9563-160,screw,1417,500.0,135.0,BAC-VXC-584,evaporative,565.0,3,258.6087458615062
108.72783771440605,-8.66871294521053,28.87986012344898,R717,blast_freezing,4.535038908206457,3.6782728900067223,1.1496366696280638,0.09104738915722939,133.43996661993057,126.99754720735959,BITZER-6FE-35Y,screw,232,100.0,30.0,BAC-VXC-116,evaporative,105.0,2,52.02662776030837
428.3457216264911,-27.26076058777123,48.76590385192455,R410A,hvac,1.5125749736062128,9.887162432115831,1.1872398600693592,3.0787315349084787,971.977528548138,709.0887515700856,COPELAND-ZP91K5E,screw,91,80.0,27.0,GUNTNER-GACV-240,air_cooled,250.0,2,213.43639711399146
86.97422688823727,-28.623496013813796,35.67344294569971,R717,process_cooling,2.173797471352581,10.786491691085029,1.1008179084451994,0.08136635847583605,271.5475251681616,128.58036811538744,BITZER-6FE-35Y,screw,232,100.0,30.0,BAC-VXC-116,evaporative,105.0,3,29.35575669186133
264.9715861144165,1.618562614422963,49.8916644683746,R717,blast_freezing,3.498981635867984,4.4472250660884205,1.197544692402836,0.2481843042954563,250.1740789957281,335.75117724982846,BITZER-CSH8561-90,screw,856,300.0,82.5,BAC-VXC-438,evaporative,425.0,2,130.56145795886937
444.43042646388426,1.785316101278255,43.616306996657414,R717,ice_making,4.153996021246841,3.7423452050234522,1.1865487007309394,0.4255988422589391,426.5178417951136,572.1933935934599,BITZER-CSH9563-160,screw,1417,500.0,135.0,BAC-VXC-584,evaporative,565.0,4,115.2935057852426
191.0664234642669,-34.68425855054879,30.75632767390485,R410A,process_cooling,1.9545078387972623,8.684606250709589,1.130670684811271,1.1428894539243422,484.36240731394685,289.54869662879594,COPELAND-ZP91K5E,screw,91,80.0,27.0,GUNTNER-GACV-240,air_cooled,250.0,3,63.848783864330755
218.8707489184931,3.0857900996029244,35.01801710169714,R717,ice_making,5.693885959483592,2.807758137303209,1.1979177855423009,0.19524093829771155,187.01388561590008,258.7179257931428,BITZER-CSH8561-90,screw,856,300.0,82.5,BAC-VXC-292,evaporative,250.0,3,73.35601343557688
579.4197402095136,-24.499478332269042,35.49880020693888,R717,hvac,2.4189288307861503,8.836453875330802,1.1238099739559317,0.5270817749112064,1466.3371961121254,811.5032065907199,BITZER-CSH9563-160,screw,1417,500.0,135.0,BAC-VXC-584,evaporative,565.0,3,191.3824085311866
603.1077270393869,-35.40247807363277,49.74681027919219,R717,ice_making,1.4457657040665086,22.158203917511987,1.1213602127385252,0.6007824214401841,2746.416689838993,1018.8513243011855,BITZER-CSH9563-160,screw,1417,500.0,135.0,BAC-VXC-584,evaporative,565.0,4,150.56841910165875
228.2267742809655,8.999428667540805,47.97311269567456,R717,blast_freezing,4.618748627938432,3.246816743204614,1.1384194590400305,0.21799489028472732,170.90941758972394,283.65667711408946,BITZER-CSH8561-90,screw,856,300.0,82.5,BAC-VXC-292,evaporative,250.0,3,77.72423926754767
428.23843612040946,-24.853646936845333,38.95443854106304,R717,process_cooling,2.233741549197167,9.904349421057537,1.1902026263414858,0.3846687391160015,1086.7163321710107,596.9295367046002,BITZER-CSH9563-160,screw,1417,500.0,135.0,BAC-VXC-584,evaporative,565.0,3,137.44515321693095
681.0891131073768,-7.589851354720025,32.927609305531554,R717,process_cooling,4.169606677649502,3.970305618470211,1.163635384254093,0.6108311414950471,859.5529067625084,851.7703239917694,BITZER-CSH9563-160,screw,1417,500.0,135.0,BAC-VXC-584,evaporative,565.0,2,343.5026542826432
268.65916406168077,-12.62504021136446,31.351505802441764,R717,hvac,3.7135546598520266,4.653724520359487,1.1920680922680162,0.2417534562455991,412.5856694213967,345.4700305943845,BITZER-CSH8561-90,screw,856,300.0,82.5,BAC-VXC-438,evaporative,425.0,2,136.08857163367168
664.3006463021703,-2.7048025028846467,43.71689190901357,R717,cold_storage,3.6147162960482673,4.441482868093509,1.1856538018288825,0.6066616347069554,713.1154667136065,834.832869449064,BITZER-CSH9563-160,screw,1417,500.0,135.0,BAC-VXC-584,evaporative,565.0,3,217.975406220776
46.21633996735852,-12.043588589990215,48.16308711406198,R717,blast_freezing,2.536331633348682,7.250259692410745,1.108081278347443,0.04449372427163883,74.23140275674095,64.77425123429808,BITZER-4NES-20Y,screw,134,50.0,15.0,BAC-VXC-116,evaporative,105.0,3,15.485819719954064
386.4738411168238,-2.243823680190495,44.906523063644165,R717,hvac,3.5534564764112715,4.506187378078534,1.1862405201084294,0.35584089902347754,411.3842861196407,489.06691756603135,BITZER-CSH9563-160,screw,1417,500.0,135.0,BAC-VXC-584,evaporative,565.0,4,95.41531881475181
326.04200818561895,-22.58502003415981,39.996316094584856,R410A,cold_storage,2.1033495181816897,6.682825223745026,1.1687120717994526,2.0674800877980903,547.0774717008034,479.4443697335828,COPELAND-ZP91K5E,screw,91,80.0,27.0,GUNTNER-GACV-240,air_cooled,250.0,2,162.47591161837911
740.5709014727091,-14.614574302095765,49.667822784241295,R717,process_cooling,2.3094904383730683,8.397982152180937,1.1643064054032028,0.7098264720886761,1310.2898230963592,1050.9383987325607,BITZER-CSH9563-160,screw,1417,500.0,135.0,BAC-VXC-584,evaporative,565.0,4,183.34636618448127
245.78216318947054,-27.73968864887312,45.10294532977885,R410A,cold_storage,1.6381290299648095,9.252693358019382,1.1754065738240704,1.7386979341405036,559.1444527711077,407.12636344801484,COPELAND-ZP91K5E,screw,91,80.0,27.0,GUNTNER-GACV-240,air_cooled,250.0,3,84.26748745708535
685.7239576454914,-31.438916965637993,27.6102722010005,R410A,ice_making,2.2852088607597705,6.975576949802849,1.1077302878565196,3.8183470780640305,1419.5669268597637,957.9247491303647,COPELAND-ZP91K5E,screw,91,80.0,27.0,GUNTNER-GACV-240,air_cooled,250.0,4,166.58439519637773
634.1391270724553,-8.475656172167692,35.18939434630328,R717,cold_storage,3.806325389017887,4.391256181591393,1.1108494815760344,0.5691870971424472,828.1344118507437,799.6737138913236,BITZER-CSH9563-160,screw,1417,500.0,135.0,BAC-VXC-584,evaporative,565.0,3,211.0980921842204
39.56489110433068,-8.71026855952979,35.7273096464357,R717,hvac,3.724841000977402,4.501602185769946,1.1459943057665052,0.035551984451401814,52.187420689792894,50.04446078752693,BITZER-4EC-6.2Y,reciprocating,103,50.0,15.0,BAC-VXC-116,evaporative,105.0,2,19.726342047766796
69.88271602759946,6.109378815944382,47.30494116902964,R410A,hvac,3.7882724273581925,2.98092984227603,1.1721017291063571,0.4436540586034456,44.63261356160801,86.75842484335124,COPELAND-ZP91K5E,screw,91,80.0,27.0,GUNTNER-GACV-120,air_cooled,125.0,3,22.879828000682338
246.29521879521704,-31.625469153691203,42.65817433107589,R717,cold_storage,1.7747310820134405,15.17203995813421,1.1309015534433042,0.22926244513213562,877.3616704190724,374.0726394161388,BITZER-CSH8561-90,screw,856,300.0,82.5,BAC-VXC-438,evaporative,425.0,2,119.62931190090224
334.70298837709726,4.217680458336254,27.16188838987572,R410A,hvac,7.87336079031452,1.9202825577973635,1.1988027312674225,1.7883011134937057,190.81370820466333,382.7834980376149,COPELAND-ZP91K5E,screw,91,80.0,27.0,GUNTNER-GACV-240,air_cooled,250.0,4,84.91124884492517
510.7368034463944,9.143626976671847,27.13147842162474,R410A,cold_storage,10.41848115979329,1.6527158559621253,1.1175958748658468,2.634484892639655,241.42301372615054,552.8124662168981,COPELAND-ZP91K5E,screw,91,80.0,27.0,GUNTNER-GACV-240,air_cooled,250.0,3,168.13287697316017
42.70991753711803,9.338469641537117,46.98342583454172,R717,ice_making,4.813991297778844,3.126072907926173,1.1217308417627878,0.039176513183024994,30.371642903016856,50.85870229726344,BITZER-4NES-20Y,screw,134,50.0,15.0,BAC-VXC-116,evaporative,105.0,4,10.527765597485773
663.4897963451525,5.642749372055576,28.792275943410544,R410A,cold_storage,7.804182709233169,1.9180526335296009,1.129154655953081,3.633439369958688,370.85927059872455,769.1160548104691,COPELAND-ZP91K5E,screw,91,80.0,27.0,GUNTNER-GACV-240,air_cooled,250.0,3,227.25267502875673
521.5001645584726,-26.5857651265274,47.321666000553776,R717,cold_storage,1.8291556191313345,13.480927004357632,1.1105914471760114,0.5170446339834167,1575.8057273611485,822.1364572789307,BITZER-CSH9563-160,screw,1417,500.0,135.0,BAC-VXC-584,evaporative,565.0,2,265.77108561214754
620.5750102274783,-31.689328981199598,26.8726466486283,R717,process_cooling,2.4096265353218644,9.663733423086324,1.1185231432469542,0.5433314766847206,2085.418584022083,861.1837248512778,BITZER-CSH9563-160,screw,1417,500.0,135.0,BAC-VXC-584,evaporative,565.0,3,202.86983864574213
189.29980533648208,4.883473416497964,31.221706892172804,R717,hvac,7.102524429915749,2.3558250113488266,1.176231719050751,0.16634204635591365,149.78590891586745,217.74902857450107,BITZER-S6H-25.2,screw,418,190.0,55.0,BAC-VXC-292,evaporative,250.0,4,47.71870200510144
52.86806404004706,-16.823383579797433,31.552534793785618,R717,process_cooling,3.2582843266906525,5.59278504506796,1.1155737709737428,0.047041800584194216,94.88553316873262,68.8101774858781,BITZER-4NES-20Y,screw,134,50.0,15.0,BAC-VXC-116,evaporative,105.0,3,17.550348576909865
550.6134940569372,-13.299727615879927,33.364488661930814,R410A,cold_storage,3.230590486541788,4.022801482408279,1.164824171531958,3.1748881632156003,602.3009224519305,718.9305253859067,COPELAND-ZP91K5E,screw,91,80.0,27.0,GUNTNER-GACV-240,air_cooled,250.0,2,274.49715626987313
465.3523359234518,-7.303982358488213,35.41762007383029,R717,ice_making,3.9230383666099593,4.217975051606196,1.173844732930918,0.4314314114047497,600.6305150666343,602.579988897489,BITZER-CSH9563-160,screw,1417,500.0,135.0,BAC-VXC-584,evaporative,565.0,2,240.0899850211895
635.3105406175156,-14.139573953258825,35.47407158101963,R410A,ice_making,2.967348532674297,4.370372757434676,1.1027472557879046,3.8379849040863996,749.6725787910525,866.6738564610038,COPELAND-ZP91K5E,screw,91,80.0,27.0,GUNTNER-GACV-240,air_cooled,250.0,2,324.11110028480346
93.64476508316154,2.394292904444626,37.21019627073428,R717,blast_freezing,5.14930524124615,3.065207295514807,1.1499531699535765,0.08597507052056104,84.35131727212237,114.55344711801072,BITZER-6FE-35Y,screw,232,100.0,30.0,BAC-VXC-116,evaporative,105.0,4,23.981191472292636
161.06290354506552,-25.45599010488928,39.69673685991238,R717,process_cooling,2.1688999716971846,10.398738450267857,1.1945354007612607,0.15021876171460471,435.66428805133006,234.27340786494705,BITZER-S6H-25.2,screw,418,190.0,55.0,BAC-VXC-292,evaporative,250.0,2,80.17223519610694
795.939240444338,-10.105048051221729,44.11905919665464,R410A,blast_freezing,2.6003459339950297,4.679083401444775,1.1037562687533387,5.1543883624520825,876.3246830394941,1105.9014861119938,COPELAND-ZP91K5E,screw,91,80.0,27.0,GUNTNER-GACV-240,air_cooled,250.0,4,199.68403630727016
43.565544063840655,-25.710870976358077,31.4932366313385,R717,hvac,2.5532608682738385,8.323097340485502,1.169952713179383,0.03976009858228844,116.60498264904227,61.24831171897873,BITZER-4NES-20Y,screw,134,50.0,15.0,BAC-VXC-116,evaporative,105.0,4,11.002774870556902
775.1907947612762,-15.980173824844467,49.19027965529934,R717,process_cooling,2.2568226596395022,8.790738909007418,1.1819990639217939,0.7532351889570614,1468.466915305741,1123.6714091547099,BITZER-CSH9563-160,screw,1417,500.0,135.0,BAC-VXC-584,evaporative,565.0,2,389.32532765694117
339.5493528949036,-15.499435566026175,43.64419034156026,R410A,hvac,2.2869345674563326,5.599513861624142,1.1085579217024428,2.177320105735233,446.0497613135291,480.73886386496355,COPELAND-ZP91K5E,screw,91,80.0,27.0,GUNTNER-GACV-240,air_cooled,250.0,2,167.24067716128565
217.3789277504518,7.171402511164047,36.409277704459285,R717,process_cooling,6.373286310366893,2.523262295099615,1.1543704055728112,0.18921118088546549,157.67532587622333,246.21177340540902,BITZER-CSH8561-90,screw,856,300.0,82.5,BAC-VXC-292,evaporative,250.0,4,53.20484173690547
34.936609801456555,7.4395192591017505,33.395739865077346,R717,process_cooling,7.280208517492655,2.2922605762009027,1.1739506493138938,0.030982790180980175,25.587609154010412,40.16064132012108,BITZER-4DC-10.2Y,reciprocating,67,37.5,12.0,BAC-VXC-116,evaporative,105.0,4,8.827611115983357
378.61283990519115,-13.366958717214793,36.17089696473445,R717,hvac,3.2117174527193404,5.5188836789687645,1.1182856029532662,0.354124416222851,622.2113043071138,511.52932504664835,BITZER-CSH9563-160,screw,1417,500.0,135.0,BAC-VXC-584,evaporative,565.0,3,130.0251563463987
749.7229437182463,-8.947779165706148,33.39931175389217,R410A,hvac,3.687414414000607,3.4592176134854156,1.1959706044821565,4.422001719507837,722.951468568797,981.5562757338089,COPELAND-ZP91K5E,screw,91,80.0,27.0,GUNTNER-GACV-240,air_cooled,250.0,3,257.38459341131147
788.91161489364,-29.33447766091654,38.6822194651606,R410A,ice_making,1.8435842911277431,8.461240746073319,1.1348040164013236,4.934330186741091,1688.2809749110631,1190.2016352474761,COPELAND-ZP91K5E,screw,91,80.0,27.0,GUNTNER-GACV-240,air_cooled,250.0,2,385.8224011264639
256.7739388631041,6.129627613706717,38.51512153409017,R717,ice_making,5.661497434461747,2.7784730076881203,1.1669776402293486,0.23260876404331385,200.7694386649079,304.7330330325664,BITZER-CSH8561-90,screw,856,300.0,82.5,BAC-VXC-438,evaporative,425.0,3,86.32920258961877
335.8279678610437,-17.538668337902777,31.716811305857398,R717,cold_storage,3.178815071325732,5.796619654505045,1.1523016386327523,0.28671179370259636,595.3670640730443,421.1798904162257,BITZER-CSH8561-90,screw,856,300.0,82.5,BAC-VXC-438,evaporative,425.0,4,80.09764493895554
127.8239508210759,-30.266191675012173,39.14131563108542,R410A,blast_freezing,1.7835530984359482,8.890842654388186,1.155304713205193,0.8186058108003755,290.52294283783533,198.16967693979757,COPELAND-ZP91K5E,screw,91,80.0,27.0,GUNTNER-GACV-240,air_cooled,250.0,2,63.488305921059094
234.09887570543887,-38.15547317649391,31.683264411774022,R410A,ice_making,1.760284165578254,10.352540578334507,1.1259616541681088,1.4464326069559716,708.1247733081169,372.5926201840405,COPELAND-ZP91K5E,screw,91,80.0,27.0,GUNTNER-GACV-240,air_cooled,250.0,4,59.40229793187621
260.0769496617443,-14.29568467469807,40.222750693325914,R717,cold_storage,2.8465648945821047,6.430135567992147,1.1184650152785367,0.2384172913590547,434.5636241694396,348.1022757267764,BITZER-CSH8561-90,screw,856,300.0,82.5,BAC-VXC-438,evaporative,425.0,2,128.80267783908454
469.83171335818133,0.7253589026309655,34.16665833324583,R717,hvac,5.359878158687303,2.9885431724666742,1.1068418168811631,0.4169979532580036,433.7244447523585,558.4531019033308,BITZER-CSH9563-160,screw,1417,500.0,135.0,BAC-VXC-584,evaporative,565.0,3,156.88144273928725
130.3772560264679,-1.488649077182501,47.22805455211683,R717,blast_freezing,3.424837449929685,4.658119789147209,1.1887184037602405,0.12473704710547881,140.3498559257303,171.13415866794148,BITZER-N320VLD,screw,320,150.0,42.5,BAC-VXC-292,evaporative,250.0,4,33.11458794816794
43.484796595558144,0.9840379166476225,36.28981525212258,R410A,process_cooling,4.679749608045533,2.6816521798165502,1.14997754186921,0.25103126512510443,29.659175951966684,52.77432939773442,COPELAND-ZP61K5E,screw,61,55.0,18.5,GUNTNER-GACV-060,air_cooled,65.0,2,21.741332308388408
694.1749872607193,-10.482904432168286,37.551544647627686,R717,blast_freezing,3.371384583506806,5.09391181429372,1.1047467597179983,0.6374724319245326,1001.2358298885964,908.0250074839837,BITZER-CSH9563-160,screw,1417,500.0,135.0,BAC-VXC-584,evaporative,565.0,4,175.076194578053
630.3392445539002,-35.04903554773374,26.50784474079561,R717,process_cooling,2.225264163260111,11.31485637503145,1.1120778252027093,0.5531217250128868,2486.1520095100504,895.2381063628438,BITZER-CSH9563-160,screw,1417,500.0,135.0,BAC-VXC-584,evaporative,565.0,3,205.88921039575817
286.30654485532517,-28.632185039926284,47.97173927958761,R410A,process_cooling,1.4956237584677807,10.259979919763092,1.191636108285663,2.0677082752507197,688.3501702265438,481.41755927253257,COPELAND-ZP91K5E,screw,91,80.0,27.0,GUNTNER-GACV-240,air_cooled,250.0,3,96.17095217825566
786.9517690329811,-28.6769045750712,43.333150234883085,R410A,cold_storage,1.6736854475265857,9.215860053659972,1.1719371690481581,5.303001041270153,1768.4685979853564,1255.859089063207,COPELAND-ZP91K5E,screw,91,80.0,27.0,GUNTNER-GACV-240,air_cooled,250.0,4,196.5370574400921
377.20921882582667,-16.05431785704832,47.71969332490918,R410A,hvac,2.0228099956765915,6.288293812793715,1.1661684531298138,2.5098051882847647,524.3256003686776,546.4893817411804,COPELAND-ZP91K5E,screw,91,80.0,27.0,GUNTNER-GACV-240,air_cooled,250.0,3,121.90028323516357
247.55359644195374,-38.03449481881918,48.06306607586794,R410A,process_cooling,1.2120061224619663,15.336089147235663,1.1417289457261242,1.7930828922804238,873.3655659902332,440.9112872620958,COPELAND-ZP91K5E,screw,91,80.0,27.0,GUNTNER-GACV-240,air_cooled,250.0,2,120.792427787106
332.03491867107596,-7.322154611997604,35.647188882092316,R410A,process_cooling,3.6181169391038046,3.462827367173738,1.144692482834148,1.9773514901775975,306.13123404026794,432.42590914400915,COPELAND-ZP91K5E,screw,91,80.0,27.0,GUNTNER-GACV-240,air_cooled,250.0,3,112.92968738934557
664.9141426412313,-4.06522280103114,40.58685380375958,R717,process_cooling,3.768058516953726,4.296215017789933,1.1184911653180725,0.6013480427234326,742.6788784728616,830.7262723927823,BITZER-CSH9563-160,screw,1417,500.0,135.0,BAC-VXC-584,evaporative,565.0,2,328.2494536105987
670.6972535573291,1.6854679851992245,29.203599061231497,R410A,ice_making,6.3548518450158475,2.1916380566909863,1.1585569231535264,3.639802113615061,420.57591871045656,782.1390893452206,COPELAND-ZP91K5E,screw,91,80.0,27.0,GUNTNER-GACV-240,air_cooled,250.0,2,337.8979032971792
161.1466975472001,-34.38783191792285,38.49175409861397,R717,process_cooling,1.795676586387602,15.528485857412795,1.1983647894681284,0.15178637688659044,661.1049836551509,250.44849748212616,BITZER-S6H-25.2,screw,418,190.0,55.0,BAC-VXC-292,evaporative,250.0,2,80.43214032952825
390.5129132211087,-34.56232486171079,44.935798562234055,R410A,process_cooling,1.4090267203701365,12.245201635958844,1.1565284852261937,2.758872156874602,1163.4070962719386,671.6934886891827,COPELAND-ZP91K5E,screw,91,80.0,27.0,GUNTNER-GACV-240,air_cooled,250.0,4,98.21747362315256
811.8928060498744,2.453766444883854,37.15166503898297,R410A,hvac,4.784013379991093,2.6156669053300834,1.172667286096684,4.611483699608545,520.0705554139292,960.0060976857892,COPELAND-ZP91K5E,screw,91,80.0,27.0,GUNTNER-GACV-240,air_cooled,250.0,3,264.67677455527854
748.8051095387059,-35.14639902628808,28.25647764251444,R410A,hvac,2.0488313676408363,8.304766831135247,1.1954479298072005,4.2401171021819835,1831.3633920468242,1082.7377349092997,COPELAND-ZP91K5E,screw,91,80.0,27.0,GUNTNER-GACV-240,air_cooled,250.0,3,242.5352281702943
254.28873625383295,-0.06195230121551987,36.76012867544517,R717,process_cooling,4.788035402950727,3.3146517350812696,1.1080966259449574,0.2233139108482699,238.81940670876264,301.0377256301803,BITZER-CSH8561-90,screw,856,300.0,82.5,BAC-VXC-438,evaporative,425.0,4,62.25684483573904
455.6592932189995,-12.721304180796547,44.54254662200704,R410A,ice_making,2.3978964737875215,5.179037297412522,1.1737989278441296,2.9242541456234465,543.7596156214682,634.4616253766544,COPELAND-ZP91K5E,screw,91,80.0,27.0,GUNTNER-GACV-240,air_cooled,250.0,4,111.9349357742759
86.20701970813768,-7.945224720592549,32.358211891259366,R410A,ice_making,3.936446118608952,3.255907937954092,1.193864618469173,0.4818562567804325,76.16993449659905,106.83642974131511,COPELAND-ZP91K5E,screw,91,80.0,27.0,GUNTNER-GACV-120,air_cooled,125.0,4,21.298513094058997
460.75842322316754,-7.080862625278698,26.23812225789016,R717,hvac,5.230080125438233,3.1870843765560584,1.1851704189219796,0.38878949190477297,536.7643399486889,536.0653135195428,BITZER-CSH9563-160,screw,1417,500.0,135.0,BAC-VXC-584,evaporative,565.0,4,112.50515586178604
791.6612239041699,-29.869486815820416,40.1703440216701,R717,cold_storage,1.9344985481404635,13.00103616247677,1.1117620736240954,0.7147220246353628,2523.5436541882864,1147.623122408884,BITZER-CSH9563-160,screw,1417,500.0,135.0,BAC-VXC-584,evaporative,565.0,2,378.27165829051637
106.42398978671665,-14.559670803003154,30.47944676184304,R717,process_cooling,3.5818371783458613,4.918831081689336,1.1846762747751447,0.09475349606284605,174.52695402737348,136.6584325171015,BITZER-N320VLD,screw,320,150.0,42.5,BAC-VXC-116,evaporative,105.0,3,35.610770328663854
662.2649735373487,-5.1144502129589995,42.607147377755304,R717,blast_freezing,3.4669486416407245,4.730004425535698,1.1974504096969543,0.6204617000345367,796.3391753237457,863.7754322429505,BITZER-CSH9563-160,screw,1417,500.0,135.0,BAC-VXC-584,evaporative,565.0,2,335.2025400047332
237.39797050477785,-13.28003494165392,38.25798559325165,R717,ice_making,3.0621554355116785,5.83303234268636,1.1317120430666998,0.21654944651264413,379.1875752146171,313.5399720223544,BITZER-CSH8561-90,screw,856,300.0,82.5,BAC-VXC-438,evaporative,425.0,4,59.08858885513662
654.0731284533185,-14.89354960623471,37.04958331410531,R717,process_cooling,3.013420817903342,6.034318942903523,1.1257357119274054,0.5950333150499292,1110.656386431897,867.9413425465996,BITZER-CSH9563-160,screw,1417,500.0,135.0,BAC-VXC-584,evaporative,565.0,2,325.84080127875205
815.2858795888748,-0.6967949436541545,26.517483560439878,R410A,hvac,6.4229770506285515,2.20361921809665,1.114491280539034,4.209005752415954,524.709906366086,921.1226061093346,COPELAND-ZP91K5E,screw,91,80.0,27.0,GUNTNER-GACV-240,air_cooled,250.0,4,199.25797020194355
695.5155386433735,-10.199043184661473,47.64845199077351,R410A,hvac,2.349029514701076,5.100273901854462,1.1410018384779779,4.960321329629566,846.0263225488026,1048.539584318896,COPELAND-ZP91K5E,screw,91,80.0,27.0,GUNTNER-GACV-240,air_cooled,250.0,3,245.1506643029519
705.4669381403191,-12.908734536746138,35.87079336811212,R410A,process_cooling,3.0392827503198467,4.224574121408452,1.138157133163527,4.119136229216953,770.923355547754,923.6044478098947,COPELAND-ZP91K5E,screw,91,80.0,27.0,GUNTNER-GACV-240,air_cooled,250.0,2,347.47444532386635
80.31358756902006,-12.971941313502015,36.77497989212731,R410A,blast_freezing,2.9564866289789062,4.330071868111618,1.1572626589451238,0.465792388686333,87.36690125737306,104.15677465446848,COPELAND-ZP91K5E,screw,91,80.0,27.0,GUNTNER-GACV-120,air_cooled,125.0,3,25.943734130852523
326.97376370805114,-22.99375416591571,40.83284495798769,R410A,hvac,2.0386988210090626,6.927978838968229,1.1197261487725156,2.079582539229655,558.6961190025894,481.9118137903639,COPELAND-ZP91K5E,screw,91,80.0,27.0,GUNTNER-GACV-240,air_cooled,250.0,2,161.66015529609206
184.69128092051065,-28.152980015717514,25.735647896515932,R717,hvac,2.7169325149326298,7.858965595601755,1.1486922916393743,0.1652600652674026,540.0078252122263,255.68581412994916,BITZER-S6H-25.2,screw,418,190.0,55.0,BAC-VXC-292,evaporative,250.0,3,62.29878169932022
705.5330419796155,-23.869299866206852,35.10819619455124,R410A,hvac,2.304351509281708,6.227055219446774,1.1282031193535766,4.231082808194193,1174.4690200216917,1002.6827389389293,COPELAND-ZP91K5E,screw,91,80.0,27.0,GUNTNER-GACV-240,air_cooled,250.0,4,174.8099041759405
369.84330888817607,-26.060787127247288,25.21652821859251,R410A,hvac,2.80526772416427,5.260455865571809,1.169937169952965,2.0447540332846312,616.5625392839034,502.2015063052784,COPELAND-ZP91K5E,screw,91,80.0,27.0,GUNTNER-GACV-240,air_cooled,250.0,2,185.11308254589179
752.9445924020198,-17.152544533763134,31.246410201621305,R410A,process_cooling,3.0663454461185085,4.381025998904828,1.1877965988911636,4.357450157521762,946.4884831546615,1010.823679029182,COPELAND-ZP91K5E,screw,91,80.0,27.0,GUNTNER-GACV-240,air_cooled,250.0,4,190.56021101075663
172.93573783307727,-11.540640744647117,41.18546429687831,R410A,hvac,2.716397828993114,4.585465469477217,1.1107283371954562,1.1061785720601738,197.50455425196142,241.80881854753574,COPELAND-ZP91K5E,screw,91,80.0,27.0,GUNTNER-GACV-240,air_cooled,250.0,3,58.91448116861738
207.25349824663556,-9.044330211425937,27.455289127496187,R410A,ice_making,4.4613657032184415,2.9786628537887814,1.1323644166939344,1.1261352683524746,184.71156764980924,254.60862616910464,COPELAND-ZP91K5E,screw,91,80.0,27.0,GUNTNER-GACV-240,air_cooled,250.0,2,103.9943353239474
718.4745437429339,-38.144393007342785,31.665517071768992,R717,process_cooling,1.863367737412587,15.501350432454084,1.1992558886234261,0.6522722924655223,3406.366170662292,1089.571954415711,BITZER-CSH9563-160,screw,1417,500.0,135.0,BAC-VXC-584,evaporative,565.0,3,236.3502716190203
101.45060349137827,-10.550938499573412,30.38975490711259,R410A,hvac,3.8501754520736213,3.385964388767167,1.1312746180103757,0.5864699086043068,101.23175678784095,132.3479885223802,COPELAND-ZP91K5E,screw,91,80.0,27.0,GUNTNER-GACV-120,air_cooled,125.0,3,35.020243533824704
247.13956630907091,-5.234798179927353,34.94551906367128,R717,blast_freezing,4.247845275157379,3.8355090727952743,1.1824696627801594,0.21942517904167952,282.87512236489124,303.0252089527413,BITZER-CSH8561-90,screw,856,300.0,82.5,BAC-VXC-438,evaporative,425.0,2,122.64121126026123
766.9646565185482,-14.5772471029155,41.14876354328168,R717,cold_storage,2.767307787081917,6.6756095073115675,1.1337437662662249,0.7025814254085632,1294.9927524222662,1028.732739343333,BITZER-CSH9563-160,screw,1417,500.0,135.0,BAC-VXC-584,evaporative,565.0,4,188.91608287041558
393.68840732086744,-14.688591797781374,26.039087372291096,R410A,blast_freezing,3.858863742349556,3.4984675100735863,1.1753304327459448,2.199327387830894,437.9142178314018,511.6358735120483,COPELAND-ZP91K5E,screw,91,80.0,27.0,GUNTNER-GACV-240,air_cooled,250.0,2,203.16819181126868
340.0110012880905,-6.8228538675871135,46.76794252466995,R717,blast_freezing,2.9913122024232677,5.65707000053534,1.184619853838817,0.3176139095443428,434.2932600685845,448.2716413292272,BITZER-CSH8561-90,screw,856,300.0,82.5,BAC-VXC-584,evaporative,565.0,4,83.98994883777215
779.0456941094334,-29.47575081604952,42.405023178992344,R717,blast_freezing,1.873046285743493,13.56332383288876,1.123656949550409,0.7397013761329335,2565.466059609295,1189.211350929767,BITZER-CSH9563-160,screw,1417,500.0,135.0,BAC-VXC-584,evaporative,565.0,3,258.4304465584083
223.9015493168475,6.731303458080866,47.441841047396075,R717,blast_freezing,4.358148775177961,3.466996588145485,1.1681197051193644,0.208890839839766,176.67164407615337,274.78557618755684,BITZER-CSH8561-90,screw,856,300.0,82.5,BAC-VXC-292,evaporative,250.0,3,74.50063274627884
141.5109311664809,-33.46627901762941,27.710884303609838,R717,process_cooling,2.26095504091205,10.831032094350503,1.1086692632891189,0.12659991468862966,527.9125065318378,203.29978673093711,BITZER-N320VLD,screw,320,150.0,42.5,BAC-VXC-292,evaporative,250.0,3,46.98538432850211
217.76619137099752,-14.601375443895783,40.662253503687324,R717,process_cooling,2.795763859427372,6.593404899240081,1.1578874915487858,0.1969720358157048,363.40578074811185,288.2618016291777,BITZER-CSH8561-90,screw,856,300.0,82.5,BAC-VXC-292,evaporative,250.0,4,53.07969336966717
774.3645275790216,-16.454815650795897,37.964061225593895,R717,ice_making,2.828065221846368,6.619147275024966,1.1980194876883505,0.7160032169961891,1422.8416899123092,1055.0743664291008,BITZER-CSH9563-160,screw,1417,500.0,135.0,BAC-VXC-584,evaporative,565.0,2,389.72939974107385
565.7191509544797,-32.135388691353796,36.26108970887324,R717,process_cooling,1.9735585522674373,13.021620107479752,1.1480817223263027,0.5179906310789192,2029.6953906921387,838.3428272435185,BITZER-CSH9563-160,screw,1417,500.0,135.0,BAC-VXC-584,evaporative,565.0,2,278.20515845852157
392.4826170931551,-32.7432213211203,40.37879808600652,R717,hvac,1.8024942241444966,15.065632422103523,1.1676665339122334,0.35985254865997973,1450.5467546976417,589.2066329376439,BITZER-CSH9563-160,screw,1417,500.0,135.0,BAC-VXC-584,evaporative,565.0,3,126.32099215380588
538.1882625015594,-2.7891546353131105,47.93475959848234,R717,hvac,3.246116527460942,4.986558765599195,1.1963338764538967,0.5184417005054998,611.2761378596069,716.6995850817287,BITZER-CSH9563-160,screw,1417,500.0,135.0,BAC-VXC-584,evaporative,565.0,2,273.95507792968823
593.2391803861408,-29.29283203807189,49.2253221848334,R410A,hvac,1.4284357944440096,10.85090363903248,1.1799693143155492,4.2648046445097645,1456.8280674041991,991.8342711991903,COPELAND-ZP91K5E,screw,91,80.0,27.0,GUNTNER-GACV-240,air_cooled,250.0,2,291.70455697832864
477.4392098807717,-27.248771364237697,42.880281649122395,R717,ice_making,1.955056477831225,12.348926057571314,1.1206492498408276,0.4553081796499921,1428.9854081605838,721.9858890593189,BITZER-CSH9563-160,screw,1417,500.0,135.0,BAC-VXC-584,evaporative,565.0,4,119.41592317248218
489.17088089425397,-39.16930930846122,36.14632030251541,R410A,cold_storage,1.5546588956227498,12.120691490249568,1.1813194110183074,2.9828776236130103,1524.4453398503224,764.700078215418,COPELAND-ZP91K5E,screw,91,80.0,27.0,GUNTNER-GACV-240,air_cooled,250.0,4,116.3411464753699
602.3559867088196,-14.407553711737535,28.908798655074243,R717,process_cooling,3.7530580063840566,4.6638516518335305,1.127756094820201,0.5451315969709004,998.0322909437418,783.7417036300762,BITZER-CSH9563-160,screw,1417,500.0,135.0,BAC-VXC-584,evaporative,565.0,2,309.42480312623655
588.3305772600982,4.083722277785846,34.63531076927623,R410A,blast_freezing,5.609646646797523,2.3355995419457924,1.1699730604200202,3.2574725622385086,349.0348647795954,679.8631501390802,COPELAND-ZP91K5E,screw,91,80.0,27.0,GUNTNER-GACV-240,air_cooled,250.0,2,288.50196116813095
613.7114211564777,-11.163742309463547,43.45301649128166,R410A,ice_making,2.5752081707638865,4.778139487366279,1.121603978500685,3.995617309695061,704.2611426026316,864.0972551939144,COPELAND-ZP91K5E,screw,91,80.0,27.0,GUNTNER-GACV-240,air_cooled,250.0,2,311.20290142917304
743.701587977295,-21.675755534434003,40.15041696112286,R410A,hvac,2.1431579955708395,6.477982006700289,1.1500436157344338,4.720644316214669,1207.8632248113986,1089.0768176650918,COPELAND-ZP91K5E,screw,91,80.0,27.0,GUNTNER-GACV-240,air_cooled,250.0,3,247.52851461903575
378.8441326342592,-23.622206926445376,28.098630498091932,R717,ice_making,2.917497121365266,6.829200231028232,1.1088074657907867,0.3467960795427861,928.9462987994569,524.467332412104,BITZER-CSH9563-160,screw,1417,500.0,135.0,BAC-VXC-584,evaporative,565.0,4,97.64729144390382
409.6341025331423,4.96150258462341,47.98619252175449,R717,ice_making,4.060097465847933,3.746257788641431,1.117451214351738,0.3829984407672504,343.96091907843606,508.52510953824424,BITZER-CSH9563-160,screw,1417,500.0,135.0,BAC-VXC-584,evaporative,565.0,3,136.0093372700999
186.76862818221792,-7.035758043125334,27.390886445778932,R410A,ice_making,4.807388404549561,2.777323362235927,1.145422625590166,1.0058413317326869,154.24413598603886,225.49431104521614,COPELAND-ZP91K5E,screw,91,80.0,27.0,GUNTNER-GACV-240,air_cooled,250.0,2,93.33272210288348
66.81974134967287,-5.495978953081604,45.356167696833865,R410A,process_cooling,2.8472483758188063,4.12028093057833,1.1968157439896814,0.4417076864312789,64.36589939370937,92.17470107611418,COPELAND-ZP91K5E,screw,91,80.0,27.0,GUNTNER-GACV-120,air_cooled,125.0,4,17.054024220277583
357.89055300289334,-23.096226636794146,47.61278078267309,R410A,ice_making,1.7137781578886244,8.16871322638316,1.1866398452620341,2.569128387173431,692.853155293949,580.9538621735113,COPELAND-ZP91K5E,screw,91,80.0,27.0,GUNTNER-GACV-240,air_cooled,250.0,3,122.29273259248521
100.55828041089305,-17.683601286623272,35.840259809599296,R410A,hvac,2.661764928508844,5.016370094794692,1.1669860793255467,0.6100213093240695,135.03870939324332,139.93138458054625,COPELAND-ZP91K5E,screw,91,80.0,27.0,GUNTNER-GACV-180,air_cooled,185.0,2,50.85859676222546
35.554804634835435,4.395850654383004,34.2417416025071,R717,process_cooling,6.170727564259156,2.6182985667175664,1.190751858836786,0.032489650402822784,29.74801886272445,42.75194545216293,BITZER-4EC-6.2Y,reciprocating,103,50.0,15.0,BAC-VXC-116,evaporative,105.0,4,9.19748400226042
75.42557801480748,-37.096996416484544,30.028084996023704,R410A,blast_freezing,1.8747600716006527,9.467869107019945,1.145420406166117,0.44962180230365806,210.54862337343516,115.57265709600745,COPELAND-ZP91K5E,screw,91,80.0,27.0,GUNTNER-GACV-120,air_cooled,125.0,4,18.842529245557806
568.369361574559,-31.330012331956578,33.80080239575899,R410A,ice_making,1.9743021175929358,8.140169592833548,1.1676745990999815,3.4693855813379306,1284.2546947942333,857.2374382940945,COPELAND-ZP91K5E,screw,91,80.0,27.0,GUNTNER-GACV-240,air_cooled,250.0,3,189.67426338357862
279.52223894862925,1.9215472670891884,41.10408264969555,R717,cold_storage,4.486483826823407,3.476799263340997,1.1641393309907873,0.2503239498973736,249.6741452058224,335.5464801128677,BITZER-CSH8561-90,screw,856,300.0,82.5,BAC-VXC-438,evaporative,425.0,3,91.46257747168227
261.5592852135112,-7.399599591424355,49.87293575003993,R717,cold_storage,2.7479942824519457,6.279479890792211,1.1685649923354111,0.25123415308312674,351.01881962983845,356.88352675082876,BITZER-CSH8561-90,screw,856,300.0,82.5,BAC-VXC-438,evaporative,425.0,4,65.41591429342965
115.06309711655845,0.8297453660937748,49.78569060300075,R410A,ice_making,2.9760490359319167,3.719659158202279,1.1912379088980374,0.8045459918310347,95.52409059319217,159.32190428524137,COPELAND-ZP91K5E,screw,91,80.0,27.0,GUNTNER-GACV-180,air_cooled,185.0,2,59.62574849630812
557.5528892247333,-17.583392353483205,27.741730245992468,R717,cold_storage,3.510357532769465,5.159313075218074,1.139033565257858,0.48320326549169745,1005.2196055013118,705.6086078510624,BITZER-CSH9563-160,screw,1417,500.0,135.0,BAC-VXC-584,evaporative,565.0,4,137.29169327270904
108.9637936753859,-35.33502850595658,39.36147703981798,R410A,process_cooling,1.577184546917127,11.075999492450123,1.1499333425881424,0.6989834788866882,304.2513450622974,173.87498166528547,COPELAND-ZP91K5E,screw,91,80.0,27.0,GUNTNER-GACV-180,air_cooled,185.0,2,53.203976895257505
551.4604644200895,-32.19504119219448,29.574368434810978,R717,process_cooling,2.2479878811112184,10.748874863967286,1.1964343567446276,0.4891447127053963,1921.9857478887507,781.9457068815864,BITZER-CSH9563-160,screw,1417,500.0,135.0,BAC-VXC-584,evaporative,565.0,2,270.59898883541433
81.90518945380187,-29.151693529850018,36.283275506567634,R410A,cold_storage,1.961722204276945,7.916287692351398,1.10952533321773,0.5270077780211884,179.03201867760328,127.8818810012423,COPELAND-ZP91K5E,screw,91,80.0,27.0,GUNTNER-GACV-120,air_cooled,125.0,2,42.35183251193615
232.46042756123694,-1.2575867328959944,27.207900293588654,R410A,cold_storage,6.087140562758781,2.2848096248183722,1.1494276979610305,1.2811465312245043,162.61596358090515,280.4447495247028,COPELAND-ZP91K5E,screw,91,80.0,27.0,GUNTNER-GACV-240,air_cooled,250.0,3,80.29127287315184
177.06766153711115,-21.964609967163742,36.735494888292784,R717,cold_storage,2.5145185575769653,8.151615132199685,1.169908775552143,0.16566545020566145,413.46009102381333,251.67732534765258,BITZER-S6H-25.2,screw,418,190.0,55.0,BAC-VXC-292,evaporative,250.0,4,45.016642730741154
473.2604724349178,7.296498437458467,37.40631163430581,R717,blast_freezing,6.1695255493063845,2.584116806756975,1.1696516507171972,0.43045188785787986,357.20487806765163,560.2701214613578,BITZER-CSH9563-160,screw,1417,500.0,135.0,BAC-VXC-584,evaporative,565.0,3,160.70802291806913
55.59059451657229,-24.252590813473304,43.83806279793933,R717,process_cooling,2.059572904753519,11.016061775052112,1.1829509640154916,0.05455721549169886,150.1649378097865,84.99903282090204,BITZER-4NES-20Y,screw,134,50.0,15.0,BAC-VXC-116,evaporative,105.0,2,28.608846786458255
302.3624437051368,-39.765371982719124,32.95347451761713,R410A,process_cooling,1.6473065512981,11.49307698393979,1.136204560059257,1.822871099010157,955.6218030800245,472.4282544258174,COPELAND-ZP91K5E,screw,91,80.0,27.0,GUNTNER-GACV-240,air_cooled,250.0,4,73.49301482976816
396.2419802048197,-33.97203384057949,35.95861298466131,R410A,ice_making,1.7614190285256197,9.605880445251884,1.1012019061413076,2.4626313161635403,1013.7845024702394,613.6714183200379,COPELAND-ZP91K5E,screw,91,80.0,27.0,GUNTNER-GACV-240,air_cooled,250.0,4,97.8602398191948
598.3169895450799,-29.76561609486377,31.19112899093612,R410A,blast_freezing,2.1855704228594908,7.140510026664819,1.1065631863921117,3.665855251212069,1275.6428483415293,904.378291885836,COPELAND-ZP91K5E,screw,91,80.0,27.0,GUNTNER-GACV-240,air_cooled,250.0,2,310.2399544580801
108.52611585024252,-19.048443926507257,32.48154456116099,R717,ice_making,2.990467076984941,6.332499229801658,1.1599026807894262,0.0974966571518377,215.39137764060087,144.62887666075616,BITZER-N320VLD,screw,320,150.0,42.5,BAC-VXC-116,evaporative,105.0,2,54.19264032145518
68.82503935852299,8.019507951997085,46.10680947816475,R410A,ice_making,4.209185521514557,2.7360032789839184,1.190375590804799,0.43127416388942363,40.9057464760462,84.09505079038712,COPELAND-ZP91K5E,screw,91,80.0,27.0,GUNTNER-GACV-120,air_cooled,125.0,3,22.650480819313216
782.364919436588,-3.704840463798746,43.90930558107364,R410A,process_cooling,3.1298874494103908,3.75265520491064,1.1417469560887912,4.882124332857529,670.8284062373817,1016.5575899425411,COPELAND-ZP91K5E,screw,91,80.0,27.0,GUNTNER-GACV-240,air_cooled,250.0,4,192.6027574200766
148.11956020197582,-38.581259361118555,25.423665160870783,R410A,blast_freezing,2.0097314458450968,8.964788461778275,1.1055636232318977,0.832423946471152,414.9293667663914,217.6622585479594,COPELAND-ZP91K5E,screw,91,80.0,27.0,GUNTNER-GACV-240,air_cooled,250.0,2,72.67138172433704
192.38259491329444,-3.6181371137240177,37.75358601431624,R717,cold_storage,4.129652744680494,3.90183025498997,1.1226277903650779,0.1729164399612426,210.10353955871025,237.58275848641944,BITZER-S6H-25.2,screw,418,190.0,55.0,BAC-VXC-292,evaporative,250.0,3,63.75573159343986
478.5688746678277,-31.724367580996415,29.46660238604304,R410A,process_cooling,2.16877132020665,7.408753570035703,1.170882809820616,2.745009013808475,1032.2027958132967,686.8100603866003,COPELAND-ZP91K5E,screw,91,80.0,27.0,GUNTNER-GACV-240,air_cooled,250.0,2,235.0333632309442
562.9115502410503,3.967420339988614,26.568325726706835,R410A,cold_storage,8.008217235086205,1.9052029675245232,1.183530199940451,2.838892654517175,305.29335882344265,609.4184594447187,COPELAND-ZP91K5E,screw,91,80.0,27.0,GUNTNER-GACV-240,air_cooled,250.0,4,135.44176619365732
792.053207836863,7.223901514194864,30.163191955969758,R410A,ice_making,7.8970389671626755,1.8941772977951283,1.163109165386562,4.238041030364065,411.92838820585604,887.1064272167765,COPELAND-ZP91K5E,screw,91,80.0,27.0,GUNTNER-GACV-240,air_cooled,250.0,3,262.46612495113635
556.0849170506903,4.435756712407041,40.27146449349729,R410A,ice_making,4.58554067895688,2.6545837933832908,1.198748755341781,3.3133254134447667,351.1350585612572,674.9865825910608,COPELAND-ZP91K5E,screw,91,80.0,27.0,GUNTNER-GACV-240,air_cooled,250.0,3,184.7137463273256
226.2965676200307,-18.28745166723383,43.57420072184162,R410A,ice_making,2.135261850530862,6.191318845080674,1.1523645387411243,1.4789608555436353,334.5544373419549,331.27679349579665,COPELAND-ZP91K5E,screw,91,80.0,27.0,GUNTNER-GACV-240,air_cooled,250.0,3,75.20506344076647
446.09867396691357,-8.043783307208745,34.30696171993836,R717,hvac,3.9523377915437683,4.207792505398304,1.1717295150213425,0.41025832889051245,587.2508682337002,574.4394642901221,BITZER-CSH9563-160,screw,1417,500.0,135.0,BAC-VXC-584,evaporative,565.0,4,114.61146731270689
151.85188527184778,-0.12168550494259733,25.051457912981437,R410A,ice_making,7.039240001331189,2.0810334385677507,1.1063404617451869,0.7938258978173761,97.15514062903152,174.06470061728254,COPELAND-ZP91K5E,screw,91,80.0,27.0,GUNTNER-GACV-180,air_cooled,185.0,3,50.80427184667633
281.3804318938335,9.304604274738153,30.221577457293932,R410A,cold_storage,8.792303294397684,1.7824497629707132,1.150917912245406,1.4914769494418973,136.0081790483464,309.46065088915793,COPELAND-ZP91K5E,screw,91,80.0,27.0,GUNTNER-GACV-240,air_cooled,250.0,4,69.46455339715234
689.855186228345,-21.53815182248867,47.1436913247307,R717,ice_making,2.0604325477618834,10.63356482747065,1.1490005468912654,0.6507787679173607,1595.1637127709232,1001.6607542779032,BITZER-CSH9563-160,screw,1417,500.0,135.0,BAC-VXC-584,evaporative,565.0,2,337.18345163973987
531.0246921845204,-30.564452571444,45.41912287977409,R717,process_cooling,1.7304482142161475,15.515017547255336,1.1588927252539012,0.5258876718389593,1916.63487767254,855.9700395776523,BITZER-CSH9563-160,screw,1417,500.0,135.0,BAC-VXC-584,evaporative,565.0,2,271.2396848798865
444.53107493089806,-39.894380072073595,26.745773336797356,R717,cold_storage,1.9602272868688817,14.683064876521648,1.1416011661090137,0.39948999468567475,2275.5038071315676,668.3681997159952,BITZER-CSH9563-160,screw,1417,500.0,135.0,BAC-VXC-584,evaporative,565.0,2,221.29273461033992
428.0213961943147,-0.3977289323199855,28.31499033556502,R717,hvac,6.336229310172295,2.6228429468053855,1.1045123070274,0.3688835222232339,399.22175468080184,493.54677888264774,BITZER-CSH9563-160,screw,1417,500.0,135.0,BAC-VXC-584,evaporative,565.0,2,213.13575640017126
688.7982854961247,0.7025641667959235,47.011264233944615,R410A,cold_storage,3.2360976373708117,3.5019441180673208,1.1848645575286436,4.559523459249585,543.5496027773559,916.3278283554723,COPELAND-ZP91K5E,screw,91,80.0,27.0,GUNTNER-GACV-240,air_cooled,250.0,3,233.33789525515112
353.7351919495543,-18.524412642162535,25.821381907186318,R717,ice_making,3.587798224858698,5.070497865235816,1.18078567096467,0.30205182519910995,653.0462292224199,442.0117024654225,BITZER-CSH9563-160,screw,1417,500.0,135.0,BAC-VXC-584,evaporative,565.0,3,115.22221363030536
114.74081837140507,-11.252427434347304,49.16066064478494,R410A,blast_freezing,2.192141970396509,5.479344014632669,1.1843647163676256,0.7899346384852236,139.65545907347146,166.70808911961936,COPELAND-ZP91K5E,screw,91,80.0,27.0,GUNTNER-GACV-180,air_cooled,185.0,4,28.620891736084456
436.4655298048032,-22.577166620423338,42.33897575667819,R410A,cold_storage,1.9828229665824457,7.0691040930778835,1.1578479853806425,2.7836164058728303,736.3604021799216,640.3310557072447,COPELAND-ZP91K5E,screw,91,80.0,27.0,GUNTNER-GACV-240,air_cooled,250.0,2,212.82911149886618
459.0113986166951,5.832232215788316,25.879006584343262,R410A,process_cooling,9.194342008456024,1.766707550350089,1.1543688384370552,2.407657519474593,244.3052318115858,514.0670480661255,COPELAND-ZP91K5E,screw,91,80.0,27.0,GUNTNER-GACV-240,air_cooled,250.0,2,231.8201729585296
510.410579049278,-6.197312047710035,25.995731377624764,R410A,process_cooling,5.22257818671612,2.602734138796425,1.1237911114158505,2.643053077566472,394.1790324116526,592.7583835580826,COPELAND-ZP91K5E,screw,91,80.0,27.0,GUNTNER-GACV-240,air_cooled,250.0,4,124.37477324801911
396.0183792637885,-24.49333574149176,36.72131381669162,R410A,hvac,2.1776935884620037,6.641832038094371,1.1439389490254896,2.466053202669771,700.7538969891049,583.4642236000088,COPELAND-ZP91K5E,screw,91,80.0,27.0,GUNTNER-GACV-240,air_cooled,250.0,3,133.28391210574736
106.36882262296926,-8.278790077314035,36.28239764618691,R717,hvac,3.7187194469553573,4.494856359832184,1.1136429682502873,0.09661151647798355,139.52257937522677,135.7775919902469,BITZER-6FE-35Y,screw,232,100.0,30.0,BAC-VXC-116,evaporative,105.0,2,53.501673226269894
682.7083593785833,-14.45994861886992,44.620386306456496,R717,ice_making,2.5734941174711174,7.300504242644532,1.1763744336363473,0.6677782324596535,1225.1208577462864,981.5710925257777,BITZER-CSH9563-160,screw,1417,500.0,135.0,BAC-VXC-584,evaporative,565.0,2,353.44502459716216
120.5621479577821,-7.911777659460604,39.135734863494484,R717,blast_freezing,3.490545614618301,4.8001041444699,1.1197049503457788,0.10775313422894028,153.47482041013495,151.6667539351714,BITZER-N320VLD,screw,320,150.0,42.5,BAC-VXC-116,evaporative,105.0,2,58.94603554503753
582.4608433761397,4.054981246007046,47.15568424092105,R410A,blast_freezing,3.5672356301547095,3.1637181525319593,1.1187724101845296,3.7453852051160723,401.6751733821679,740.1949298988686,COPELAND-ZP91K5E,screw,91,80.0,27.0,GUNTNER-GACV-240,air_cooled,250.0,4,144.5321602065925
213.03490364451105,2.996088897601311,42.83238377020237,R717,cold_storage,4.416698315790533,3.504448118422698,1.1611902615780039,0.19187129003139214,184.357660209127,256.21149589341286,BITZER-S6H-25.2,screw,418,190.0,55.0,BAC-VXC-292,evaporative,250.0,4,52.22779710196295
310.53576875144375,-13.037994855130446,41.692796414197375,R410A,process_cooling,2.571869319135666,4.893215679455387,1.1146606070692844,2.0105400416264696,377.9722940434928,441.8516572335503,COPELAND-ZP91K5E,screw,91,80.0,27.0,GUNTNER-GACV-240,air_cooled,250.0,3,106.04948644679637
307.0894816527109,-28.131436524188633,33.58473481549621,R410A,hvac,2.148065715230398,7.098780272898529,1.1378068718960264,1.8224443055786201,595.0228793710022,443.1559152679636,COPELAND-ZP91K5E,screw,91,80.0,27.0,GUNTNER-GACV-240,air_cooled,250.0,4,75.59626403947154
664.0868740381198,-17.69284586002617,39.02944683030593,R717,ice_making,2.6728204830722357,7.194901753061448,1.1255370258496047,0.5966893060056585,1246.8623294561874,886.9354029426761,BITZER-CSH9563-160,screw,1417,500.0,135.0,BAC-VXC-584,evaporative,565.0,2,322.72460947562286
173.7399001637543,-0.9164662374618899,35.72123256413572,R410A,process_cooling,4.462769240094946,2.8091586213029816,1.1582990230634889,0.9998356781340515,125.52507853580887,212.41735229742014,COPELAND-ZP91K5E,screw,91,80.0,27.0,GUNTNER-GACV-240,air_cooled,250.0,3,57.844265684734275
89.3429410624932,-4.218900217004702,49.84078240117118,R410A,process_cooling,2.582438777185784,4.384379558542859,1.114191068724858,0.6303877256241508,88.08591018570245,127.9613917127008,COPELAND-ZP91K5E,screw,91,80.0,27.0,GUNTNER-GACV-120,air_cooled,125.0,4,23.06057971220432
103.3413122447744,3.5257505899735335,38.27037548649522,R717,ice_making,5.1812646673452125,3.030338162490191,1.113797751117122,0.08986715960469661,84.78209167590077,119.19810754196476,BITZER-6FE-35Y,screw,232,100.0,30.0,BAC-VXC-116,evaporative,105.0,3,33.304778027290446
758.7486463814342,-29.69893123518598,37.89815059525563,R410A,cold_storage,1.8623061385151878,8.42512906867109,1.1283038435823756,4.7255621545378315,1640.101377019682,1144.7005347972636,COPELAND-ZP91K5E,screw,91,80.0,27.0,GUNTNER-GACV-240,air_cooled,250.0,2,372.38903344916446
662.0975491861149,-24.6597282904578,37.812673088362516,R717,blast_freezing,2.2968028147830033,9.506399401210478,1.1198994291117903,0.6316079236121604,1769.3767749016392,977.1255430501266,BITZER-CSH9563-160,screw,1417,500.0,135.0,BAC-VXC-584,evaporative,565.0,4,170.18493550861788
218.852167795999,-21.55476460035529,49.95363677882135,R410A,hvac,1.6727672194282517,8.127664452239296,1.126898124785829,1.5532808254207693,395.66941645621483,344.90796173479976,COPELAND-ZP91K5E,screw,91,80.0,27.0,GUNTNER-GACV-240,air_cooled,250.0,4,53.96567347092108
235.37774197949216,-38.631153268795934,31.77404808020566,R410A,hvac,1.737054540060319,10.599130084686609,1.1118981537373092,1.4028710473778214,700.7537682323573,362.24440433528207,COPELAND-ZP91K5E,screw,91,80.0,27.0,GUNTNER-GACV-240,air_cooled,250.0,4,57.4740362269307
408.5076425986263,-29.650453601684767,32.030853707163814,R717,ice_making,2.2803748383092346,10.200924389852501,1.1740880252212607,0.3608764484697878,1261.5653381856537,570.2418110920922,BITZER-CSH9563-160,screw,1417,500.0,135.0,BAC-VXC-584,evaporative,565.0,3,132.1358220591367
669.3181733859797,-6.4929729843058155,49.27957794230146,R410A,cold_storage,2.470682972687677,4.668172350492981,1.16405182370004,4.740136288234319,713.8964119667518,975.9481233987507,COPELAND-ZP91K5E,screw,91,80.0,27.0,GUNTNER-GACV-240,air_cooled,250.0,2,347.3752039127504
764.4353308086983,1.7295761447282203,41.85143076393765,R410A,process_cooling,3.95485728917641,3.000165986873729,1.114138510975987,4.77155375672832,550.5793351594283,977.3822572671631,COPELAND-ZP91K5E,screw,91,80.0,27.0,GUNTNER-GACV-240,air_cooled,250.0,4,195.03121476921672
399.0233196823045,-29.977538145671097,28.527732550207887,R410A,ice_making,2.3203143588949766,6.724547575226842,1.1310362703228038,2.2997725946215084,806.9652390169429,571.5492043810111,COPELAND-ZP91K5E,screw,91,80.0,27.0,GUNTNER-GACV-240,air_cooled,250.0,4,99.85303215247512
126.36288449368476,-19.8834293502299,46.38759448478082,R717,cold_storage,2.1737626434988235,9.679645446315885,1.1633796596789288,0.1233243496950997,282.04292918998436,187.6831286470516,BITZER-N320VLD,screw,320,150.0,42.5,BAC-VXC-292,evaporative,250.0,2,64.2736429429676
277.72268763490945,-13.289368285035277,25.827873031571137,R717,ice_making,4.246862373185582,4.053115196538136,1.1506437632060948,0.24089670992271964,421.97555047952227,342.69988807505877,BITZER-CSH8561-90,screw,856,300.0,82.5,BAC-VXC-438,evaporative,425.0,3,92.46156124333065
678.3411453858289,-3.611512408355317,30.75707209828366,R410A,blast_freezing,4.832759160396522,2.7044615047916114,1.1788307055923268,3.691918682648567,505.7460282447214,807.3051016465672,COPELAND-ZP91K5E,screw,91,80.0,27.0,GUNTNER-GACV-240,air_cooled,250.0,4,167.22407945916547
767.1573283444915,-5.294947873925366,45.479930246858785,R717,blast_freezing,3.213822295518269,5.147568066782345,1.1968394130712336,0.7151292945448197,923.9654875657484,999.5790723242293,BITZER-CSH9563-160,screw,1417,500.0,135.0,BAC-VXC-584,evaporative,565.0,3,254.12157763002884
213.53118830555638,-35.97786489988059,25.285502099824754,R410A,blast_freezing,2.1519476354652056,7.962297228881167,1.122527666398279,1.1821156659113135,528.3825056626193,304.9828985612121,COPELAND-ZP91K5E,screw,91,80.0,27.0,GUNTNER-GACV-240,air_cooled,250.0,3,69.40758575549312
705.0372934436149,-34.265218960970834,39.59798678688361,R410A,process_cooling,1.6075223879360556,10.637978647595911,1.1261489779148546,4.552483986557712,1896.6196058610456,1124.9420235230023,COPELAND-ZP91K5E,screw,91,80.0,27.0,GUNTNER-GACV-240,air_cooled,250.0,3,231.1734051079682
218.8753113178043,-21.120394874930252,43.20966294889518,R717,hvac,2.2470716838699447,9.391786618203428,1.1334395796743966,0.20412257829942956,491.6106452191298,311.5879985546733,BITZER-S6H-25.2,screw,418,190.0,55.0,BAC-VXC-438,evaporative,425.0,3,71.87610219838099
559.4646920576765,-15.72283692453749,26.00217983044465,R410A,process_cooling,3.7361962292666697,3.6280300789615954,1.1878395993281952,2.974552940893766,614.187461762412,695.2357145485486,COPELAND-ZP91K5E,screw,91,80.0,27.0,GUNTNER-GACV-240,air_cooled,250.0,2,274.22185752109306
669.3413734074691,-17.826764373157847,46.63918170439125,R717,ice_making,2.2719260667835526,8.902392928110684,1.1180182102835796,0.6489186827010627,1363.438645513082,975.6267429529532,BITZER-CSH9563-160,screw,1417,500.0,135.0,BAC-VXC-584,evaporative,565.0,2,338.7227864450066
759.3599461735853,-24.885329951313302,44.748914914495955,R717,process_cooling,1.9944461721948668,11.625317330156165,1.1932918092545695,0.7408519749772537,2095.8430890775076,1160.5081418733687,BITZER-CSH9563-160,screw,1417,500.0,135.0,BAC-VXC-584,evaporative,565.0,4,193.2386565212312
621.6176559978339,8.273557404913205,39.753931240606306,R410A,hvac,5.400619185268233,2.3330159256543435,1.1359424603089827,3.674530156532887,345.8182266610117,737.4807439409125,COPELAND-ZP91K5E,screw,91,80.0,27.0,GUNTNER-GACV-240,air_cooled,250.0,4,155.5651312477775
534.3887489480011,-12.15823898882039,36.18677697919574,R717,process_cooling,3.3234643277219678,5.250299828519326,1.1718354891842226,0.48117787000077167,806.3684681457015,690.4572724059558,BITZER-CSH9563-160,screw,1417,500.0,135.0,BAC-VXC-584,evaporative,565.0,2,265.37863397458466
758.326923039883,-35.83240059317006,38.111593593131886,R410A,blast_freezing,1.6048758408152262,10.977128479167115,1.1464943907859415,4.90271427228808,2178.270974653742,1227.2166618433503,COPELAND-ZP91K5E,screw,91,80.0,27.0,GUNTNER-GACV-240,air_cooled,250.0,4,189.02344030933875
176.86014941616756,7.851255434486276,31.67238084754001,R410A,ice_making,7.562222290640478,1.9320668686062752,1.1891376395223776,0.9525159495684298,90.81278491482489,197.79618174966384,COPELAND-ZP91K5E,screw,91,80.0,27.0,GUNTNER-GACV-240,air_cooled,250.0,4,43.673787127260944
355.69953305854057,-21.520443163587142,42.802485380609255,R717,process_cooling,2.2435453952857713,9.456883317880456,1.191581426935937,0.33463555908866266,819.6330789670511,511.75814765769866,BITZER-CSH9563-160,screw,1417,500.0,135.0,BAC-VXC-584,evaporative,565.0,4,88.49518780792708
88.70450595378618,-6.269970745910612,31.756045671273156,R717,ice_making,4.510669922485625,3.6411326502984864,1.1455485859719565,0.07870620825080202,105.42707160574487,108.84820316090293,BITZER-6FE-35Y,screw,232,100.0,30.0,BAC-VXC-116,evaporative,105.0,2,44.54796994019835
739.6097769023988,-3.576598671957534,38.48912266128063,R410A,process_cooling,3.721779406486689,3.2790496161687983,1.1368414242614495,4.3892336564930226,600.585148275066,933.9189886339436,COPELAND-ZP91K5E,screw,91,80.0,27.0,GUNTNER-GACV-240,air_cooled,250.0,4,184.03234035296342
473.5091840561609,-22.693960471002327,37.580874951741954,R717,ice_making,2.4244794812030435,8.629572868166795,1.1652282829224339,0.4512791108117066,1161.7323190143236,689.530051138602,BITZER-CSH9563-160,screw,1417,500.0,135.0,BAC-VXC-584,evaporative,565.0,2,244.0884037756196
335.6287886816398,-24.54832696964919,25.247965785886763,R717,cold_storage,3.041629906746833,6.534402745561799,1.1275727424835273,0.28883532473310325,805.2399908326911,436.976777707364,BITZER-CSH8561-90,screw,856,300.0,82.5,BAC-VXC-584,evaporative,565.0,3,109.61927624049498
495.1805749508402,-13.682367659250946,32.04860568216297,R410A,hvac,3.3194379208488383,3.944141967287202,1.100914291626788,2.8056403721702496,539.3698485159043,638.9945671700225,COPELAND-ZP91K5E,screw,91,80.0,27.0,GUNTNER-GACV-240,air_cooled,250.0,2,245.5299550946819
617.8624876280145,2.8672936315042463,31.565780168199108,R410A,process_cooling,6.049536782871602,2.244290641993291,1.185620362929084,3.3807193821508394,376.33308601589613,717.1609618865389,COPELAND-ZP91K5E,screw,91,80.0,27.0,GUNTNER-GACV-240,air_cooled,250.0,3,205.14310617370464
708.5700459762203,-20.120324224254645,38.4704009440658,R717,process_cooling,2.5406512088547624,7.8811031797925715,1.1990219921360417,0.6642673032887791,1534.2377422053953,1000.7740895165996,BITZER-CSH9563-160,screw,1417,500.0,135.0,BAC-VXC-584,evaporative,565.0,2,359.0607702280978
364.64823328297064,-16.445276210664986,48.4713236754323,R410A,ice_making,1.963807960509844,6.49083089456686,1.1449503963058183,2.510892832215294,531.8609955117083,546.050861430785,COPELAND-ZP91K5E,screw,91,80.0,27.0,GUNTNER-GACV-240,air_cooled,250.0,4,90.45280959571399
428.39158097060107,-34.32266172062185,33.258381252964355,R410A,hvac,1.8600074033328682,9.11319341548626,1.132990129077175,2.6963697760416694,1125.975100570703,677.8072844665445,COPELAND-ZP91K5E,screw,91,80.0,27.0,GUNTNER-GACV-240,air_cooled,250.0,2,220.4061719685674
77.23457218369548,9.83907324132781,28.600391281661693,R410A,ice_making,9.946720433648917,1.6823313064077083,1.197249972816577,0.4133533969049943,37.084633246572324,86.06457833315933,COPELAND-ZP91K5E,screw,91,80.0,27.0,GUNTNER-GACV-120,air_cooled,125.0,4,19.550611187812613
668.0395587018951,9.157709195855865,42.11238272795016,R410A,process_cooling,5.091340408511116,2.4054315219130613,1.1446964394044519,3.914114845820046,358.5334958153066,774.1544306734764,COPELAND-ZP91K5E,screw,91,80.0,27.0,GUNTNER-GACV-240,air_cooled,250.0,4,161.76586231367713
149.43269320462488,-27.860036652855342,49.50493131634792,R717,blast_freezing,1.709952244153426,15.164872375504945,1.190374465800697,0.1479172358453015,477.04824869104243,237.99029328590808,BITZER-S6H-25.2,screw,418,190.0,55.0,BAC-VXC-292,evaporative,250.0,2,75.08472464209422
313.5990133610172,5.214025274048787,46.91981492363748,R717,ice_making,4.21573629195679,3.609425354433846,1.126591873957993,0.28584014000636065,254.504808642527,378.73225841221847,BITZER-CSH8561-90,screw,856,300.0,82.5,BAC-VXC-438,evaporative,425.0,2,153.0594375702358
713.9534431337804,-10.687983584666803,40.66799608948633,R410A,hvac,2.822141579428883,4.395829208657237,1.17143862608203,4.397461421181831,762.6060774859707,959.2340545778383,COPELAND-ZP91K5E,screw,91,80.0,27.0,GUNTNER-GACV-240,air_cooled,250.0,3,236.08878718657817
219.97583166762203,-3.2147302393000956,49.17033264963932,R717,ice_making,3.115709843006601,5.235383056150188,1.1316618281943478,0.21236594836000736,254.282439188334,294.59422972837024,BITZER-CSH8561-90,screw,856,300.0,82.5,BAC-VXC-438,evaporative,425.0,4,55.75406043366204
580.9551131956382,-24.209651877528593,34.03033297324728,R410A,blast_freezing,2.347564498475823,6.142076313726279,1.1698645289533074,3.443011587935365,967.9898979248608,819.8300712958596,COPELAND-ZP91K5E,screw,91,80.0,27.0,GUNTNER-GACV-240,air_cooled,250.0,3,191.64220943647766
696.9083623071476,-14.304116819033805,47.327068085917475,R410A,cold_storage,2.134871226513249,5.849558445477308,1.1844501106101566,4.6649047223833575,916.4412065443391,1008.3222979998166,COPELAND-ZP91K5E,screw,91,80.0,27.0,GUNTNER-GACV-240,air_cooled,250.0,2,343.3375895707511
771.4746339374126,-13.121339859266442,48.042884475288254,R410A,process_cooling,2.1567273479652584,5.702264162682854,1.1178262505076841,5.234823677412366,986.9666848090326,1121.1214261145192,COPELAND-ZP91K5E,screw,91,80.0,27.0,GUNTNER-GACV-240,air_cooled,250.0,4,191.49208765602953
687.0723517879776,-17.39409715294177,47.7504984345898,R410A,cold_storage,1.9560732318980885,6.608876463343793,1.1974897784758407,4.842207926412295,1060.8795026069133,1061.604592200519,COPELAND-ZP91K5E,screw,91,80.0,27.0,GUNTNER-GACV-240,air_cooled,250.0,4,175.61949271552348
422.4000395179465,-6.380712167301752,37.04466101344174,R717,ice_making,3.861563667354899,4.259330512205405,1.1496310874111852,0.3704844649105573,498.31134560788144,515.9698511437157,BITZER-CSH9563-160,screw,1417,500.0,135.0,BAC-VXC-584,evaporative,565.0,2,204.91868120603564
576.9557649404334,-4.679773847754852,40.66125127970881,R717,process_cooling,3.6918395793811194,4.408864822713605,1.1482062185983424,0.5226462569910287,660.1650941403971,724.3943609245217,BITZER-CSH9563-160,screw,1417,500.0,135.0,BAC-VXC-584,evaporative,565.0,2,284.9999160770969
257.2121240470292,-15.266002206423384,49.74658772903541,R410A,process_cooling,1.9530266355716062,6.404774549515389,1.15325919483193,1.7584567400210247,357.29481013301773,377.88543986742144,COPELAND-ZP91K5E,screw,91,80.0,27.0,GUNTNER-GACV-240,air_cooled,250.0,4,62.479992591813414
405.4774973366287,-36.697043301387424,46.1158936024698,R717,hvac,1.493214441128387,21.529287022384654,1.1984671296290883,0.4031121001876655,1961.4660698294879,685.5873570693255,BITZER-CSH9563-160,screw,1417,500.0,135.0,BAC-VXC-584,evaporative,565.0,4,102.65151337801075
537.1972216023877,-20.646761390084755,30.46122430172106,R410A,process_cooling,2.836783598237154,4.891015167669553,1.168859270814192,3.1354669175644583,772.5503480148329,740.9989479057258,COPELAND-ZP91K5E,screw,91,80.0,27.0,GUNTNER-GACV-240,air_cooled,250.0,2,273.9343525519342
536.4736502510758,1.9534276563603115,27.495566675218992,R717,hvac,7.272657080778329,2.3447196590482893,1.135748658604232,0.44734383180638293,445.68656104963685,591.3749116686778,BITZER-CSH9563-160,screw,1417,500.0,135.0,BAC-VXC-584,evaporative,565.0,2,259.9447128501804
465.2978550587966,-8.588956745388646,41.33196359895072,R717,hvac,3.241501854124815,5.241394326422101,1.1471784453360903,0.4289535278694961,626.7832526472727,607.5687225854613,BITZER-CSH9563-160,screw,1417,500.0,135.0,BAC-VXC-584,evaporative,565.0,3,154.77498368129233
623.9662312647093,-28.337871687285414,35.947035225145605,R717,cold_storage,2.1772608746009228,10.723071649748336,1.137468111314357,0.5653711795620628,1862.7905576399912,892.243203045839,BITZER-CSH9563-160,screw,1417,500.0,135.0,BAC-VXC-584,evaporative,565.0,3,203.80723032532612
224.7573645943359,-12.07204708666336,44.014140730130265,R410A,ice_making,2.474838265335462,4.998835354347125,1.1094911610432,1.4366296172493498,261.2276054292429,311.3684771464427,COPELAND-ZP91K5E,screw,91,80.0,27.0,GUNTNER-GACV-240,air_cooled,250.0,3,73.92062239256038
622.5190291189529,3.3339548522288496,44.56714531753774,R717,ice_making,4.246709051729431,3.6279085018656803,1.1294779071741612,0.575287952228984,546.3398852813424,768.0413545443143,BITZER-CSH9563-160,screw,1417,500.0,135.0,BAC-VXC-584,evaporative,565.0,4,155.41400048525475
555.9379675945745,-21.115226254838568,28.354916585187155,R717,ice_making,3.1136563340739842,6.142316191828869,1.1919451374553036,0.5024156408808681,1209.759424980025,749.1617135229822,BITZER-CSH9563-160,screw,1417,500.0,135.0,BAC-VXC-584,evaporative,565.0,3,189.0153126660127
782.314989476355,1.2429877285646427,38.2440315595913,R410A,ice_making,4.405090453784082,2.791138425000713,1.142409099493438,4.640620482436311,543.7949709075162,967.0952458072418,COPELAND-ZP91K5E,screw,91,80.0,27.0,GUNTNER-GACV-240,air_cooled,250.0,4,197.04305004844753
74.44359959267449,-22.722112163447804,41.832220384766785,R717,blast_freezing,2.221630213823714,9.724365820581053,1.1396136365240446,0.07165286088996456,184.67819295661423,110.23071507310931,BITZER-6FE-35Y,screw,232,100.0,30.0,BAC-VXC-116,evaporative,105.0,4,19.00372411201979
675.5536258945682,8.851264018814945,38.60852050386299,R410A,blast_freezing,5.792419576836565,2.2299186502648327,1.1257528099645349,3.8664131602286784,357.49640331501627,777.8609704348761,COPELAND-ZP91K5E,screw,91,80.0,27.0,GUNTNER-GACV-240,air_cooled,250.0,3,221.11399638156158
172.71281476682105,9.861944620759289,34.878928888965476,R410A,cold_storage,7.1447809034427205,1.9732189917084044,1.1218087021237928,0.9534055711693801,85.47669625654304,193.93173180370368,COPELAND-ZP91K5E,screw,91,80.0,27.0,GUNTNER-GACV-240,air_cooled,250.0,2,85.06058974385657
162.0900910619313,-13.323388374698201,44.92798512841274,R717,ice_making,2.631349389807281,7.017460956977684,1.1509199237874912,0.15459570488222102,271.1658283311172,225.84065501909782,BITZER-S6H-25.2,screw,418,190.0,55.0,BAC-VXC-292,evaporative,250.0,4,40.91217932968699
116.716803342959,-13.934359400025716,35.26955568863788,R717,process_cooling,3.230660583273412,5.508254075921041,1.158347648538031,0.10854897845431966,195.04178142738496,157.09542824918526,BITZER-N320VLD,screw,320,150.0,42.5,BAC-VXC-292,evaporative,250.0,3,39.98760933171746
677.9528864272215,-6.924780278448836,39.49841321927431,R410A,blast_freezing,3.2541691263638732,3.7565457382941103,1.1734789290465848,3.9459721710722917,602.8776236190746,849.3650402460587,COPELAND-ZP91K5E,screw,91,80.0,27.0,GUNTNER-GACV-240,air_cooled,250.0,3,216.57009934502864
343.4611024165593,-25.025895946622686,40.99940250357412,R410A,cold_storage,1.9321111281998415,7.529635467693341,1.1775276452642045,2.178675810314805,631.65036375306,509.95400376263166,COPELAND-ZP91K5E,screw,91,80.0,27.0,GUNTNER-GACV-240,air_cooled,250.0,4,84.00839552632834
708.0874904176741,-28.84481297002246,39.23476810150733,R410A,ice_making,1.840599249853153,8.406357202764253,1.1221103446221288,4.675306089673612,1569.3678876137167,1122.9140219284884,COPELAND-ZP91K5E,screw,91,80.0,27.0,GUNTNER-GACV-240,air_cooled,250.0,4,181.9012930562107
211.88620232089553,-22.490078983234632,40.18414798833642,R410A,ice_making,2.098316620692289,6.688863869298574,1.1681590779668114,1.346116453419716,354.9456686529401,311.8146677620253,COPELAND-ZP91K5E,screw,91,80.0,27.0,GUNTNER-GACV-240,air_cooled,250.0,2,105.58732047767731
406.7921444012956,-19.576061849581738,48.393957221471005,R717,cold_storage,2.105886198026492,10.068295435663428,1.1078233410474443,0.38669616496331694,873.1557272281501,589.0120660481674,BITZER-CSH9563-160,screw,1417,500.0,135.0,BAC-VXC-584,evaporative,565.0,2,199.68413220517556
376.29794716711876,-11.752791185112681,34.571795556779975,R410A,ice_making,3.2649068402006978,3.926524406167699,1.1707709264098425,2.197556292024109,395.23130298791693,492.1937983531984,COPELAND-ZP91K5E,screw,91,80.0,27.0,GUNTNER-GACV-240,air_cooled,250.0,2,188.39413839014827
352.6882458366601,-6.9839086635724925,27.507003171064554,R410A,process_cooling,4.796637083473355,2.780922351130813,1.1346096839632134,1.9236599494437945,294.4814453947302,431.0158769476702,COPELAND-ZP91K5E,screw,91,80.0,27.0,GUNTNER-GACV-240,air_cooled,250.0,4,89.16492050310391
764.3129257566628,-20.375906469312902,39.25763688861079,R717,cold_storage,2.4822803089458114,8.148594590575657,1.1265836367351625,0.6812199989822112,1590.2608921964406,1029.1051423684066,BITZER-CSH9563-160,screw,1417,500.0,135.0,BAC-VXC-584,evaporative,565.0,3,244.52630691193096
145.8828003450608,-7.626172985817973,27.29217997182045,R717,cold_storage,4.948377241007504,3.3630892940989474,1.1778579116296513,0.12945619316505036,182.4175370229869,179.23563641754998,BITZER-S6H-25.2,screw,418,190.0,55.0,BAC-VXC-292,evaporative,250.0,4,37.27594552644233
173.62451699230326,-29.530639553405017,45.9840918226338,R717,ice_making,1.753396812673601,14.9775175538623,1.1402474568053278,0.16861706423203193,586.2623329070051,272.8076166155492,BITZER-S6H-25.2,screw,418,190.0,55.0,BAC-VXC-292,evaporative,250.0,3,57.909077161833466
400.90466427638376,-14.57213585554182,36.13083928404568,R410A,cold_storage,2.877587143812596,4.511789815574651,1.189112691306898,2.3904980289791595,474.0430805425917,539.7569300662669,COPELAND-ZP91K5E,screw,91,80.0,27.0,GUNTNER-GACV-240,air_cooled,250.0,4,100.13943885315749
619.5230848632934,4.238663326728819,30.754014520112484,R717,ice_making,7.034630766784718,2.378143054765637,1.1429621321446626,0.5491445741370572,505.52232277724454,720.6872851043032,BITZER-CSH9563-160,screw,1417,500.0,135.0,BAC-VXC-584,evaporative,565.0,3,210.32988721704467
766.9612878240084,-38.741698370545166,26.29491820057936,R410A,process_cooling,1.9621304235762735,9.240105213152765,1.137563861511073,4.4811560249739655,2248.916491244543,1170.832813011926,COPELAND-ZP91K5E,screw,91,80.0,27.0,GUNTNER-GACV-240,air_cooled,250.0,2,387.782837826306
225.2140588392533,-2.829632578084336,29.904874343833935,R410A,cold_storage,5.135530075484777,2.579004337898536,1.130801856150431,1.2227541340511825,163.29395445171625,267.20623550848927,COPELAND-ZP91K5E,screw,91,80.0,27.0,GUNTNER-GACV-240,air_cooled,250.0,3,74.55186658301847
270.40410920621036,-8.500783569592645,43.15211690486073,R410A,blast_freezing,2.7928029406886137,4.327467556955814,1.1453736782617248,1.7149504861369997,276.1913567512645,366.55765296488755,COPELAND-ZP91K5E,screw,91,80.0,27.0,GUNTNER-GACV-240,air_cooled,250.0,2,134.95603477706504
566.6314521548347,2.272853356963374,38.75253665893968,R410A,ice_making,4.48554574799514,2.7360357373798334,1.1640379548589976,3.323886416867928,377.0049216664169,688.0975564145582,COPELAND-ZP91K5E,screw,91,80.0,27.0,GUNTNER-GACV-240,air_cooled,250.0,2,281.32962609137115
45.14790376139267,-16.735769567385038,38.46971010166919,R410A,cold_storage,2.5437784464931945,5.1695792972866395,1.1947991126429394,0.28929164246035494,61.91294100438216,65.48971645840076,COPELAND-ZP61K5E,screw,61,55.0,18.5,GUNTNER-GACV-060,air_cooled,65.0,4,11.752380383618771
675.6678919704659,-12.08952101946517,32.546677777005314,R410A,ice_making,3.43248463306495,3.7753864016014074,1.158911619445874,3.8182539794196884,694.704401553345,862.0092841338029,COPELAND-ZP91K5E,screw,91,80.0,27.0,GUNTNER-GACV-240,air_cooled,250.0,2,333.76693505902114
673.1375377917916,-39.234593705545564,44.58100745347719,R410A,hvac,1.28138279810875,14.913178446130924,1.1921349718318315,4.788750795092812,2454.1799956470854,1199.7166692315855,COPELAND-ZP91K5E,screw,91,80.0,27.0,GUNTNER-GACV-240,air_cooled,250.0,3,224.61469477080394
171.443082380308,-10.229264396886563,48.759772878967624,R410A,hvac,2.2752571911733863,5.2390455337698185,1.1006621955550044,1.1791696594031216,201.32430861511395,248.02193587493628,COPELAND-ZP91K5E,screw,91,80.0,27.0,GUNTNER-GACV-240,air_cooled,250.0,3,57.431997980594566
699.3017431614538,3.9435152667766644,42.095372024655504,R717,ice_making,4.659005270845932,3.3184061589189606,1.131773016004147,0.6168565521391759,573.6407876115343,819.3004073218283,BITZER-CSH9563-160,screw,1417,500.0,135.0,BAC-VXC-584,evaporative,565.0,4,168.63056020568158
488.3170891647253,-29.64379100106325,40.30482963771574,R410A,hvac,1.7602382110013286,8.914539829353977,1.140337227499488,3.1594295660276868,1094.1744193482032,759.5849387828691,COPELAND-ZP91K5E,screw,91,80.0,27.0,GUNTNER-GACV-240,air_cooled,250.0,4,121.09918886870916
538.1231935303521,-22.757676602159265,30.94118287016874,R410A,hvac,2.6422852756734745,5.3675486067603035,1.1278411342251466,3.1732238605211704,845.0652977190126,756.5727141607443,COPELAND-ZP91K5E,screw,91,80.0,27.0,GUNTNER-GACV-240,air_cooled,250.0,2,274.4267391622163
689.942396114373,-36.32720578536142,37.67834369642444,R410A,hvac,1.6025815381480655,11.097902376276888,1.1054352584516318,4.3157349193786185,1957.1877016580638,1084.5449897060428,COPELAND-ZP91K5E,screw,91,80.0,27.0,GUNTNER-GACV-240,air_cooled,250.0,3,222.60868709492422
537.2857301830876,9.866234638311113,43.97815757731853,R717,hvac,5.4010793390934975,2.832457496527466,1.1090279880223293,0.474286017245673,361.3380281450969,612.8914294294924,BITZER-CSH9563-160,screw,1417,500.0,135.0,BAC-VXC-584,evaporative,565.0,3,172.38109706395775
705.4261511765975,4.803689853950253,25.554581408564363,R717,blast_freezing,9.211101201239408,1.9923307805218748,1.1071665911118205,0.594335740046709,536.641525666861,773.8804695817452,BITZER-CSH9563-160,screw,1417,500.0,135.0,BAC-VXC-584,evaporative,565.0,3,232.69743985806704
590.1870176271632,-32.033425747728245,40.370535859647504,R717,process_cooling,1.8325677602653274,14.539226814012148,1.1341145833953656,0.5718641024800837,2230.2094610673616,931.8618649176427,BITZER-CSH9563-160,screw,1417,500.0,135.0,BAC-VXC-584,evaporative,565.0,3,200.96018350370488
101.4723625286759,2.37011272978355,41.618517224140305,R410A,process_cooling,4.071813761182069,2.9240446283951247,1.1897814372151347,0.6162182612574895,69.67905694245064,125.98105045366648,COPELAND-ZP91K5E,screw,91,80.0,27.0,GUNTNER-GACV-120,air_cooled,125.0,2,50.57080159483768
25.009636836877217,-22.856322399447023,44.31181551341583,R717,blast_freezing,2.109325946649246,10.46583741653776,1.1549512328425495,0.024074710085130804,62.40650951540149,37.207092108703165,BITZER-4CC-9.2Y,reciprocating,48,25.0,8.0,BAC-VXC-116,evaporative,105.0,3,8.41360111814928
762.5502629051015,-20.24347397312036,36.438282820571835,R717,blast_freezing,2.6464157551223195,7.482701098110957,1.1817322082034079,0.7093153974152475,1646.7185843004227,1066.1027037754059,BITZER-CSH9563-160,screw,1417,500.0,135.0,BAC-VXC-584,evaporative,565.0,4,193.43316706867773
492.6469613163887,-6.760383339066287,28.65610696190875,R717,ice_making,4.8852214707981485,3.385918487153422,1.1265466514064189,0.43331902044725634,591.1248056351106,598.3977326000316,BITZER-CSH9563-160,screw,1417,500.0,135.0,BAC-VXC-584,evaporative,565.0,2,248.35985067679601
332.6471646128017,-32.88333204778718,31.92932599052538,R717,process_cooling,2.107439173751865,11.926453316810663,1.1330929755438586,0.2942658844728618,1193.9657766823852,474.6914209290059,BITZER-CSH8561-90,screw,856,300.0,82.5,BAC-VXC-584,evaporative,565.0,4,80.48293465885276
51.35001413031846,8.724107317948189,38.907474759078845,R410A,blast_freezing,5.691381703258959,2.25481347291247,1.1497208203864073,0.2978185751381902,27.64422953095908,59.872988190449846,COPELAND-ZP61K5E,screw,61,55.0,18.5,GUNTNER-GACV-060,air_cooled,65.0,2,25.462605827777153
597.1244423759888,-29.17279885433218,34.281399283406145,R410A,blast_freezing,2.057857783398809,7.536970820248861,1.1962109894481343,3.6969092172349822,1256.928296393465,902.1126221939624,COPELAND-ZP91K5E,screw,91,80.0,27.0,GUNTNER-GACV-240,air_cooled,250.0,3,202.36601487951307
298.73613426591555,-7.939226872472361,30.513341694074768,R410A,blast_freezing,4.182025383253529,3.105339794933069,1.1036643064511213,1.68409934012021,266.1623199363651,375.5448428005026,COPELAND-ZP91K5E,screw,91,80.0,27.0,GUNTNER-GACV-240,air_cooled,250.0,3,101.02472482523153
162.1784898560074,-22.16632258930095,42.01395179723046,R717,blast_freezing,2.243685195346501,9.529401808517129,1.1412301869932444,0.1615495968096755,406.65040798656463,247.74630718941523,BITZER-S6H-25.2,screw,418,190.0,55.0,BAC-VXC-292,evaporative,250.0,2,85.6841351990815
211.42952023207113,-8.180490927880022,30.321344723143646,R717,blast_freezing,4.4140616487463635,3.765318738284568,1.1328073582837261,0.189071147250241,272.0381838063421,263.5684274695561,BITZER-S6H-25.2,screw,418,190.0,55.0,BAC-VXC-292,evaporative,250.0,4,53.72155707643007
675.862722092738,6.236076524099232,37.80146393169267,R717,hvac,5.830056537935252,2.7130432951694616,1.1447755001939057,0.6008819206242463,516.7693464177125,786.3130138206357,BITZER-CSH9563-160,screw,1417,500.0,135.0,BAC-VXC-584,evaporative,565.0,3,223.7292034908202
146.36430326925657,3.0719887804593426,40.65434021911026,R717,cold_storage,4.727082269372344,3.2922075238153776,1.1045071404988438,0.1319255150738753,126.42679966100562,175.7564963763139,BITZER-N320VLD,screw,320,150.0,42.5,BAC-VXC-292,evaporative,250.0,3,48.35594453802801
409.82121062041733,-12.667705066342954,31.376790426164703,R410A,blast_freezing,3.492773583436678,3.7400012041761284,1.1993216086608973,2.3550017812021347,437.0984232545938,534.956679513757,COPELAND-ZP91K5E,screw,91,80.0,27.0,GUNTNER-GACV-240,air_cooled,250.0,3,138.6287352187899
538.8695146650917,-26.864700710823676,46.771564993823915,R410A,hvac,1.6040637606824217,9.29015013900885,1.1994715529508433,3.699646468584456,1150.3747874042094,856.8355465484026,COPELAND-ZP91K5E,screw,91,80.0,27.0,GUNTNER-GACV-240,air_cooled,250.0,4,131.94942361190766
120.30300512789131,-28.2943453023653,32.70599306648337,R717,cold_storage,2.3276358026464843,9.745851996223752,1.1089133632107275,0.10891036796033586,358.13928299895304,170.83973861948132,BITZER-N320VLD,screw,320,150.0,42.5,BAC-VXC-292,evaporative,250.0,4,29.875016055634525
158.35306447342302,1.9948158010707928,41.00093552958374,R410A,cold_storage,4.107068684482185,2.914947594814637,1.1400054311293129,0.9362969918040737,107.13448797232361,192.25917222503648,COPELAND-ZP91K5E,screw,91,80.0,27.0,GUNTNER-GACV-240,air_cooled,250.0,4,38.65336822026585
146.73113931353421,2.217609005613369,30.45313897717377,R717,process_cooling,6.515564848863587,2.5371233657319507,1.1811642570019136,0.13006591291884304,128.3963933772489,172.27245304337012,BITZER-S6H-25.2,screw,418,190.0,55.0,BAC-VXC-292,evaporative,250.0,4,37.337590788222954
58.29319756139162,-27.18647011754622,44.542322864053745,R717,blast_freezing,1.898311127865169,12.878762382710985,1.158339443551867,0.057859922963132235,181.09190951120559,91.95892126128399,BITZER-4NES-20Y,screw,134,50.0,15.0,BAC-VXC-116,evaporative,105.0,3,20.076823574763942
480.6351827121251,3.41266441771792,27.406974260282137,R717,hvac,7.828627717891752,2.21686899039736,1.1211937709844262,0.41729793894794764,395.22438200335057,547.8799504641448,BITZER-CSH9563-160,screw,1417,500.0,135.0,BAC-VXC-584,evaporative,565.0,4,121.45568664053374
40.527899235345565,-7.144237730024756,34.48054489965093,R410A,blast_freezing,3.774745837104361,3.343169286477876,1.183006378429817,0.23109740758288175,35.56667399142798,50.7002983740698,COPELAND-ZP61K5E,screw,61,55.0,18.5,GUNTNER-GACV-060,air_cooled,65.0,2,20.040934822148735
301.9198669367731,-13.05276514426799,44.462492883705266,R410A,process_cooling,2.382521351325245,5.230244615742103,1.1462084119603748,2.0231366400028006,380.5348998183967,439.8200860735179,COPELAND-ZP91K5E,screw,91,80.0,27.0,GUNTNER-GACV-240,air_cooled,250.0,4,77.44819891538246
261.3606245086371,-35.38168392929834,33.41490631032846,R717,ice_making,1.9268630884030815,14.133818910923505,1.1002215503999069,0.251611278092932,1149.0704663033932,413.89666900751433,BITZER-CSH8561-90,screw,856,300.0,82.5,BAC-VXC-438,evaporative,425.0,3,90.82786927336838
334.7098728086867,-24.05477088625458,34.61190001433644,R717,cold_storage,2.492986592576956,8.439401909394167,1.1558265494416529,0.3115553836966699,850.2400303727371,477.66966378141126,BITZER-CSH8561-90,screw,856,300.0,82.5,BAC-VXC-584,evaporative,565.0,3,113.63953032995262
354.08540223909,-0.8728535705406983,47.95189812209347,R410A,hvac,3.000789852025273,3.764073907684557,1.154298057139512,2.407792948481457,301.865006335728,485.3345873558043,COPELAND-ZP91K5E,screw,91,80.0,27.0,GUNTNER-GACV-240,air_cooled,250.0,4,91.00622367336547
693.5736120850027,5.349979587380837,48.50734743747873,R717,ice_making,4.050273446087661,3.7453302253079332,1.1026957954864256,0.6409678026284057,568.0657673440222,849.7007243889517,BITZER-CSH9563-160,screw,1417,500.0,135.0,BAC-VXC-584,evaporative,565.0,3,227.15075515895043
284.73717359106615,-12.706770835616751,28.410809478052446,R717,process_cooling,4.01714524556377,4.278339410392327,1.1788344567601166,0.24563591818074793,420.55424153257695,349.69510382203566,BITZER-CSH8561-90,screw,856,300.0,82.5,BAC-VXC-438,evaporative,425.0,4,69.99877195890143
559.066376609261,-37.43025227562722,26.577728769079513,R717,blast_freezing,2.0915624455272304,12.823184068840236,1.1634675388387945,0.4987132873017272,2514.827604548747,820.166684637583,BITZER-CSH9563-160,screw,1417,500.0,135.0,BAC-VXC-584,evaporative,565.0,4,138.71867921852674
24.556547501473595,9.135457428714105,35.11441359198526,R717,ice_making,7.313767145764521,2.2700396648759122,1.100781715875594,0.02230114733171036,17.405588029264486,28.723940670333512,BITZER-4CC-9.2Y,reciprocating,48,25.0,8.0,BAC-VXC-116,evaporative,105.0,4,6.317238920944542
758.5397065107483,-36.42573861592195,34.586146474717985,R410A,hvac,1.7161820664983836,10.32202481029177,1.1542616113266,4.6941273925947415,2137.519063370127,1189.6683770606733,COPELAND-ZP91K5E,screw,91,80.0,27.0,GUNTNER-GACV-240,air_cooled,250.0,2,375.837753840972
332.1685121933699,-23.01060240162803,38.94743676112702,R717,hvac,2.3382091761439403,9.097278933429616,1.1301329058854284,0.3196564005528459,834.0930371085716,490.423932894531,BITZER-CSH8561-90,screw,856,300.0,82.5,BAC-VXC-584,evaporative,565.0,2,171.75582469328566
642.8933528891329,-10.149929034304087,27.615658146702373,R717,cold_storage,4.4789910642346635,3.7596191851626304,1.135745671955026,0.5647647425259491,875.7756253457469,792.4249675170518,BITZER-CSH9563-160,screw,1417,500.0,135.0,BAC-VXC-584,evaporative,565.0,4,161.94881078351875
79.96687093839802,-24.135747292978856,45.84590124078259,R410A,hvac,1.74894148999311,8.161078590884049,1.1825503858467907,0.5371172274234509,150.5902010018916,122.98946101703984,COPELAND-ZP91K5E,screw,91,80.0,27.0,GUNTNER-GACV-120,air_cooled,125.0,4,19.562199849252732
246.46550610774602,-32.85881357010748,42.243163680867184,R410A,process_cooling,1.560360676566169,10.680335310399316,1.1128716821273033,1.6015027333127039,630.2356633026011,389.52742846420995,COPELAND-ZP91K5E,screw,91,80.0,27.0,GUNTNER-GACV-240,air_cooled,250.0,3,79.1299037647892
335.1452687097747,-15.325261645636697,25.508574509213233,R410A,blast_freezing,3.842784281327188,3.5297128618671336,1.1774119549893083,1.755840291700518,357.5071625381671,410.1726154952342,COPELAND-ZP91K5E,screw,91,80.0,27.0,GUNTNER-GACV-240,air_cooled,250.0,4,81.36873273157545
715.852556575749,-21.612532293304717,30.450721600480385,R717,ice_making,2.920387915162898,6.686769566702509,1.1907342524743818,0.6713781088604559,1650.8308492555939,1007.4990775455992,BITZER-CSH9563-160,screw,1417,500.0,135.0,BAC-VXC-584,evaporative,565.0,2,375.25471895549384
372.72859471847573,2.9150809997835267,25.017457616785236,R717,ice_making,8.546573701913292,2.0985143063362,1.1721285308926064,0.3060571190650891,294.89812020024374,401.72123802741186,BITZER-CSH9563-160,screw,1417,500.0,135.0,BAC-VXC-438,evaporative,425.0,3,119.88036321125452
155.6912852935938,6.54727892708739,36.23439570080255,R410A,blast_freezing,5.812121061389908,2.2540629336073468,1.1010071042355294,0.8751133399702938,86.85371024834151,179.5937941865195,COPELAND-ZP91K5E,screw,91,80.0,27.0,GUNTNER-GACV-180,air_cooled,185.0,3,51.07664530521515
550.7251771423805,-27.108264996135237,30.564852582573792,R410A,process_cooling,2.3763639718674496,6.308027210584439,1.1082613404853112,3.3163817022006996,1040.8860483599258,808.5299530626412,COPELAND-ZP91K5E,screw,91,80.0,27.0,GUNTNER-GACV-240,air_cooled,250.0,3,189.6874336458702
135.9112858350943,-1.9309880180846974,47.9390759843014,R410A,process_cooling,2.912732945085113,3.893525072882698,1.1175068385762905,0.907549664647868,117.72349045876602,183.89066335290585,COPELAND-ZP91K5E,screw,91,80.0,27.0,GUNTNER-GACV-180,air_cooled,185.0,2,68.44632651384711
215.4364633175095,-16.114257662308287,37.52140009861222,R717,process_cooling,2.8829990616731918,6.442198669404016,1.1569398629496228,0.20370513812708954,399.2814590726233,299.3980203776528,BITZER-CSH8561-90,screw,856,300.0,82.5,BAC-VXC-438,evaporative,425.0,3,74.0977268777779
605.0232243274154,-20.883899256483442,43.628582913581255,R410A,hvac,1.999804496396839,6.833314648499503,1.1272610178553775,4.050964914299942,1006.8144779672382,919.4059389359361,COPELAND-ZP91K5E,screw,91,80.0,27.0,GUNTNER-GACV-240,air_cooled,250.0,3,204.30577313804756
511.1928357759771,7.204430326027122,32.87147881916634,R717,hvac,7.364914480974811,2.276365869237639,1.12885699392683,0.4516499235280961,375.9560741292536,585.8023788168772,BITZER-CSH9563-160,screw,1417,500.0,135.0,BAC-VXC-584,evaporative,565.0,2,257.8857460258895
625.2123911714634,-18.058875256914046,36.42853671513774,R410A,ice_making,2.5935413483499734,5.161245970892889,1.142831452967684,3.794006649411167,851.2289338911854,870.2541629555346,COPELAND-ZP91K5E,screw,91,80.0,27.0,GUNTNER-GACV-240,air_cooled,250.0,4,157.02060560922914
92.4270178719993,-22.11196354459322,35.77158125466264,R717,ice_making,2.557266578210978,7.984091482370898,1.1510224388655599,0.08132599472715311,204.24116408660407,123.46901075810736,BITZER-6FE-35Y,screw,232,100.0,30.0,BAC-VXC-116,evaporative,105.0,4,22.190013576047015
239.3692223664781,6.3627836325229765,37.23006191126578,R717,hvac,5.981316258090153,2.6576671417465563,1.133977735955339,0.2115886741629555,181.19241880079758,276.5810195812745,BITZER-CSH8561-90,screw,856,300.0,82.5,BAC-VXC-292,evaporative,250.0,3,78.98790084575411
279.47401212260775,-38.50901777004155,41.43185605281863,R410A,process_cooling,1.3999261053315055,13.390568212009093,1.1672964541876365,1.9544677722142434,971.2467045780883,492.16684452535173,COPELAND-ZP91K5E,screw,91,80.0,27.0,GUNTNER-GACV-240,air_cooled,250.0,2,143.54550590100357
269.49537540544134,7.30338875356599,48.7035685971617,R410A,cold_storage,3.7515129024462857,2.970024129915696,1.1516569785959336,1.805731954543306,175.08401950677418,348.5187322550775,COPELAND-ZP91K5E,screw,91,80.0,27.0,GUNTNER-GACV-240,air_cooled,250.0,4,68.79243241273753
761.0700504245003,-33.84673498233236,40.971633540423944,R717,blast_freezing,1.7387943133323767,16.186851426789826,1.1257300641023291,0.7331815349897666,3112.623113988001,1210.8385943345172,BITZER-CSH9563-160,screw,1417,500.0,135.0,BAC-VXC-584,evaporative,565.0,2,384.3660788879253
766.0570744595597,-37.94336972818187,34.62432581793583,R410A,hvac,1.6550521261374436,11.047045060288598,1.1320355773546955,4.883476514168644,2369.5032212450915,1247.971050312266,COPELAND-ZP91K5E,screw,91,80.0,27.0,GUNTNER-GACV-240,air_cooled,250.0,4,194.48367132268993
131.71739905652547,-9.389884040435863,47.56767598646877,R717,blast_freezing,2.7471797739525905,6.403052196436762,1.1729865220681845,0.12831741703883587,193.28548875709708,183.87214184442297,BITZER-N320VLD,screw,320,150.0,42.5,BAC-VXC-292,evaporative,250.0,4,33.70066687082915
612.2139026779142,-5.715736165943234,35.60619444043208,R717,ice_making,4.103789905787432,3.983060728441516,1.143756614065617,0.5548197272893322,728.0678478085758,768.7077935538256,BITZER-CSH9563-160,screw,1417,500.0,135.0,BAC-VXC-584,evaporative,565.0,4,154.5231750286757
